Timepoint,50,69,109,112,117,138,197,200,227,228,237,258,262,289,296,318
0,6.271240204099852,1.6057008281681484,-3.7702785104608996,1.0112315325884362,6.3120597183161,3.8393865925023665,-3.6764292963244745,2.6802858396580347,0.647330785061994,0.048272063441437446,-0.5492278293774114,-4.33442361286684,-0.7896445799025072,-2.492940690432276,-2.4765912109613417,-2.934034282033806
1,3.7721639677882193,0.2953173544475622,-3.4446085842986593,1.2764670238641136,7.254867931602748,2.4312987084725854,-8.233277105454322,2.606561329019697,-0.059217809054119455,2.4233142659982287,-0.20980410808541256,-2.023584875163306,0.286149393848103,-3.0722354357157435,-4.884709830023349,-3.703359445918407
2,-0.5974208657558148,-0.8344598730796478,-1.7050556301639395,0.8978345916293754,6.002436038638864,-1.3762416315235133,-10.267611513120345,2.4683999215301715,-0.37091338144483904,4.058931544983039,1.5138920469199146,0.973241116119941,2.4857447747935364,-4.115696525233132,-5.892433972358703,-3.082040267802878
3,-3.8100595984321375,-1.3575363515614707,-0.022552050194939617,0.14816751545535684,3.291663552010125,-4.7594025103896636,-8.112546253520831,2.824516458730949,0.7543555844374218,3.4641600417350333,3.519188553011617,3.1996283451531724,5.053611563599628,-5.435361458957195,-5.274283907422796,-1.036154286161478
4,-4.178485700258842,-1.6108200997043178,0.5559071766218572,-0.5375807359883377,0.17641912854102615,-5.021686196674758,-2.4855191053542414,3.509372180621875,3.084933385871258,0.7946284208561014,4.054033045121078,4.239719128465913,6.66795740602538,-5.743214380145073,-3.5526106978952883,1.7465731807346982
5,-2.544947323203087,-2.1019160042776046,0.5544225239102096,-0.9340810025200192,-2.5800973339886455,-1.9704793592149246,3.8229138313800886,3.8295604743455587,5.054551280323895,-2.454650734328419,2.370636996631016,4.80335486048313,6.448556746288702,-3.5220071726185935,-1.4233084151893853,4.290546152637457
6,-1.0826961037058096,-2.7527586426464614,1.4054398888368698,-1.1642956176697108,-4.537722297667802,1.8949720094376854,7.773607443655487,3.3072610034754404,4.99499593379316,-4.832480272998108,-0.42946130336995897,5.611576119130318,4.610167924206758,1.3411984238986459,0.6806987794861198,5.741339080003915
7,-1.1440393794041412,-2.878912353845552,3.633469406862734,-1.483793968754061,-5.372099016066436,3.574454040252997,8.052968576979056,2.159429516839354,2.585648603119049,-5.917399043868656,-2.294024214283797,6.310162117630526,2.1775123168270616,6.763645353130996,2.5500773527659475,5.597305220752351
8,-2.298436252314311,-1.9859923346316042,5.872136197600909,-1.93646911076679,-4.9437583803661695,2.117820882002223,5.71012886547673,1.0232261615364175,-0.8043360999433703,-6.030115629677758,-2.0922754302844613,5.66072621068562,0.12286349994710823,9.603169846662453,3.911785821188241,3.8923632721784016
9,-3.236200283353145,-0.5148049416624038,5.925638299177841,-2.232812586578977,-3.6317385770380497,-0.765847564579881,3.0533449586513823,0.26865784863108083,-3.1982090308087496,-5.290493859663789,-0.6753573587174688,2.9266968294836766,-1.1979894696640363,8.03515427697982,4.355246570408344,1.3535666782657172
10,-3.2928404218875444,0.3627043416560302,2.9568042368223812,-1.9854977301208516,-2.4017364441693485,-2.4689039819909167,1.7763493595133841,-0.33060278037661,-3.545358127763657,-3.339865250364403,-0.0717614275200407,-0.9765211917968922,-1.880439614067259,3.152766919551151,3.621524450406432,-0.7493123732177592
11,-2.9648917351204616,-0.18158202467360823,-1.3776718302902398,-1.0906311495167742,-2.2564693404627696,-1.857338229199714,1.819801021746434,-1.2220225020458824,-2.3803158959536135,-0.16510101384911802,-1.5520439495088,-3.910337734271187,-1.998160083261926,-1.7149803408554622,1.938642338742502,-1.296292503843946
12,-3.107804926026326,-1.7357875562345153,-4.070888373437802,0.10474404662192843,-3.4256871227292693,-0.06899234719856835,1.7768492570881727,-2.444983136497046,-1.1429056935166917,3.008237869233076,-4.380921117836537,-4.310862761429128,-1.50994100180738,-3.4877782517884457,-0.001723467819392681,-0.2171219850876438
13,-3.9115531818224833,-2.8920154131693336,-3.1983780634029504,1.0259373012613986,-5.067651583608445,0.8242204445020538,0.35997079418296307,-3.4842640416402566,-0.8960246325652135,4.117699217028413,-6.399834775745703,-2.6567864006392274,-0.628491527799085,-1.535148241924388,-1.4559827185608447,1.239449649568655
14,-4.762501307863456,-2.4766689648513305,0.5795668767004535,1.3205537601095725,-5.845906151069717,-0.15281897446591375,-2.366887561515369,-3.8026954042235097,-1.5959948995517745,1.998598067032779,-5.846014626698787,-1.0698359445006052,-0.026553306181955595,2.1954523961086356,-2.0564442244917154,1.39695513311988
15,-4.944831909812414,-0.5971955849352415,4.711361470521455,1.1677959447939676,-4.911849471157069,-2.0802960531411383,-5.005732917877952,-3.4746368394086233,-2.419078159301553,-2.1438575079378905,-2.726912252063858,-1.297702661789671,-0.36752447763970797,5.023237092435094,-1.8996087461709976,-0.33965029697088317
16,-4.265113543984122,1.518544275743184,6.822626223206711,1.174804235159031,-2.451303121480313,-3.1612983794622234,-6.027326628499854,-3.1889304891228676,-2.655317698153223,-5.220599954113639,1.373719249191231,-3.008476882033135,-1.5229210650575333,5.583614658117295,-1.327177129611373,-2.718959902605808
17,-3.004188803640696,2.722229496640978,6.2360919866698925,1.8968981205291593,0.5770187204151036,-2.414053956812394,-5.1201593230099345,-3.5481288135051727,-2.289193024588324,-4.641403541745949,4.646789719230969,-4.14128137539641,-2.4308015863019703,4.383828059434891,-0.7204087911546231,-3.542538724347218
18,-1.5141221690636415,2.979338914699133,3.8542647286890213,3.31237111686698,3.1125280055944082,-0.43395682002089203,-3.539562989982356,-4.36842501320337,-1.8427804788437874,-0.5846775523358327,6.203944409359766,-3.0612819830297653,-2.0185870692670425,2.7411986406360356,-0.4861965224891901,-1.632567611143692
19,-0.07702241432494843,3.2104414130758974,1.0033424921225984,4.658297614679015,4.434927394762021,1.3172052748577328,-3.1263031997775608,-4.741415521424067,-1.789506488321233,3.9785579816878207,6.1308026555197195,-0.39154075989429,-0.4012546994895472,1.4305929234171553,-1.0485920866858214,1.9067121734723513
20,0.9529738750881873,4.1318184441331836,-1.4302058132227593,4.827979064845511,4.206726875299444,1.8460701745405315,-4.745526695211904,-3.8626097048583783,-2.1388156366267888,5.67011468194745,4.797566379248763,1.4165929107232271,0.9655226225006408,0.3499625597614795,-2.5788653877284378,4.452593464827312
21,1.2609848263172003,5.31322149556897,-3.0155335580181464,3.1450729315603887,2.471708731275502,1.3412147699889208,-7.397418955522301,-1.830063778318857,-2.484182726669114,3.440895993925311,2.4221357623708313,0.5086272968725077,0.5766404263567233,-0.7532675330127988,-4.577481089616194,4.124999842616414
22,1.1210178752931266,5.460249177955347,-3.5272776158796053,-0.0010231019880938793,-0.12361143472102973,0.7997899233993502,-8.770185781659277,0.39442835120778336,-2.3341140895618193,-0.7273081352739977,-0.6608590652760347,-2.3123384074041127,-1.5385546316325232,-1.5577354577183724,-5.830393536519259,1.5032038694934677
23,1.7059803374684774,3.6913392347919136,-3.1156277950266165,-3.186185535971364,-2.1915705253953464,1.1168435672684993,-6.896517865096046,1.85194409756284,-1.3891137458424614,-3.655960904125787,-3.5683036589755694,-4.075613902606056,-3.5984291430778694,-1.365325956259455,-5.108595967292786,-0.8665803135074834
24,4.34941717998053,0.557384482411528,-2.6572101335385603,-4.7675960601145935,-2.1091917131996745,2.473827556937759,-1.6923671708961503,2.435107211533346,0.3696973702070377,-3.571442860744299,-5.087423421817119,-2.4407151765004507,-3.626852822476539,-0.02468290215092046,-2.24313116684556,-0.8015194864613987
25,9.032740965714822,-2.2322926718310905,-3.416880820749082,-3.993070810073789,0.8312193996037592,4.35875140203288,4.7890508389842195,2.8621177263802995,2.6843224445133784,-1.188140491035087,-4.585752482021321,1.818385707331111,-1.3580698865749266,1.4726184181656157,1.3958305315673352,1.4964159494087195
26,13.56945637189425,-3.1743250814428627,-5.807887083165036,-1.5765165887305657,5.504049271672637,5.950725360439531,9.582662472550847,3.76848373522884,5.026068783307224,1.413575453900852,-2.718791576612262,5.183469932306497,1.4299488675719856,1.5084026730486324,3.6941763534396888,3.6328155729594007
27,14.72178308046781,-2.1780764486938313,-8.349128564310611,0.7789480297575357,9.2978987419507,6.487889541220735,10.59412012836047,4.805186134616011,6.67157371781179,2.7540952248807336,-1.0463076188910607,4.526248046361348,2.5741702078004787,-0.8346499425844689,3.4261036537960172,3.252155992601599
28,10.704904481653983,-0.5242097971598787,-8.249092571335542,1.613030319944079,9.78963677883967,5.514683454973574,7.669371041840157,4.701444852508996,6.95495047043097,2.8709764400142834,-0.7107176278723019,0.1804170181419863,1.5696889867827268,-4.763241394289902,1.3562468648375943,0.20960415915639669
29,2.9409742816351354,0.3340308907213402,-3.6705194302322495,0.729106126992355,6.5231689516004625,3.0849644116807524,2.3628072087216165,2.39014764365397,5.629185120393503,2.599035886533421,-1.3629898661175253,-4.024906087751576,-0.05162115840484267,-8.020617380759546,-0.2872968616336584,-3.325419153938733
30,-4.670173151217974,-0.017682782254800713,4.141321734336603,-0.8398991477885369,1.3795691837382678,-0.13149843775496192,-3.1197919269974252,-1.7304515299436294,3.0833111137028055,2.3026706675307516,-1.4286066429408568,-4.020600397175132,-0.3803810085291448,-8.329556017201394,0.32966522246599195,-4.852819474073432
31,-8.477728023781227,-0.815367002605805,11.027976554378244,-1.8605734219025423,-2.8469255063068735,-3.0481492294862043,-6.851508659244705,-5.579949847177455,0.2064639535805991,1.5125528405780442,0.4132396438934284,0.8164660793108833,0.8950583445097225,-5.021703278294631,3.044937022868544,-3.6955411506296474
32,-7.4589588741843516,-1.0716930711890418,12.704705092157582,-1.955105072457852,-4.488538675828949,-4.7148778212878515,-7.513089205311463,-6.619104173230498,-2.0417860356542086,-0.2348211566043412,3.8525193968876237,6.935953431920037,2.2403265032647313,0.33095450477940697,5.828579275179655,-1.3664142566719162
33,-3.3195992768813785,-0.6285547428069757,8.045421708003884,-1.6867525061503108,-3.958296969901402,-4.888041306797513,-4.463350104299926,-3.7070779048984774,-3.0631063677586954,-2.402545461374009,6.969884085588615,9.601674620026769,1.9803867987424568,4.794519624752658,6.588208093103021,0.01642031478348063
34,1.3659119186493067,-0.2845387701928826,0.07626048384467889,-1.6315291649026185,-2.939803909377328,-4.128502651775506,1.9073521186952043,1.8363460544496775,-2.790517911794151,-3.5013357792049646,7.704576859760551,6.958598215121686,0.13030355342704317,5.947797679007054,5.022722845487297,-0.3736594834847491
35,4.932957121729851,-0.912637316556754,-6.240287788978919,-1.4507965129624874,-2.7145918737482893,-3.2907522027937386,9.672932838048554,6.890931202392829,-1.5725676990597204,-2.2686596212942907,5.501584371541465,1.5449229099379544,-1.5959593832924746,3.521996755983148,2.801058247089386,-1.6076989811080604
36,6.8164763686748655,-2.460853550817434,-7.601101536723004,-0.05893102436707908,-3.1800089041078157,-2.827518651636627,15.580222373778842,8.564574457508954,0.053809780488370366,1.1016544831311044,1.716486474655194,-2.058479910313489,-1.5976229196927254,-0.3646469728542226,1.8921423128992318,-2.1793371085156954
37,6.657184778727018,-3.830215344809024,-4.400904811409652,3.1042533647750137,-3.297868040441484,-2.527452750060892,16.569736490537107,6.153422571522625,1.5390486335111357,4.836598185308141,-1.5145119658811799,-1.2606439173939077,-0.07574271721144517,-2.662978755244985,2.635711660366505,-1.4877673854558928
38,3.9577258449334365,-3.7865000667933284,0.24062031981837712,6.926692516821337,-2.3253887128494273,-1.8992258120089247,11.90562371829261,1.575608132701171,2.4297580719767025,6.720933733450854,-2.8880110210504943,2.4442063549381507,1.208346942844598,-1.606957648705159,3.421940427147783,-0.2072029957956851
39,-1.0755265927085509,-2.0849809442023157,3.301469600636668,8.938874872160794,-0.5669288940236463,-0.8031232370438364,4.131563075480208,-2.068812393828442,2.4759887371954212,5.583422550270219,-2.6449356723014867,5.069049940191817,0.8397513295429341,1.9374832826001303,2.3270606507360934,0.5960353048546101
40,-6.690555626841692,0.22761043950470383,3.997666576979053,7.135364876297127,0.9772147116261524,0.2834478056617624,-2.4081189842086976,-2.7376961495335164,1.7351827614967754,2.028672191354395,-1.913792629408853,3.7992945027588894,-0.728814071395259,5.105270904323884,-0.8430649898946285,0.5185423655022653
41,-10.262056602150775,1.6369883061624504,3.637513294049398,1.8126038179846267,1.5676493147991926,0.6069658279755633,-4.6988278355746145,-0.7926744701046693,0.573676664397677,-2.0063011417725334,-1.4778772659766275,-0.6334524760040432,-1.6760894304168397,5.255659570349381,-4.0949991338327525,-0.007053106459282608
42,-10.26917712103862,1.4033487644257334,3.7308684104867877,-4.314537963304133,1.3115509077906609,-0.2368863650730678,-3.29183735401757,1.5361488032105721,-0.5047708401549221,-4.454569100647982,-1.18608007172133,-4.866340094360839,-0.796168148672829,2.035137815475464,-4.9033809389313685,-0.40720268073620824
43,-7.576741515443875,0.13246427895323748,4.269006278813544,-8.023336628637521,0.9113782529647534,-1.9278530344236697,-1.5320031008089736,2.0565412287649356,-1.1239956435573546,-4.301925239113211,-0.48415796100760305,-6.036212042473306,1.1623227028581111,-2.4391725372629507,-2.5025704223290086,-0.6314832308589776
44,-4.443585304457407,-0.8247600135593433,3.670653034205222,-7.9670147794089194,0.9596827491128991,-3.558619177131846,-2.263034089740399,0.3084992895785131,-1.208022755365896,-2.126920547473467,0.6062266085733915,-4.1624028375787585,2.2423154241742864,-5.428558204876525,1.3038585141301156,-1.063031611952192
45,-2.136351155776244,-0.6058937910283896,0.3199114048691808,-5.463204928622255,1.487190454809384,-4.131469489099681,-4.978634299430172,-2.2887352171697115,-0.9433393130828607,0.2571369558572769,1.1767907935147845,-1.7342399195953497,1.3239525584638983,-5.8126460646092895,3.5928549270331858,-1.8696674029710196
46,0.20151836023880884,0.40349641073793363,-5.659090761298919,-3.0232936259620304,2.0762444028815072,-3.080190652639282,-6.235079879254366,-3.8203720336681917,-0.5964857310180347,0.9232305001261776,0.22636350327530386,-1.1480238963151792,-0.6936982492983773,-4.726966564399856,2.7435260900226424,-2.59560092967917
47,3.9387567427295904,0.9757849305431481,-11.837909964407372,-2.0228290475657507,2.2762751840464364,-0.5791516796395226,-3.179903287341637,-3.4959337742705094,-0.36383580493729145,-0.8343937108121766,-2.1532109479664423,-2.5295279316137593,-1.8097196336889612,-4.108363000982042,-0.3186049344111234,-2.481651660936601
48,8.246822422169721,0.2562888020429443,-14.644845115486532,-1.6868509448982252,1.891073480495354,2.4563882960001164,3.066266115392204,-2.115986069566325,-0.3599235548548926,-3.80804625419797,-4.417391333291984,-3.909761849762536,-0.9549953346073196,-4.635953610709735,-3.093816074170172,-1.1911167279600716
49,9.593805886805058,-1.3201565214786608,-11.583218782421477,-0.2824607254504278,0.9863852268228164,4.719834824073679,7.613820618002024,-1.1188284011655731,-0.6846740948832382,-5.509748301874458,-4.586352405767867,-3.3984222281370773,0.9758149305547493,-5.089909685296671,-3.730950245708227,0.7985924068324045
50,4.744393886052645,-2.282172821149741,-3.1081974909332404,2.7257507038663564,-0.22961733727664738,5.168379228456223,5.818063741236662,-1.2111817174836208,-1.4306407817851954,-3.9594437819134236,-1.9102718274020616,-1.1712103413958703,2.099028547577884,-3.7005522656866483,-2.4929064384475352,2.5141872536740513
51,-5.326618809826099,-1.373229011017569,7.15684679259585,5.744591307706059,-1.4889666641970256,3.7037507561001513,-2.3833232267504245,-1.846180783290612,-2.577897223632365,0.5920501387895205,2.266375360708663,0.6138135948743269,1.4149104886337358,-0.06949915553842272,-1.2638467691838742,3.1971747637080994
52,-14.821418479772715,1.2912253096481972,14.2702783181353,6.352856963298995,-2.5181010589412938,1.3853204680536126,-11.887683473988972,-1.900838919964276,-3.874248932320547,5.4951551204284454,5.325420378972698,-0.1526810533775324,-0.378004050395195,4.280798072048596,-1.7047302208840847,2.7835820628000474
53,-17.220180733387288,4.2024140991723185,14.928047471419216,3.649339918445837,-3.130312970767801,-0.15851464453248346,-16.37703195847241,-0.7746898471132705,-4.8474016334876975,7.524389162941041,5.335180026775632,-3.463721225359804,-1.8359727474550407,7.222932813605044,-3.78158174328506,1.828284928106518
54,-10.769056172496997,5.609167863289427,9.585696951177725,-0.6316142565402377,-3.302439261422298,0.14177122156056995,-13.385095173542478,1.1347068869753887,-4.992930961749613,5.417221325855314,2.5561229703146653,-6.979199027313905,-2.2939258205140876,7.804662932695023,-5.891365676154383,1.0484950722201165
55,-0.19993260273566613,4.829294964065243,2.110756306786246,-3.4289761433082315,-3.110364503030164,1.9595460704373027,-5.984053333809154,2.8761795668274557,-4.033099050900254,1.0043774097700793,-0.7957949080613739,-7.849586710478736,-2.275473703022884,6.723258809319565,-6.302927239947021,0.8704665957936155
56,7.201945874639429,2.5941823137848044,-2.9756076851937547,-2.999557919016733,-2.5465321217939914,3.773317370201772,0.28007267320021756,3.7061756212068233,-2.086727452599656,-2.2005131068222363,-2.358075790565107,-4.995950917955453,-2.4776599982298277,5.208996700527413,-4.554366061836481,1.21764036646085
57,7.696220024159321,0.2272462745823127,-3.6723109203423716,-0.4835488706469756,-1.4492392353508825,4.0371665893660165,2.1979528181914207,3.424322049868734,0.33839061483740807,-1.9134308513956704,-1.480096180605905,0.055042120251642006,-2.650428333933857,3.7175914046327985,-1.6801049119234086,1.569612208563191
58,3.736052673883163,-1.4626712332050087,-1.6002490777294736,1.1148047119852007,0.27499500678463296,2.377643297108721,1.0090958441657105,2.1761632796965147,2.5095434350647996,0.9840550708235956,0.4292308331867836,4.3873466855618375,-1.7587512084755346,1.8840081758504468,0.7194741653837263,1.2541198762712567
59,0.891062754392624,-2.507314025764052,-0.16963392587145043,-0.30680928016240394,2.293605503146754,-0.19971618430998514,0.1886845207979194,0.21010445921044602,3.716618240142388,3.24511207941851,1.2913215406780136,5.878301846117941,0.7082046467972838,-0.3922365399982248,1.6373524013906717,-0.09329667116906534
60,2.298224777327134,-3.1405417701984453,-1.4498911511715968,-3.9092546385537656,3.7777045364235784,-2.237538984908828,1.511203000569238,-2.045467830165044,3.539486138528808,2.1749044751828435,0.19341842673052956,4.596657595888798,3.785207594593015,-2.2451202237353263,1.1569886531680822,-2.1129382840598
61,6.097875577383316,-3.0547275953935613,-4.511362499569414,-6.486139676832625,3.862430472950359,-3.003041309187781,3.4598916637792616,-3.8223961230955625,2.0743069059652166,-1.8851922116945126,-1.9593012720013463,2.4489406734683765,5.61011723542343,-2.6011504123892104,0.13205196127295493,-3.7078295797119534
62,8.059109485378633,-1.5247320400449191,-6.6282872659217125,-5.234116720977305,2.350460017120445,-2.844218456621469,3.405419448308185,-4.26457652998598,0.017603101170161947,-5.733865785429631,-3.468182403365327,1.5512043196262626,5.045363612263801,-1.659801288608994,-0.47634890308021566,-3.6449427531102794
63,6.304931182614886,1.5992470034214714,-6.050447654589963,-0.3293020301309459,0.025974486299514116,-2.5038659639721708,1.001604704994016,-3.0951267518348207,-1.5179190858580265,-6.0275427057104976,-3.4885879089462692,2.6949247751575833,2.7000751919720485,-1.2461431417135256,-0.09758640203624963,-1.4843359251758819
64,3.1199982926249503,5.093677321058406,-3.6114212846521205,4.968470926104437,-1.794475419999479,-2.2047685148254166,-0.9901585207048771,-1.0291750399689925,-1.4950252686824295,-2.1625974032959325,-2.7207162903840314,5.004529255228488,0.3262812389681737,-3.2011520517191716,1.2607469394803048,1.8800036349355667
65,2.1015922607137605,6.820087242186344,-1.66091417478116,6.859571805210076,-2.1724672418619906,-1.4979757831510667,0.5010406247018713,0.6911079675743454,0.42054263837017214,3.1746021796223576,-2.523440321647255,6.83139275079434,-0.7491386145002384,-7.178996538051537,3.032633187249303,4.630296762460775
66,3.866302321278132,5.317708393181361,-1.5025351556119813,4.105257821973839,-1.1753683656781584,-0.012747481335008805,5.263510625117121,1.370343383989836,3.4699156096985724,6.191408909080219,-3.3498351143142364,7.018736212816535,-0.5720207278171311,-10.210555799773761,4.280307888737879,5.204490657347733
67,5.002848726281753,1.1746372372311986,-2.0071566231351143,-0.8967935732699848,0.2847436745702238,1.7516404202006997,9.2648196594905,1.4733197998843695,6.012261104905259,4.941482452847109,-4.051585741341114,5.567327643283404,-0.08490379405734332,-8.894186086526938,4.116324669495225,3.362796832439996
68,1.5233564562379167,-3.1748689135804,-0.8542963274665869,-3.96372298946788,1.2127153750324806,2.5498454420238126,8.069814793567742,2.014625394618825,6.386049269563306,0.5635480782005684,-2.789712879710503,3.3669161713157254,0.03604470561528443,-2.448679620708738,2.28511169180274,0.2940521643264716
69,-6.65102866203166,-5.2215343842278745,2.8484301045357316,-2.40002679720356,1.2213767284404609,1.4595835216604065,1.1217562695717918,3.236426466389706,3.992768967431425,-4.004100171974832,1.2020382139436359,1.4105512518895194,-0.09418640592121992,6.2007880985736845,-0.47267140809446573,-2.2914063890319643
70,-14.779134547251921,-4.252889211056458,7.266484460966374,2.936977333633222,0.6347360733773683,-1.094041048649579,-7.247245196879438,4.009607873464885,-0.1195212284265341,-6.437279561134569,6.554095757407183,0.17985396459698677,-0.09463096976928088,12.43198354610375,-2.6941595532000067,-3.3045426143208214
71,-17.053612196445464,-1.7165973693832963,9.27265775726563,8.363070253791404,0.05774976092052984,-3.4121260362359593,-11.213251407991732,2.8246814781113674,-3.7038103023918802,-6.434164915073869,10.372460235264048,-0.4274790155483972,-0.04369887903980587,13.306556542984078,-3.097253971323371,-2.7717119034991335
72,-11.554433149156662,0.17672091992773126,7.292873951884951,10.190950872421237,-0.12455743346567992,-3.7567703431124633,-8.263540835507149,-0.4291309549620277,-4.661152163048998,-5.200331146457444,10.114017430755347,-0.7750494067673792,-0.41763045047612296,9.405179142637976,-1.510789881562814,-1.4573645453526776
73,-1.850894467303386,0.2892522372996489,2.8092191931447226,7.351234262961228,0.06335194081395537,-1.718584656764267,-1.1084015614196527,-3.7594939629106143,-2.4453830599738478,-3.918642697250185,5.339378962303673,-1.1633003784707647,-1.3336877082069607,3.778346351810864,0.9331569572910666,-0.13548496458679438
74,6.039329794858797,-0.7886608504658279,-0.9406083617179724,1.8375711633902854,0.324848486663221,1.457514222096326,4.875079811146829,-4.477305797369857,1.496089085565563,-2.806239457858121,-1.8743376592018084,-1.7303150861154697,-2.134420033004405,-0.6563316092959472,2.5885657631233334,0.832481768220536
75,8.3921617099872,-1.6682969463286208,-1.8203079009075256,-3.1219251463773947,0.33664646224824935,3.840461371042942,6.186379161028736,-1.6578837986055173,4.659128823561045,-1.457010604395457,-8.057041839847352,-2.4911031422030314,-1.9848420314112867,-2.833795271962881,2.5030078277736902,1.4290882304612635
76,6.086036588136967,-1.5925907029841613,-0.5183392934668869,-5.477282408473676,-0.06523679053554168,4.221510427778603,3.671023104570608,2.6792945124601064,5.185532373642835,0.22892363282617617,-10.215975618645466,-3.325318721379286,-0.8853012715050642,-3.268195410140657,1.1026888195425273,1.7314817295717533
77,2.947358968395453,-0.9637725722267182,0.38148915909164827,-5.419109858091357,-0.7900290735639058,2.8198781514448,1.0338814090278032,5.026598590769265,3.0782211215710613,1.6857724214669751,-7.354888129001223,-3.9082821605822504,0.1370752954693592,-2.7712657743106996,-0.1782577439956367,1.8131790361216993
78,2.157311846473469,-0.6344270214717717,-1.0341792909063134,-4.517415973835545,-1.5063353932083963,0.847424647518306,1.1671603994559399,3.368795602729446,0.008448179053815074,2.2478855984068358,-0.9002023147595994,-3.785859406236524,0.04986370041750479,-1.77473334895713,-0.012702367734164,1.7906503639162095
79,3.9592758653828732,-0.9037689601616719,-4.238835512489751,-4.0282301534915765,-1.8314448970543977,-0.5332464874225177,3.7544260866346613,-0.9941811412572861,-2.0916521715239864,1.9179954235356278,6.0893255144191185,-2.716841346465857,-0.9981362548373316,-0.6477257046422789,1.830709555670619,1.7992115457143103
80,6.162348772012271,-1.3325680876351902,-6.793707087504231,-3.9709502815155524,-1.6610483341737763,-0.9490492860229995,6.039494870774514,-4.513588171452284,-2.4720228230928485,1.4232596306850207,10.49995206136194,-1.0705583552835223,-1.7202948736958206,-0.027646964958735875,4.332087653204798,1.843987471481382
81,6.369804855608023,-1.4661476542555467,-6.487935544988829,-3.6138447398024294,-1.3757973437780862,-0.7818289243293052,5.622148793091816,-4.429157543339227,-1.8764745975840698,1.4714341337786863,10.73587957686906,0.1573776185752884,-1.0829301284275192,-0.3330389103053936,5.926199876032769,1.7297207809625261
82,3.8330312566115308,-1.508357695318058,-3.105693264388243,-2.5927650197529375,-1.6130460321053781,-0.6048176555728686,2.5516789463241545,-1.0425973364985304,-1.5847973349925393,2.012928617283976,7.435206220448849,-0.07207246406085124,0.40419049312671024,-0.9922742342948914,5.4990276221791285,1.2316762474375462
83,-0.26336476779901064,-2.0730015174556744,1.5498594195608923,-1.3893774871291709,-2.6403593356301496,-0.6792092465513193,-0.9726134074452144,2.7478649392724037,-2.1710447456332163,2.308477264423312,2.8730180143670037,-2.0010495548413987,1.007299153815847,-0.6511818677186966,3.013608306609094,0.3485684861887747
84,-3.8158650634093925,-3.2463278587827085,5.09054511977162,-0.7093676268999427,-3.85583717528485,-0.8780000828373355,-2.6560352294648117,4.064402262631216,-3.1425447713784656,1.7347910606239472,-0.6023204149210086,-4.688445586732374,-0.44766152267465775,1.3892177032027393,-0.5331392584741116,-0.6896744048608138
85,-5.155440817601406,-4.081466105063073,6.09658566868334,-0.5282982653659868,-4.008727281548819,-0.9533552301846684,-1.915935910183244,2.354451876721884,-3.6919090884015024,0.4833794512151758,-2.031809039080942,-6.527160371793346,-3.1273861410386483,3.926388361006975,-3.6761156435869635,-1.7159966524906156
86,-3.9644264597159165,-3.2831177986647075,4.730621079150647,0.059314814502737616,-2.1481811469471963,-0.8191514265595911,-0.027841954368405638,-0.5547147350091683,-3.6656015516564064,-0.5602256003652979,-2.1464526300739974,-6.355626931961845,-4.692392903488075,4.458496077671381,-5.199053392726928,-2.853833622539412
87,-1.3903568668004411,-0.5499159263605501,2.3247556698379794,1.911894995732941,1.4517765206458804,-0.6147403974335847,1.1732214382495236,-2.3571970745136865,-3.6599522503749835,-0.6014706685316343,-2.3391035090112156,-4.271745685281221,-3.4086083135554106,1.485479069655495,-4.657094975039363,-4.295117833105517
88,0.7022561375911419,2.804665552073524,0.4827568519537089,4.746375190843295,5.277932035368305,-0.5611216274711898,0.743093458952102,-2.15616396696944,-4.115094574547037,0.43137824439380795,-3.2509470405525334,-1.4473538646647668,0.17625377078851065,-3.670246979956116,-2.5041410102695227,-5.773853384355492
89,1.001407353909543,4.756629813850646,0.21596672594355618,7.059006613751399,7.607405619716252,-0.7743600758957424,-0.858251149016144,-0.7473976859136632,-4.421653649711757,1.998373859042039,-4.238189997130682,0.8961506187456326,3.672831634660184,-7.590999129398593,0.20275464916601776,-6.383451404661607
90,-0.2936118190105145,4.30074798240027,1.403146608274466,7.275551962786495,7.730930317070458,-1.183527563435213,-2.3255319213906747,0.5251766666769981,-3.16792445983815,3.5656606997906066,-4.1549232941557905,2.428403145501097,4.982244359599291,-7.661618330308369,2.362919821590185,-5.184956777817024
91,-1.6802197940647603,2.386156462483804,2.812059062733719,5.1001958205086275,6.294326577356065,-1.5871861734951551,-2.525501872585938,0.9338575754020559,0.47374251379758986,4.986805393129153,-2.641277051171777,3.7199474867094002,4.022849387583741,-4.423398812753813,3.34472930746153,-2.2047853084769584
92,-1.722363425562015,1.0986551561616502,2.845761590520477,1.7820844888907077,4.501264256762934,-1.7783310541790793,-1.255299016606656,0.5414664294374617,5.50427604700087,6.252952234693831,-0.6351005003771968,5.355464126836982,2.437430533297036,-1.0088203408356224,3.1489213607273996,1.1953505482762925
93,-0.41532272237997786,1.7846762291386515,0.7371982077310323,-0.9558908565457896,3.0028269991411696,-1.6326082201115244,0.6467604895608615,-0.33482667254774195,9.366842243573107,7.001333080317848,0.39768142923296496,7.051680223312957,1.7581937632563969,-0.14195219414574758,2.155743292570114,3.1777666964819398
94,0.823203409405855,3.849074202976657,-2.6587115518563094,-2.2950416649399648,1.5556609317005337,-1.1039406295768026,1.8313163537367256,-1.4537763924975144,9.761231578901967,6.493141276704753,-0.24243047716897292,7.69391023469435,1.9981081195283628,-1.6724964625854044,0.7107908241823315,2.9206765631277327
95,0.6454180011955591,5.3419106260481675,-5.30300811109196,-2.717015086229877,-0.30455609419188656,-0.17430506785924252,1.2923918181816034,-2.4471161316492056,6.508756851043197,4.2490557133237274,-1.9155713083357784,6.325053614848762,2.0210414778684145,-3.0777518143824167,-1.0711539665609597,1.360792528907421
96,-0.7327673026575492,4.76332159896483,-5.524500308145089,-3.1482833288627163,-2.3893424783638872,1.130447863451132,-0.9606824734833388,-2.6512257224929177,1.772826538046366,0.7302115083060747,-3.2859189450407826,3.1776942498169034,1.0793108975757724,-2.3017781527979033,-3.127127843648195,0.36492716051193314
97,-1.6798984508101757,2.3920819826064372,-3.4385686910612407,-3.829580102748207,-3.780729689645571,2.614333539983969,-3.8691489770101892,-1.5468640592145293,-1.6357189889734465,-2.7214673812975363,-3.4802325040351745,-0.2550068939037522,-0.26620956793751405,0.10034405061176845,-5.12155779350549,1.0038919777645152
98,-0.9133897998012029,-0.05184984135351545,-0.8812040814297376,-4.095668210397127,-3.669967378295221,3.8044442651282897,-5.991905984493483,0.5135873226742995,-2.3929670780618904,-4.770840980089698,-2.6440005689526402,-2.251318822118261,-0.8189352900329707,1.7406969791810427,-6.380758847668767,2.5609929710944326
99,0.976368252818401,-0.9992547862638815,0.22049474558071308,-3.2398672688793653,-2.2293725728804428,4.085633740328665,-6.408501964491026,2.235360969838343,-1.366466907730241,-5.031493402697557,-1.5078023637140263,-2.1242301923662876,-0.17646129844892447,1.1674047700847898,-6.254903493672609,3.2762159284657
100,2.008233077480243,-0.33563869843186084,-0.4200789287830089,-1.4817566090225625,-0.5779149963796794,3.127438062861692,-5.189727910600635,2.355328593108999,-0.38143567214584695,-4.190672178301343,-0.6058247357440394,-0.6309303981552441,0.7260370875263343,-0.44374242969921657,-4.638566723763943,2.1351979191957127
101,0.9372138027674877,0.7392842520026578,-1.2991597508855157,0.04194612807948211,0.15712234804631917,1.302011276088735,-3.1430615321671245,0.8328484368394129,-0.35609010929147944,-3.2483867636876056,-0.007207905155653394,0.7822768345468128,0.5770707705518546,-0.5575258718550737,-2.1743783381115644,-0.0644490226412188
102,-1.271608745593291,1.0116431480427444,-0.7602946145543859,0.3021790551784624,-0.25313910344554175,-0.37532795918969647,-1.1725068760322885,-1.0207635526986498,-0.631902417770869,-2.6772085537025534,0.3277969900622714,1.184916995203324,-0.8960521846294295,1.8492424750008754,0.08812702551484108,-1.462107925938923
103,-2.406357216605773,0.37298624153962545,1.174666991822685,-0.6191202319223722,-1.1386791206282245,-0.9352194010456563,0.15020546079736896,-1.7624168399427282,-0.058927209329060995,-2.330122344035861,0.23538128621668122,0.766293683372954,-2.58702876339869,4.9655961136839215,1.3288821524381638,-0.9845094244871566
104,-1.5537586215596932,-0.27592676090788965,2.6599207249053807,-1.5745039734838193,-1.7443947510507245,-0.29999868584791356,0.5744864312206618,-1.213586193166281,1.389312566625132,-2.0637672835149647,-0.3765663645729714,0.4008668286662259,-3.0918633144693044,5.9094779316202874,1.3879991986788809,0.5478450856896352
105,-0.41679812257106486,-0.11047225559587097,1.821893512771444,-1.4067548580495195,-1.9440503623745926,0.5129533820288695,0.03450337879821262,-0.5550078655544081,2.2312661925701742,-2.2340486330762963,-0.9940445794822783,0.6801564067432505,-2.055831114667049,3.783279727894946,0.6965247514843941,1.1928608337603908
106,-1.6541796659047787,0.6994448508789202,-1.2161051499989735,0.025189167500312037,-2.128639085197842,0.19294429257099377,-1.2380349080539845,-0.9538036190512541,0.8352294519110834,-3.3643515178579495,-0.5602203251055166,1.3218947932569476,-0.42200902041445987,0.7607376893609762,-0.141504396982491,-0.1920505679979015
107,-5.700391835776659,1.1286707890519974,-4.122091368307926,1.810174438195145,-2.4983257363335443,-1.630306363092198,-2.4744880222014887,-2.1524700687119833,-2.76429329522696,-5.267519818858866,1.5766135890182502,1.43446414100547,0.5599639350447155,-0.04852261049074254,-0.7143956120312214,-2.7602238427402814
108,-9.485994039361293,0.28803067407635863,-4.293575415292016,2.873181088714142,-2.643300011979191,-3.848229787849214,-2.5281503805148917,-2.5796315128865994,-6.436559088188088,-6.660689487781924,4.6719806802838875,0.322302096510974,0.4487737907987574,2.18223232205425,-0.866349226674065,-4.382250629039779
109,-8.843774937207883,-1.734297505715978,-1.1949683872928956,2.8482498404642094,-1.9441276908248335,-4.666118407589397,-0.6480107136004793,-0.9729390411000503,-7.500530849174206,-5.953149774323212,6.755329924255776,-1.8988614024848904,-0.23669266123054683,5.026301848632949,-0.5561848920397461,-3.561262785903871
110,-2.5829515957918305,-3.946215302570992,3.076948811913993,2.142230663049925,-0.36653194633814007,-3.1478133477031665,2.7021822661688897,2.141899729833791,-4.955043046043498,-2.680346172828616,6.149267224959155,-4.349683627341317,-0.77065276224976,5.132048299014568,0.2254034192301333,-0.7318109576222993
111,5.816442878359857,-5.273566052275018,5.51940931288759,1.3133754359345156,1.2643440667345383,-0.13051001541044988,5.8835810949589105,4.711572955705617,-0.3964310878138077,1.7687281595051654,3.0562995916971283,-5.971474325012211,-0.9138436345383525,1.5266455167531967,1.3696138788573444,2.2159128943835493
112,10.856647649063515,-5.309041815901026,4.658375891027343,0.5481549352819849,1.8999479600525164,2.395392244882643,7.201522834120994,4.982306844995994,3.223306405810152,4.988475953171635,-0.39260393622534234,-6.14353915127224,-0.8581127353768417,-3.396277354615075,2.5410754400119187,3.610336174207456
113,9.711818416645894,-4.375763899044357,1.5529238926396494,-0.24298534916225834,1.2267956414597703,2.939413474508868,6.205595067842344,3.084452727575186,3.9179203232819857,5.3743599844765075,-1.8762239488726222,-4.927698054554142,-0.7209899879560091,-6.110762757680246,3.251985460072756,3.2422422138345577
114,4.5167275899877914,-3.0381826926720965,-1.34991417346085,-0.985272975672875,-0.016248382771244414,1.6928868742969223,3.9410098991562834,0.7986857687172136,2.067875646850813,3.3413892007130057,-0.8709600392167128,-2.9000211445406165,-0.36080652231981547,-5.11375271904249,3.1287278851727023,2.1417157373456623
115,0.11447432972490787,-1.6639894765814744,-2.295409075119248,-1.3114350975879443,-0.6957302265032962,0.16321286372840405,1.887374967006983,-0.20331585809196295,-0.207859059339737,0.8443352337355262,1.0118654987998514,-0.7963472316942869,0.2649024681178043,-1.952390672713518,2.165413475111127,1.3603188623803288
116,-0.4274933191302877,-0.41658228834921773,-1.3831251944591954,-0.9576026110315344,-0.2806167611545259,-0.32713343600033845,0.6653282751980345,0.18164251283987573,-0.9973161909459337,-0.3435641869994029,1.6834015883219184,0.7963685081137143,0.7756743047966798,0.6050873164406845,0.7597682057879865,1.0859654398003558
117,1.851492383904182,0.5113315597981845,-0.02848897287412472,-0.18694622867235508,0.763590011377256,0.21928717061312483,-0.1494829473703836,0.7494764593674949,-0.07700009163299042,0.0042936397442148505,0.594243214065053,1.6088091368536046,0.6602636927711791,1.146971621231309,-0.4775770562328398,0.8562802419377697
118,3.641502042372639,0.8572086501997342,0.4835682931173461,0.35870526040942025,1.4916014301713434,0.7716368523365855,-0.9778935581742398,0.5281648617115264,1.269619914927207,0.7662565157023127,-0.8980391762692835,1.7215030875200126,-0.05772255563879035,0.3857551864694272,-0.9878002300206572,0.3962697331537443
119,3.1031395986962775,0.5558882494358846,-0.03388168084228537,0.3209084890837819,1.3366755228694325,0.5793824361056177,-1.2559999872361665,-0.15108153223991394,1.709774644141128,0.8989734608748573,-1.1428529085934829,1.4756202762433994,-0.6312345264182575,-0.2763039425920163,-0.4732879509963095,0.035685503009412846
120,1.5174018365116073,-0.034684230894172205,-0.8438704072818208,0.0753929701004851,0.5066825669197427,0.036138900976530317,0.156234443451451,-0.17465317445366005,1.1210649266444859,0.5798248157270847,-0.07602050892134618,1.2835901231916738,-0.281442835581138,-0.4795412046888045,0.9636700763553381,0.2720115831710581
121,1.3334532927435179,-0.32957386331493094,-1.1433402989658608,0.3821248668392027,-0.32918259571178476,0.16068033534360088,3.408518730901775,0.9215659093307821,0.5220121294192398,0.8986322565769856,0.6469042309294533,1.411621920320875,0.8915561799742822,-1.0088180444283146,2.754030683557503,1.0587036678952766
122,3.0210179990300765,-0.04239178545302043,-0.7098255702369275,1.5045660348176075,-0.6255556292586274,1.283240676282513,6.665215695655979,2.2743063880326715,0.8791499869024605,2.4460942256350093,-0.5352028479289742,1.8481882860145373,1.849214257604942,-2.381902447193861,3.968394463509321,1.6838406130109531
123,4.292975667864084,0.49950865092373714,0.10849514368837669,2.72331502527081,-0.2605170224394117,2.431452678257203,7.101386065174521,2.5436802016277062,2.02674278304661,4.311202937108607,-3.2007418535025427,2.3328625318970695,1.6269162562068389,-3.763149613232485,3.7118309419602156,1.4092279312524523
124,2.5461443743722225,0.6625684113614497,0.8211771918885961,2.8525301930649256,0.5666778108084595,2.19650629764211,3.30607854525468,1.3333229075529074,2.7433842704380202,4.63918899200811,-5.026839221635178,2.5171454465281804,0.40160575228324835,-3.580211861655116,1.70132180119399,0.1905029175370169
125,-2.176386976127441,0.20854046906722093,1.1565164447405714,1.3463397014514986,1.5435736957466701,0.24801547167165633,-3.149830269272876,-0.41150447334113877,1.8842200510111093,2.3489649591087565,-3.9141415782564177,2.1568295678770633,-0.5940585472499547,-1.2197077537966625,-1.3737357746064662,-1.2705231788458982
126,-6.935371686288944,-0.3338147150506437,1.114472411285451,-1.0817987152699182,2.316090377671951,-2.122341250148181,-8.668581148263364,-1.4565084607977616,-0.5144783728041095,-1.6128454984285714,-0.10478089916306502,1.246646009108133,-0.3283561873587145,2.075077632495335,-4.109943904913962,-2.154081343409063
127,-8.633135987474368,-0.11610814395302663,0.8035763456123818,-2.980672936817817,2.514535416081384,-3.113844113277798,-10.403220214625508,-1.5729542653027333,-3.1728714051273847,-4.773549997687706,3.841928792357778,0.05685873406336588,0.9085838232810298,4.1345824506888835,-5.231102648563683,-2.1514271310191035
128,-6.83980263700852,1.093719951795879,0.2675547173120968,-3.3654736666373113,1.9318741528255927,-2.1390250592815634,-8.329230373412107,-1.6041368560767488,-4.573471764342171,-5.07531641835084,5.265921785262044,-0.9477173283915309,1.7729824871310722,3.708345079088051,-4.4267413152754305,-1.5057790937738171
129,-3.8262927198639285,2.4217666707284455,-0.5572760594930871,-2.4733893679681738,0.7780079007721864,-0.39990797054576455,-4.749653892533903,-2.252162768260429,-4.111515950303355,-2.566642096620396,3.697406082398482,-1.3176033973580745,1.3045785601210336,1.4083863767502562,-2.497080945894122,-0.5812634379962391
130,-1.9924400503818804,2.488243137027422,-1.701995264298591,-1.3884797085255274,-0.32940317346499515,0.3198047180336957,-1.9155562637390289,-3.0339306157670523,-2.409264303712924,0.6733288351743499,1.0418305873386977,-0.9020876963066196,-0.008012956297666213,-1.0386689662547517,-0.6552216839022003,0.4388959065038981
131,-1.5841245750968274,0.7202368854394767,-2.898852371901178,-0.9572398947943621,-0.8003984584503776,-0.5455772275697038,-0.24172367073133982,-2.714518330697166,-0.6326283466271839,2.320209173337082,-0.4261803050946923,-0.03213639579981961,-0.7428213320470051,-2.290413831518963,0.41638079956173896,1.3887789493827805
132,-1.0476451213543232,-1.8088420593135976,-3.4184396727268145,-1.0608622465296424,-0.6003729411142438,-1.785409603637179,1.2163407512470685,-0.8437087967207557,0.47031491643583007,1.7112633578159326,-0.21137560092370603,0.603799117663239,-0.14325794329920757,-2.137924527547189,0.9254263480007648,1.8138941936830342
133,0.6720584701173581,-2.9499399585232524,-2.330272767902427,-0.8890507375285359,-0.3078983123977106,-1.6812450412345872,2.881498821409403,1.3406779989600182,0.9510987293732611,0.19952962673240643,0.2054112731744457,0.4157839858519228,0.9417464922627677,-1.0569267217814922,1.468428040407598,1.0914653701378083
134,2.6768346111075236,-1.1897841601229002,0.7470502314603981,0.14310262187957984,-0.5455612008060727,0.1833796756356987,3.719432998020037,1.8369019843245808,1.2613105517638175,-0.2958020409054917,-0.8112336447119047,-0.5876266342434021,0.8850731067325703,0.5626921504416637,2.2247719180278365,-0.9466228412249799
135,3.1712878729288394,2.8842678764394782,4.895729740716254,1.7621950219038227,-1.3043467497432626,2.418652545675668,2.430816092157522,-0.13429219932540468,1.6237035105275415,0.8312895385422773,-3.1573530379994956,-1.6922858260020586,-0.9169586210349656,2.5212378477305175,2.6916837955929807,-3.498823118809142
136,1.7304238675412937,6.714658847142584,7.963398024343984,3.050093658130987,-1.880559204371421,3.1430158744764354,-0.5845483591269075,-3.1222690163474334,1.8464641594308664,2.2966724306015025,-4.959610615102522,-1.9587330208062785,-3.1909887204486607,4.324173892310688,2.2401809576153755,-5.069394284044145
137,0.059890290922843495,7.574252712435007,7.800155342246595,3.226032419068347,-1.5642693094131384,1.7814923460451402,-2.912202615851322,-4.597354386197893,1.6875474582352825,2.1706933813866662,-4.40341746032904,-0.9805240323325262,-3.8848301985004134,5.029280352315732,0.9067650197446346,-4.504556406535573
138,0.24756513312458991,4.660601321300149,3.9517778862010196,2.252375053028779,-0.41678263042326813,-0.44681613114676044,-2.181732860286679,-3.251787175081278,1.2631169677039615,-0.208635282891294,-1.55427100867366,0.7077892621169732,-2.1745692537422627,3.929365173727274,-0.4418306162394583,-1.955752107318737
139,2.4020490946678015,-0.23303109902670793,-1.6215860102433484,0.7903096462184103,0.6834910622501111,-1.7733903123668608,1.4677022430815,-0.20537204118935684,0.9842344685554257,-3.4289210382277613,1.6237686646883713,1.9795686388397111,0.6652350854938445,1.421942311142172,-0.8121478752046823,1.1162563166690311
140,4.364583220963294,-4.058971854752779,-5.687806745410157,-0.3465112541214566,0.8349137860094453,-1.5289877669847742,5.19547033339607,2.0839413396622004,1.0835032513774776,-5.091066188516061,3.013777786314321,1.9918292823479116,2.4384628896149336,-1.027038834919887,0.007718238681554794,2.975683525271678
141,3.9398617426936444,-4.795540841246613,-6.067547090255754,-0.7398127340522639,-0.019871691748458934,-0.5489169272591439,6.011159598728461,2.121472954750061,1.3014800498161574,-3.865016785318866,2.1216629165843877,0.8634448889536921,2.066646520750246,-2.0298620675929957,1.2506203478574753,2.8475428986748352
142,1.286171280907897,-2.823185384588309,-3.2630866065657314,-0.5466759030559406,-1.031022290729887,-0.06483951616087391,3.6370283678932265,0.6281598758344588,1.1532480925924427,-0.6825422776714425,0.24506079890458277,-0.4378011091797837,0.452493609563596,-1.476015798743548,1.9085343910194934,1.3532497422851082
143,-1.145412768652806,-0.33877455343739654,0.057180434659683414,-0.2854524467044211,-1.2634614883297748,-0.3797819792909368,0.7618418064265124,-0.40434551327244234,0.5252795454686608,2.031194050013562,-0.9370057464644895,-0.9143250557047048,-0.6108447170505921,-0.5480874739374433,1.681719185775146,-0.1383031644165389
144,-1.1194695202777019,0.5954712003498608,1.3259791548804072,-0.4242899757724022,-0.5884304327255749,-0.7345437712983687,0.33961588041486,0.21122536455330096,-0.09091766437330125,2.4426946720919727,-0.8476905120151669,-0.3562161398298713,-0.2601942783002269,-0.5030877242902559,1.1834859723970295,-0.6173126333252167
145,1.0668498063603273,-0.32110908052060405,0.11685771294914402,-1.0162133467503964,0.23617262881924653,-0.38707055600832485,2.612914830050637,1.7584685802851852,-0.08628022540128824,0.8649915205371892,-0.1951554606996435,0.543488409234992,0.7519088982354741,-1.4552364105039408,1.1948148867487907,-0.07602603516793613
146,2.8920297984606944,-1.6352557375070933,-1.8091240783979654,-1.6071122534078206,0.34893049361122835,0.405732971912049,4.858673367880087,2.4793492798742496,0.5182952725046404,-0.6215552333399562,0.07204084026538793,0.8438597088935917,1.0585806782937783,-2.3854543714544603,1.7431680672243237,0.7282898562438072
147,2.1756498019282633,-1.6294112315583675,-2.353556493177435,-1.5547227912455301,-0.37494496441354136,0.6508508042782633,4.097370134155571,1.3701898114706732,0.9290572474729966,-0.1530740431715603,-0.22329562686009113,0.17638655293527886,0.14983102717045424,-2.3046672218479216,1.980274481922388,1.0380179017210311
148,-0.8139936135723613,0.09932212311220669,-1.0017833655364692,-0.6310920683990106,-1.247098425587455,-0.16619637479283372,0.020226275498888134,-0.9276413503838213,0.35220432132907614,2.1355247019898673,-0.5343106212354573,-0.9802248868330541,-1.2438725793086316,-1.3153687988740526,1.026268319459632,0.6838911454052304
149,-3.823717694228085,2.3311144239594626,0.9457832462846083,0.5662123712460163,-1.468130224855146,-1.3150158774857097,-4.752145059728187,-2.880464354726045,-1.0305261587863208,4.18593129259677,-0.4605390026686744,-1.756216959617378,-2.0857724891165677,-0.4898869905088629,-1.0575753120146691,0.07438977583319441
150,-4.965949987906676,3.3514939907102774,1.8565782182625348,0.909174272962382,-0.8614512266243225,-1.4464560749155875,-7.185815013351694,-3.488842555566838,-1.9859660849964471,3.912405098931281,-0.3293101058325954,-1.6214458577377293,-2.09033800660889,-0.7607440170991634,-3.174425186701119,-0.2753895901159437
151,-4.366095376501863,2.4344535099538906,1.3533838063574297,-0.27940970567842033,0.06034543799175011,-0.023732816310376798,-6.480510516768009,-2.9120783547037528,-1.3535263601360124,1.17460460613476,-0.7831053217748107,-0.7547730926417197,-1.7467391621886645,-1.9956273076018052,-4.1212450176011775,-0.2000881795840177
152,-3.5010855751649403,0.38303007052003096,0.46542248446075096,-2.3452345341224072,0.6590905130142346,1.9646117674789605,-4.298721369636138,-1.8839185675115961,0.6247468243132798,-2.028466642542851,-1.8431824506494585,0.1943711072729593,-1.4755232564133147,-3.1273562583646606,-3.655409521618858,0.043187784340812455
153,-3.26109588604707,-1.24986174773884,0.38459321403714236,-3.4943236953877874,0.7198399336737387,2.8346474882508508,-2.697361893928906,-0.8302068723684275,2.1877721971619675,-3.3541563030080925,-2.559112891846196,0.6575177112626057,-1.0833461445256851,-3.0821058235117897,-2.657806498091668,0.0803755410809888
154,-3.0659763616169444,-1.4739758632698463,1.2538362930969027,-2.194927998711922,0.46850047780425996,1.795038404784901,-2.177310922207822,0.28345648623316694,1.5207009151021476,-2.2227661117591375,-1.7684872989547986,0.5188413526813378,-0.20311647494310053,-1.5602869447214263,-2.241072865612805,-0.2061033902217203
155,-1.952894199696871,-0.5476412983526022,2.2060969081039876,1.313030454831892,0.18000226242692915,-0.30240414361197926,-1.8089772513531874,1.405242757871747,-1.446405701540194,-0.23367700017303045,0.6973861779460901,0.06907699337366975,0.9121682430900957,0.9043386695853302,-2.6926935297995804,-0.5662223359417003
156,-0.14888833812796154,0.4559933440771612,2.424599479248304,4.8857425476799845,-0.09565986226220707,-1.793510491333891,-0.8952716414247994,2.0672452190988944,-4.6899546703084125,0.5033322134243747,3.5724367068289626,-0.30279413460130034,1.3956687029491623,3.3639600187114307,-3.2888663568720222,-0.6217302253751803
157,0.9362602876929137,0.6759950048946971,1.9437575614981208,6.106184759785548,-0.3998178619441095,-1.7452770061845249,0.017218659673116903,1.845492485150891,-5.729221063685368,-0.510484050845076,5.019665126824054,-0.3670609500365194,0.7632232526776151,4.833733476496168,-3.1269085182994605,-0.24115767944723304
158,0.43476732350312747,0.11915452671361546,1.3540987567167573,4.354763559144802,-0.5740491338278894,-0.6625729092225736,-0.021962491861354988,1.0749296236195063,-3.84439546067685,-1.6859763362473505,4.107924672395157,-0.10014514460633075,-0.2407663611398227,4.528655679228582,-2.1054201066307723,0.2930378205756516
159,-0.5921229378535198,-0.5558566749206859,0.9117289234964938,1.378565359956884,-0.2517239462461445,0.25952884321964453,-0.8442373184108101,0.8068885689503268,-0.7692248034155715,-1.009139652709631,1.6105307807844111,0.40528167899436474,-0.1340080799140117,2.2273493645233766,-1.0560126519296318,0.5066659456964876
160,0.0012683339990102328,-0.7785429964776907,0.21708413350045488,-0.3014513809385115,0.791067966587514,0.43808067600316103,-1.0418969897833545,1.810382659105878,0.8943652506276223,1.7936917818122846,-0.5778348103748353,1.0205321909428575,1.7494610383418268,-1.2679024998205048,-0.9063342441432178,0.17994672380117718
161,2.9736801805977637,-0.5671158995978733,-1.1247532691692759,0.2800147305431731,2.3119471899673836,0.36386214574641457,0.3288523101173671,3.6253690450501286,0.10007597475131023,4.769760573808492,-0.9107950823121397,1.6045753125983169,4.28188023770201,-4.162389233463577,-1.7304600805044175,-0.3903094313975209
162,6.288173485103135,-0.3708741550938507,-2.7086331595418156,1.7097243861848577,3.6983128873078703,0.8227567121864408,2.151469432476875,4.818206632803929,-1.6968892698496951,5.477571519605952,0.6660147165910825,2.0232499648111766,5.39487568133104,-4.6622629720158875,-2.6380799315869807,-0.6055429430742031
163,6.649741707398341,-0.5296412898376087,-3.4969691157257152,1.7191915996922558,4.413076953102763,1.837303761974569,1.9086769951128326,4.35854895736434,-2.0101800615130245,3.269669915955125,2.7684503492987687,2.194092214308976,4.1039138613100015,-2.421016817760787,-2.5971327912202105,-0.12182792695735627
164,2.803620587919767,-0.9635494466689966,-2.931684276897616,-0.44383593002588545,4.33046468899964,2.5423317995226506,-1.650422155988955,2.728764586934918,0.19449597338206787,-0.13384655259686745,3.6848414768751026,2.1063911421772312,1.633263661473841,0.8941678035099592,-1.3618535205163063,0.7566271541056349
165,-2.709065369459299,-1.3890673930010033,-1.7455722459747645,-3.204524639237851,3.639636161733306,2.1265503239353616,-6.547825060587014,1.5055689288205223,3.4107791618347414,-2.344553469834518,2.619336362865717,1.7653421148997104,0.31706819700817845,2.7639902321515337,0.3879114851355553,1.2700568999507342
166,-5.4024796115664335,-1.7547553214682396,-1.3804922026007098,-4.282002745024393,2.496476847391862,0.7744315343341484,-8.699879417904711,1.7210824512754028,4.955417611089407,-2.5610974095076138,0.16090969283487544,1.109534740306621,1.2341552353531555,1.9363597216350692,1.7705201359745115,0.8772414975456083
167,-2.8346990471849076,-2.3447613262854223,-2.4326934602974024,-3.110208345515262,0.8824420416789068,-0.4578884360013915,-5.449965436637929,2.688011476598484,3.4578927960478665,-2.1116749149732192,-2.2532051733419216,0.02224065650402934,2.9740700776540283,-0.42344382112579687,2.517493181824684,-0.1944786201117993
168,3.010710028730906,-3.3700978217298565,-3.789856649003923,-1.5284346410887817,-1.146418156634484,-0.7211439172070713,1.8228727807249643,2.6144648488414917,0.08539063576222455,-2.7782833101285016,-3.384445160294378,-1.5189957876019957,2.907583064507639,-1.7860298549636666,3.079173105508089,-1.0814510465923275
169,7.3175369902299,-4.4725657095978795,-3.601654659968672,-1.9272880503474785,-3.1478362803930766,-0.241156751941618,8.689932899862791,0.498809190565034,-2.6027125738932138,-4.690001194736709,-2.9849203924893,-3.276915492613639,-0.20219169401283632,-0.662230856067368,3.9885983405448497,-1.0380147187901076
170,6.614645420903197,-4.756911619309586,-1.3018900414246024,-4.6753809571926,-4.38386610690709,-0.03453872381076868,11.433850822887853,-2.6241735086629263,-2.963814453774468,-6.027715525926988,-1.838197648004946,-4.7653427363304415,-4.843528525350426,1.9268830756789872,5.193042381331325,-0.13307181030893123
171,1.69502866932979,-3.4913713063978444,1.4231184660142642,-7.489496327496763,-4.349221010293279,-0.7790601388184739,9.983068074272797,-4.464894679031874,-1.5054934629204362,-4.90055993820992,-1.092495649220557,-5.491585841391808,-8.037173962423012,3.4097031347666467,6.033385745547712,0.7810849730135885
172,-3.3351964492207538,-0.9030589195657072,1.9908366986697126,-7.507555796324905,-3.242333037348894,-2.059230068980909,7.256370732610205,-3.6261611027937186,-0.009242372115865288,-1.4611582412310173,-1.3837800257782031,-5.2558592141127,-7.990311318711526,2.1883245163304466,5.839650745689869,0.8236982539308064
173,-4.833307788578364,1.735626483499398,-0.4678282080355948,-4.071130307934271,-1.864385256953128,-2.7962712597444046,5.794722313803118,-1.0022769923272885,0.36423706666748057,1.98488803908366,-2.364979332156854,-4.246921680851767,-5.507530913560017,-0.7278373967749732,4.499304040996358,-0.13297061884064854
174,-2.657866067955127,2.9738035456243703,-3.813803989768112,0.5536115442529815,-0.9869513708565917,-2.3873285829923154,5.250393093159769,1.0090470957128626,0.023312754625709597,3.082616392477341,-2.9789966954355385,-2.8426581043502637,-2.8726572108225548,-2.602262332902423,2.4663084563985467,-1.3713371337198816
175,0.17620963947131082,2.354245429446748,-4.462061809286044,3.2561802066951935,-0.778586400529513,-1.3139495394347405,3.2752129580532983,0.7561453459294218,0.14624491681758298,1.648593309923915,-2.2902395326914733,-1.3017572623940867,-1.5104127077628737,-1.5259274302875356,0.3303330093075056,-1.963254613257738
176,0.6008720094982821,0.8582869641378692,-0.6174091178612406,2.914224144408129,-0.8262216335182989,-0.5599053092300892,-1.2892479088190383,-1.1511717778140385,1.1993424448945957,-0.25533322941517583,-0.2573465415219355,0.35670204341864,-0.8848630378724657,1.818718088359705,-1.4952926291897892,-1.487182742226988
177,-1.6835786889951962,0.14510767668689184,5.782971297126298,1.2202474569207629,-0.6749254240127341,-0.4771648550693912,-6.446487940950896,-2.5358726880268048,2.4321519857682135,-0.4811326710541555,2.169340278183282,2.170252550548858,0.35308012184079574,4.823861181608268,-2.6599666067678482,-0.185075273439447
178,-4.152485928856409,1.165273381517833,10.37490745530826,0.8073736697270422,-0.29177373688627073,-0.3578355744842212,-8.531590716701116,-1.8532057122180337,2.8055183687614456,1.0214179297166368,3.740372254320696,3.9412432718152566,2.395492679345003,5.301626740140574,-2.6489624823629856,1.4393789559594794
179,-3.9461067194548938,3.3365053685554784,9.913777238542627,2.662318244026596,0.012329533859923646,0.7639654552918362,-5.739443514990596,0.25914518339069265,2.203306544572115,2.23329266623531,3.8529665956284083,5.165317441607194,3.7406771590366312,3.2300914045103957,-0.9812263737991452,3.0168513061820286
180,-0.4955682344734669,5.028008837984777,4.941058189155971,5.384802007944601,0.04661138797854329,2.877873601158402,-0.11338895493376572,1.5434484794294756,1.524460079774446,1.2642576243625554,2.96276584450759,5.318759700760556,2.72996676478373,0.4017020207058106,2.1316471092402933,4.268366687873534
181,3.957317734452394,4.957790416515086,-0.7835238783641261,6.82894246258199,0.007134371897676489,4.647581306212845,4.068674975330323,0.18804748640640787,1.5672606780228526,-1.5597169618665074,2.0985866851646806,4.290792963331463,-0.48690240554835484,-1.3905068867547172,5.338665950894356,4.7258531023174335
182,6.170071792831788,3.28704483095637,-3.506019266855295,6.2434484978443585,0.2056332616196884,4.422796037927835,3.9806633805279183,-3.579265672909586,2.0044266378422,-3.8799189544894213,1.8986676354897756,2.566259691933527,-3.7073937787411166,-1.7358025993619646,6.6534268398955465,3.7907618318340863
183,4.381644228100777,1.4584926692970106,-2.44304096828128,4.7160406979247655,0.5657883912816153,1.7340394426519037,0.49345619633661963,-7.743363203186738,1.664254697188503,-3.575487658838553,2.0352232084926944,0.9470776228174087,-4.512903177152401,-1.4172689249685833,4.824342736750841,1.3150555676679367
184,-0.457653777129375,0.9463454199270872,0.03570850404320806,3.70301569003708,0.51821391102295,-2.1223281292738965,-2.993725927398268,-10.150204526750665,-0.12430404909186962,-0.8046302363916409,1.5656528405470556,0.004379751729784247,-2.3849531587861152,-1.2484283924315658,0.5074169576913118,-1.8560406548985795
185,-5.4308557913853575,2.039447512056352,0.9005107483871497,3.454895780480216,-0.4632319385943177,-4.97841731862928,-3.7597387914043083,-9.933425839010038,-2.5864749647275045,2.2268935408146104,-0.09777788106123163,-0.28576498881576184,0.9674861712340751,-1.343226087716009,-3.9169827492535116,-4.145073607875737
186,-7.643856849922583,3.6958700319603213,-0.8082903665370664,3.065563083492302,-2.1648109651447,-5.400402532157328,-1.8828427267252608,-7.616687219393881,-4.051687941542553,3.456750605918147,-2.5005255561093045,-0.4069317404809894,3.289348970801718,-1.420043290459684,-5.980779306776822,-4.359873121697654
187,-6.054094880876633,4.494473596563825,-3.399126674776292,1.897440819695207,-3.5403671430239636,-3.6517022902644225,0.43786969787515373,-4.236299872545428,-3.5110082800704907,2.8343478585679107,-4.4054487722213045,-0.7861962238683646,3.7121355820015287,-1.445024789231164,-4.981676438003778,-2.745658263333761
188,-2.0182216972112657,3.7436565092949032,-4.318136428713415,0.554287436483531,-3.47323589771986,-1.2971711604266751,1.2275595074206327,-0.6232530702101556,-1.5936754084041505,2.020158937737986,-4.792082561502577,-1.3640603080314126,3.100994025729934,-1.6638886529952288,-2.4792489805445075,-0.8881703634371063
189,1.71228755655197,1.7866539845350784,-2.432798127652748,0.1628719392641554,-1.7905961172757567,0.0945552354922882,0.28250823433684036,2.5683941237236323,0.05715747533126491,2.384691523719419,-3.690514706241685,-1.6473986203526014,2.746567991791644,-2.02666590154171,-0.943821079172194,-0.36648781236999833
190,2.891865935463172,-0.5828273342129463,1.2123476937173647,0.7851491862584964,0.42039749136829113,0.0539073917536885,-1.2755856171118474,4.574033066728397,0.38547408081498385,3.5071499137882074,-2.091252023531072,-1.1962124711535236,2.9847358899913132,-1.9019015417301228,-1.670848566722125,-1.3033727548206284
191,1.337482640089897,-2.831399713192914,4.522402814694252,0.932906823143418,1.5979423435343492,-0.6478958804779428,-2.439563942809416,4.751438979647662,-0.11647909595263944,3.7399605678771537,-1.036147259134154,-0.07658725466925573,3.1651276671260162,-0.6668987896499623,-3.7448620328307154,-2.201920787905103
192,-0.970559985219286,-4.782167938295894,6.020130265420272,-0.9882845047627647,1.011352280175293,-0.7465513916387503,-3.0214473862382296,3.321631507604922,-0.024640517819410044,2.151062705536927,-0.7569109781660848,1.1696885365717098,2.7500646536709215,1.3885820022012507,-4.932154589646961,-1.3316307654028445
193,-1.4142446999653027,-6.161937226480988,5.547034414275474,-4.7160444959063375,-0.5213792667120367,0.5373153237696553,-3.1330845291371894,1.7216731251070374,1.4962558509449617,-0.2965913153499182,-0.6573222003663843,2.0202833282031416,2.097099720540902,2.9706603071625746,-3.6909109554300086,1.5525803910389637
194,1.1800322535232857,-6.3423177618805555,3.7335097295444735,-7.873071510138547,-1.1817899747536733,2.9457588605908542,-2.4911789838719156,1.8230174436910984,3.808621164334018,-1.6111375724688242,-0.10379925786449923,2.4314452514504796,1.9754163847858275,2.8283169076405468,-0.5286582254618406,4.766850071023903
195,5.5309148187820725,-4.799076132290539,1.1828961786829006,-7.98554392233216,0.40139586916500397,5.327004577562691,-0.6426478743190522,4.412819902363577,5.378903860125799,-0.7669326334826054,0.7944052707216593,2.759962789436,2.4328011341554965,0.9507881540592228,2.4419452250562608,6.006304341529224
196,8.833543001459194,-1.9151422141529288,-1.6949357323683918,-4.896668375528167,3.945355381642642,6.335884240339171,2.131823465623687,8.272784952466425,5.158347335346507,1.2715178455448954,1.2085190254937357,3.184035993165264,2.44595949459767,-1.3691394671372006,3.2887324902042745,4.265820156004446
197,8.912324406435857,0.8274834050792192,-4.269830786386486,-1.0923018277626195,7.53774195567674,5.285207506334382,4.485218329025449,10.847495681361147,3.399852643941077,2.542698303431821,0.40720702791014196,3.23232199566923,0.9205694905333761,-2.7340211738858904,1.7924448971822857,0.6666225225640846
198,5.816151260183408,1.7587256312551949,-5.5365366313330995,0.5272329439481246,8.927739357841867,2.6381900833306005,4.922469976597128,10.101894685312322,1.235721939950563,2.021308666666501,-1.4309643904923062,2.026693801061591,-1.9678300874496715,-2.8606407015664237,-0.5490283069014549,-2.510451636596847
199,1.567656104488728,0.39424845528950986,-4.735757851919273,-0.7135109092724059,7.125518778195748,-0.23544075405198006,3.1655800028712346,6.059477523361382,-0.4013512000920738,0.48201384655902724,-3.2097407517611316,-0.8303147121712537,-4.607108390066719,-2.546151325617518,-1.9143748100847007,-3.6702320334960277
200,-1.5811473873945383,-2.008490849362054,-2.2518208292687247,-2.8239219524239094,3.1071940140368848,-1.976709107431222,0.51779429706852,0.7693958735387576,-1.419028295907366,-0.5223683204210472,-3.7361810594880382,-4.530268617098059,-5.296817214970571,-2.50258180765169,-1.6408737533539535,-2.999317976815846
201,-2.7682871498740638,-3.3808257469985508,0.25410856782096375,-3.299916092801248,-0.8903359209115689,-2.210650779600133,-1.2327006572643213,-3.185151941290027,-2.2981588008554645,-0.39204687410337064,-2.611955009608961,-7.324403583692418,-3.8314906696323305,-2.4539729689274514,-0.5460078011453152,-1.9700498703732165
202,-2.6848851014788333,-2.553932091392804,0.914511895495979,-1.6403885913868452,-2.926489425024816,-1.7731155063685453,-1.293264827633326,-4.353824683612115,-3.4010382154917815,-0.06762287496057756,-0.408797283537228,-7.759467584485686,-1.7150711718730736,-1.5784384119936399,0.028144541084766387,-1.8691924592094826
203,-2.438943569820661,-0.23483423167884615,-0.830292228157138,0.323419799296206,-2.5863291514771327,-1.9060419712965064,-0.2845872114453695,-3.026291411566107,-4.609711349134129,-0.9091511964797974,1.9342678262950987,-5.877507271432447,-0.7514842853921911,0.21505728388870402,-0.5377175930887461,-2.7305312431228757
204,-2.447035551701601,1.6587733875006305,-3.6186560509049626,0.5366723535245636,-1.008632326600971,-3.0491703665725693,0.6652129539577043,-0.6061577706744796,-5.513833940183721,-3.1213246434012807,3.827077774903295,-3.244402074324081,-1.3875964770862914,1.7565641057331647,-1.701402039588429,-3.5136076082607786
205,-2.411371065103091,1.707043445512908,-5.117632333153313,-0.9946097016499491,0.189259246616,-4.330731238518182,1.0225782220239497,1.452289058287677,-5.77132866587258,-5.40413776250339,5.183898140764769,-1.6577249786585033,-2.4193591170681072,1.6667604536988905,-2.382459133639932,-3.177713074703524
206,-2.1400527355476067,0.17819829336503637,-3.8287959373840565,-2.134860663011505,0.14973168820142746,-4.318772891984367,0.96710475751784,2.29813765557973,-5.2581699282796555,-6.1647873380067155,6.016288610726761,-1.637562176407062,-2.293892617985282,-0.0059405291931969775,-1.9600731898844241,-1.5986630030309976
207,-2.085083013944901,-1.3478087697999392,-0.24790412542137685,-0.8190735015756969,-0.796147639863193,-2.417406954903036,0.6146284623351772,1.7484706204972769,-4.043331426865889,-5.002697532710854,6.073688516339324,-2.099759938114056,-0.6789119856050778,-1.429897173206721,-0.7514362918864935,0.40093350461296945
208,-2.915422491671947,-1.4820784828809044,3.5901779049462443,2.7618746137816967,-1.7131759133803977,0.40900378111673863,-0.49720752180710565,0.12130140562198664,-2.424162714174056,-2.9706630282606814,5.0376788517616315,-1.5561886120736033,1.217921655409146,-0.5859203053904432,0.34107325710356234,1.7606398200076112
209,-4.6351493398014165,-0.20233292251427715,5.757429560478717,6.208436852905253,-1.993234817629455,2.351586549062249,-2.878586203123616,-1.8919127704453116,-0.9893520498547811,-1.4454687192944662,3.0782240808176593,0.28911560789400986,1.8076390509621874,2.629223431817123,0.594390657581389,1.9247468888289483
210,-6.323657628263419,1.3351562876074445,5.841843839291591,7.091655292276747,-1.7644545275533756,2.3135474531832574,-6.091226836221408,-3.4306676979911956,-0.4027977586874576,-0.8391216812323938,1.0695917346207788,2.1351444097182783,0.5763528303806738,5.985321201596942,-0.015206904113292695,1.0736322384446795
211,-6.880912343699198,2.00991220312167,4.957442614809876,5.0497214791134715,-1.5162210318740907,0.845877120906688,-8.579906222435225,-3.915933284712465,-0.8437917143786596,-0.4210202106577487,0.04368639316971742,2.358132443714187,-1.5040373549918118,6.8196856408672675,-0.8589726544916629,-0.15245065478278375
212,-6.004690033140091,1.703209528408405,4.458547482776106,1.8124870468769567,-1.4677404069474764,-0.44624101090361706,-8.789006191050321,-3.512639570785196,-1.6065605508310419,0.7087893082868834,0.2848104531226378,0.7859971388950024,-2.8513779399268655,4.519061846775668,-1.1149303467571736,-1.0795194436269782
213,-4.331989674040904,1.1304247095551356,4.584511939532025,-0.640979499985701,-1.3961375273846008,-0.4495495687681454,-6.535580278761619,-3.069182279078584,-1.4845010527560325,2.5822951941768086,0.967272694256448,-0.8068619619213766,-2.5080497503091674,1.1305979066874299,-0.27990987315773963,-1.2837262071851792
214,-2.6003504996546187,0.8863691816460271,4.2634562039538215,-1.7841844276501024,-1.0650370859510296,0.4822127186413583,-3.1889684384903023,-3.3450927602764415,0.14378704990963626,4.263839603110325,0.8134541971889954,-0.12553064754423623,-0.6754158859350381,-0.5740605857968331,1.5261954655399312,-0.6874970384180419
215,-0.8028473981871055,0.8173460705333604,2.225289700690573,-2.4830474979433186,-0.6893764460807318,1.0730346181801909,-0.4107482803210748,-4.119569082597368,2.5080946400622484,4.654850300972813,-0.7405275525993475,3.5113990779390005,1.6749465837129864,0.2708595593805824,3.561115378369577,0.4637737401874303
216,1.6516292188030022,0.3780511320820682,-1.6042062225497038,-3.5383392635636666,-0.8133883773461803,0.5904955688060286,1.2484327924594414,-4.135094648913333,3.903417948189025,3.3641238804832327,-2.9504743374093283,8.317061611385821,3.5168160895641516,1.8705059021817787,4.783676002732245,1.7276135888466957
217,4.8976306385718855,-0.49915538660310954,-5.705635769166939,-4.584726798220974,-1.6533874623109024,-0.3139428098851668,2.445948718692613,-2.1969295724442133,3.2396239573251906,0.9606020187764811,-4.3415703888379,11.333225021474558,4.183305248024239,1.6179694801143238,4.434391834363342,2.698055259263846
218,7.894594797520683,-1.068597554720304,-7.9734108447789,-4.504364730439723,-2.6337713977260577,-0.29206548157112766,3.841646880570766,1.4252650798329054,1.2728319546493752,-1.3629411563185827,-3.9587974443448988,10.766017016638388,3.4171198027097094,-1.2848092860622065,2.6134248266741635,3.243875915176674
219,9.018124100107412,-0.42960359492212574,-7.326420835264242,-2.751129484945063,-2.7370579003632725,1.1841929532402893,5.055488986020858,4.693749280572918,0.17154726401527887,-2.305879879457179,-2.1493841318111846,7.287494461011474,1.386652716152046,-4.988728459477425,0.4252825603634119,3.5533565124516677
220,7.575111056506061,1.461354897064488,-4.601071547968403,-0.04471544540621258,-1.4363502093314469,3.0784003098574044,5.0682002796536,5.194198295081916,1.6005164910401546,-0.9626406607120955,-0.1966208878009679,3.21616395408786,-1.1974261445060805,-6.710037675271077,-0.598001717356965,3.894368251912725
221,4.74555484698369,3.497928968293467,-1.9877892965361044,2.278741343383337,0.7241641322335044,3.6658224114664875,3.665500071460167,2.2433310198156455,5.0606437047858455,2.6244552248826056,0.7735450551663031,0.4562530160741969,-3.146175624728473,-5.291444823869637,0.437729322463274,4.264689506172562
222,2.8361080889518444,4.226481243224254,-1.4361497190364687,3.4369561122627275,2.5681844591009586,2.2093022505239563,2.2143853601826504,-2.1526772795539153,8.148633740353494,7.027385994357748,0.5544879595494138,-0.8743379728221803,-3.327516913333017,-2.179852783850261,2.9874781826138497,4.262119107965086
223,3.3271364857371037,3.021907239338191,-3.2410456793999654,3.587451607648737,3.3653176017924324,-0.25372013398079585,2.6484934433437552,-4.573607162719495,8.608312369567725,9.685997169441972,-0.3262005548237422,-2.0170672686745816,-1.4625586856264567,-0.005487303422497852,5.256777342502028,3.347231622038683
224,5.45155408095855,0.5502602533985218,-5.84219718916144,3.1634878555787007,3.429152968902509,-1.8470908533727461,5.493908590447586,-2.8685369036699595,6.262112643152352,8.233623843251562,-1.3412488272424017,-4.023113396676147,1.4783790792352047,-0.21504343652299474,5.401212991960347,1.3197152804352963
225,6.68465078839889,-1.849699800467211,-6.933657715692997,2.1657889915898276,3.5499508384555054,-1.6167833892188683,8.983815592870249,1.9427512154767388,2.9771474548982635,2.2925006170397157,-2.3549954255199963,-6.712772432318844,3.7646847531685363,-1.9456981127176967,2.8927716319065073,-1.3849361075251214
226,4.835561779336645,-3.2027334914657524,-5.051026211692158,0.40257495751680045,3.827547780268795,-0.37286506666810015,10.37763182383723,6.250931379042174,0.7511522776420185,-5.716312764063934,-3.3049990719590108,-9.036720447256398,4.034464570707169,-2.996172383895942,-1.024414900392294,-3.839769904952504
227,-0.019461140595376493,-3.3913861531125242,-0.5458187148502018,-1.6108079052279356,3.2316090089606715,0.21635165451089078,8.379438112267351,6.592776110297756,-0.12363349241339815,-11.79289488503538,-3.7290540315918417,-10.194535030218184,2.2216185360499052,-1.8145603154918977,-4.184285821616649,-5.120893629795032
228,-5.406778076634957,-2.8175067329516557,4.639978371752228,-2.389886830998688,0.5771527990780689,-0.6486324964270387,4.33678669360491,2.370843316673448,-0.9732050935880772,-13.004896686303836,-2.9336627931360093,-10.18053006377262,-0.4374019557346954,1.288374817797116,-4.996113741705194,-4.807313929627667
229,-8.236321302102162,-1.7995941418328405,8.166453337482508,-0.5972221984881977,-3.9046846100507855,-2.0937263229454572,1.012288883196569,-3.651339652114793,-2.899075396482628,-9.522212635245792,-0.8315984470426371,-9.250079721954618,-2.2954854480382325,4.543352250978351,-3.424231656175107,-3.177555945969975
230,-7.042811641727503,-0.417570885199831,8.656028778295234,3.3520348854637896,-8.051826039134719,-2.4882681598281353,0.07985067546812702,-7.463982803354922,-5.198529223219735,-4.299032456235834,1.4679815957333122,-7.139125960799503,-2.3790735209603673,6.122336794446622,-0.7709662446379661,-1.0331694913317147
231,-2.9625213869489158,1.1307243495195005,6.405370276337459,6.963325419191725,-9.130291750270791,-1.1446298423600614,0.7277302710355911,-6.79787609686977,-5.820991314878046,-0.6327118104769408,2.2236013897387674,-3.1949638720881017,-0.8973970006530484,5.301291068741786,1.3997537272027694,0.7050006266024067
232,1.174285514996602,2.2498602737332996,3.0843526099919316,7.361833400574145,-6.070406647931252,0.9147739402037494,0.6299686182817791,-2.6170672296399347,-3.5092465305909575,0.29864309600160166,0.5632131868855008,2.5061586370985016,1.0659030173378794,2.6822857283907275,2.235842004418373,1.4139887308483439
233,2.812618865760473,2.245847033704199,0.665597599119523,3.7270716321190673,-0.5674567131919193,1.8894523488623756,-1.7555619817787567,1.9183286365709806,0.5523330090370385,-0.15311701156976032,-2.4294028117597186,8.281173077393836,2.3263906249506534,-0.356124382120158,1.781195988524705,1.0244619784070486
234,1.2434627338097646,0.9926672683818103,0.2581933298390778,-1.7852361073573138,4.078266080612173,0.9059489096620774,-5.781514116488727,3.978715417906642,3.383112521718461,0.1139432577633419,-4.27121016283275,11.450287625257216,2.275112810828116,-2.4281394219079186,0.4999408566951752,0.007872300107341839
235,-2.196323048151456,-0.7604629289408557,1.5518779846393411,-5.642573521462204,5.467702963471331,-1.167782008688647,-9.291866858448602,2.9825927332827917,2.700871729288111,1.8231899168776589,-3.052058890742879,10.255801680474852,1.1025815254644207,-2.750469127882804,-1.200248683169484,-0.9163476366585473
236,-5.21692107084852,-1.876696496598394,3.188644068543215,-5.736004357958192,3.790072091415033,-2.550116647366141,-10.523804100090226,0.5420376976069651,-1.0427244451530742,3.825550980934519,0.844202833635181,5.45094515480087,-0.44080494380677526,-1.4586351625621319,-2.9994933529384435,-1.2163264634512634
237,-6.085703527368605,-1.735445121350536,3.777746013698087,-2.9150832889127334,1.2840350942870418,-2.16492234064,-9.3616517501331,-1.1914377336047197,-5.007399045147342,4.487970739957288,4.885043658898862,-0.00910783893971278,-1.5322152315757063,0.4716279930089201,-4.430027859956026,-0.8585857263744385
238,-4.573060939403681,-0.7076403524950289,2.838042239236295,0.031263426882713156,0.11008751335052344,-0.503401571552815,-6.973831080559608,-1.2156741147811867,-6.364598213451532,3.394519029448003,6.391459521801112,-3.0829280143770683,-1.7339431533347005,1.7713610494030374,-4.872037479970604,-0.26405452177929345
239,-1.8464207470417022,0.24815390481976876,1.013342680978526,0.8831594788170388,0.6381478628941945,0.9936479015422458,-4.54006056408439,-0.09195901590742563,-4.541008733796474,1.6635156560437812,4.677789073666381,-2.7983490495149055,-1.1883652947296428,1.6857462902367115,-3.964535104967654,0.06958956222361656
