Timepoint,40,53,78,106,110,111,113,118,120,122,243,285,288,300
0,-8.8369255,-5.7840886,1.3774282,0.856126,-1.9106473,4.6477695,-0.98349607,-1.652194,3.991586,1.8423994,0.9103445,-3.9091818,4.795955,-3.1044085
1,3.1352422,1.3973737,-0.09381311,2.9199164,5.9999366,2.6197734,0.18385947,4.891716,2.3579082,1.2410449,5.052353,-0.71625173,-0.9968577,-2.0377018
2,4.7511888,5.5254984,-2.7791812,-0.9401943,12.0109825,2.663667,2.612933,-5.6213355,-0.29513478,-3.371298,3.72078,-0.31034777,1.9896743,-5.7926087
3,0.57537764,-0.29171413,3.1289704,-0.45558077,-2.3850927,4.0906463,-0.7148434,5.7572684,7.667043,2.596438,4.8547845,4.4210005,7.682446,6.1378937
4,-6.6014533,-0.1251649,-2.1823297,-3.84746,9.477632,-1.1003782,-2.144366,7.7291517,0.111759864,2.7770674,2.621807,-7.58771,0.31254622,-3.806687
5,4.99601,0.6479154,-5.2756505,-5.510467,-10.480119,-3.7574558,-2.7056565,-3.8687966,-4.986247,-3.5356972,2.0288503,-5.760801,1.0059203,-1.3997029
6,0.8964754,6.4618106,0.07621495,-2.836924,7.5953465,7.1473823,1.2820814,0.3919381,6.795042,-0.7289855,0.46089,-0.6317948,1.3291292,2.1867619
7,-11.384515,-1.6438742,-1.6936654,0.3906841,-2.0957856,0.7062576,-2.2783985,-0.4467327,-1.8570213,-0.4934531,-2.916538,-8.98065,-6.280046,-1.9945034
8,-8.570372,3.1247532,-4.731081,-5.6751904,-5.76268,-1.2519747,-10.724159,-0.17368223,2.1124585,-3.7840195,-0.18816246,-10.072566,-3.4748955,-0.28725913
9,-4.3582788,-1.749463,0.55580336,-1.8179954,8.877731,0.3046736,-1.7584405,-0.7723105,4.399003,-2.2490492,0.76796603,-2.5274613,3.0313303,4.166668
10,-3.8622742,-0.27286816,-3.323688,5.379643,6.3763447,4.592357,0.7830569,5.757105,3.024104,2.2162478,0.16042002,1.4143817,7.749184,1.0683323
11,-1.226353,6.676005,-3.9827497,-5.016938,-12.430059,-3.117607,-6.1743064,8.278623,4.9373393,0.73307616,-2.9264235,-1.3292289,-1.2788823,-1.5768623
12,-2.6996052,-4.1430793,-0.11070215,-6.516926,-10.315743,-8.78679,-7.3909216,-9.249834,-1.0512582,-6.6439624,-3.5019474,-0.78015685,-4.219686,-0.5726747
13,-8.608956,-0.3583835,-1.2798297,-0.61562264,-4.9835415,-0.47966304,-10.393923,-1.2171797,2.9564593,1.2520969,-1.695232,-5.4039636,5.4315667,2.2518737
14,-10.74038,-7.9089046,-5.071702,2.41754,8.763274,-8.820793,-13.475754,4.248111,-3.6308906,4.036426,-12.826075,-12.970619,-8.598176,-2.5712962
15,-1.2549679,1.2747319,-3.9591634,-1.6388407,-5.3381405,-2.7629914,-6.444183,-9.9173355,-9.8366165,-3.626447,-2.0222833,-5.3640423,-12.512124,-1.3368326
16,-5.0293694,2.2258227,-1.842882,2.9711688,5.7428126,4.8008766,-1.1392335,-0.8557788,3.5508819,-2.262659,0.23848608,5.328311,-2.6615784,3.6063294
17,-3.1226573,-8.369755,-0.87634015,-2.690911,7.562728,2.796908,0.44491294,4.898866,2.8299446,2.0312371,1.9884607,-4.376983,4.74363,0.6679998
18,2.006284,0.8551727,-3.9624317,-2.644126,-9.065695,-7.295928,-8.040466,-4.2660193,1.227259,2.9602425,1.1254086,2.825369,-12.103638,-1.7551327
19,-0.23220858,-1.3943112,0.88782895,2.4954295,7.4937167,4.053283,-0.73160815,6.2290297,1.4026786,-3.2253468,3.3372447,-2.4367971,1.879821,1.3359548
20,4.6981397,-8.180516,-3.3895836,4.842061,-6.7201495,0.7679074,3.920909,-0.40966186,-7.4490714,-2.1354706,1.1778036,5.849969,6.236051,-1.7642627
21,-1.5939476,1.4666033,-4.2033944,-1.1051097,-0.43824643,-6.1240163,-4.5993004,9.267175,4.1874604,-2.9614093,-3.9747722,0.88926554,-4.0315638,-1.1088771
22,-3.2576883,5.399802,-0.11881458,0.70584565,-3.7017872,-1.5997285,-3.9789343,2.6229386,6.911488,0.6733219,-0.19029531,4.1633086,-4.972312,6.3583627
23,-0.58001214,-1.070956,-3.5031788,0.07652354,1.9520175,0.4990417,4.8296995,2.6240172,6.5058455,1.5989931,2.8233812,0.61304504,-3.6416826,4.997124
24,-0.88365066,-0.74555683,-2.0951707,-3.5140898,-10.509143,-10.48709,-3.37978,1.5922054,5.6309466,-3.0060596,-2.348011,1.8136617,-10.116821,-1.1708742
25,2.196779,5.988397,-4.115695,-5.998311,5.9010735,-10.668774,-7.22509,-3.6317794,0.008737258,-2.6980176,-3.0176442,-2.184144,-7.6227727,1.3453656
26,-2.8117473,3.405048,4.262965,1.8688997,4.785428,7.0396113,6.306663,0.39082193,3.2932668,1.2234966,5.1962266,-2.067739,6.560861,6.3036833
27,-3.8783345,0.0063215266,2.7701852,6.4512153,19.080616,3.364533,3.3025036,1.8050821,-0.9514306,-1.4098102,9.609063,2.961798,14.463282,1.5230556
28,3.6756577,6.0850177,5.378626,-3.623042,-11.312449,-4.751131,3.6141226,-8.581254,-6.5252533,-5.878206,7.8412213,2.6951394,1.3124627,-7.5010095
29,3.278171,1.4967222,5.0857043,7.9808993,14.777894,2.0170176,5.207707,-1.3935516,-6.1356583,3.3449876,11.96406,0.87904525,14.393298,-1.9623874
30,9.657399,2.7536325,7.7301526,4.701038,6.9742694,6.832125,13.616904,-1.1792667,-0.6693604,-2.1042783,8.984606,-2.601278,19.504358,1.4672085
31,4.1996384,0.59134173,5.559828,7.447722,-3.4047596,-2.456977,4.800812,-3.7980459,-8.913734,2.5120976,-0.09886672,9.305552,5.0293365,-7.2587705
32,5.82575,-1.4636056,6.262229,6.4136558,2.801372,1.6385113,6.7234354,-6.7052135,-1.7155973,-4.889058,-3.0396357,0.9267799,5.995678,-4.724597
33,2.002956,-4.15881,4.2841816,1.15567,8.461735,4.2170157,1.841851,7.5799503,6.9069996,-0.043021165,-0.33773452,0.7636317,4.5976276,-1.4809045
34,0.53206986,-1.9691942,1.199666,2.9466872,-5.223664,4.3904004,-7.3022885,1.624576,0.48132306,0.7660602,-2.544668,2.028655,-0.33399194,-3.4202406
35,2.2839503,0.7928692,-0.8473854,0.81850517,8.384415,-4.5714893,-4.1878014,-7.3166857,0.28780037,-4.15464,-4.131992,-2.893957,-2.9182842,-7.9165716
36,8.223297,0.45868325,1.6377354,3.190975,7.710511,1.1591425,3.368973,-7.9324684,-3.0339603,-0.13409086,3.462953,-2.377415,7.3911514,-3.4726017
37,-8.758977,-6.1905956,-4.5078974,-4.739964,-9.756916,-0.9917648,-4.7437677,5.2857046,2.4704638,-3.2459571,-5.2743945,-2.1921918,0.5348582,0.109912746
38,-1.2570305,-5.973438,-7.036592,-8.975262,-1.6899493,-4.2259846,2.3137958,-7.144345,1.141673,1.1846327,-2.0420973,-7.352792,-9.346025,-7.448162
39,-3.1598806,5.8425007,0.24006227,-3.3355987,-2.2900987,-4.750376,1.126295,-11.142862,-0.43288139,-3.3298075,-4.706106,-2.2532425,-11.474207,-0.7979582
40,-2.003405,-0.7987053,-4.3635154,1.840234,8.71848,2.9547307,0.022427637,2.293072,0.9618937,-2.0802562,4.9083576,-4.7272077,-0.97288495,3.4636447
41,-3.7579453,-3.6757264,-7.5151186,-1.4617496,-9.841293,-4.4274273,-2.2828212,-2.2027228,-14.1686735,0.6296895,-7.8048444,-6.2549515,-7.0268745,-6.501156
42,-7.088879,-4.9775157,-3.0046768,-7.007277,-13.229124,-9.094844,-11.796336,-9.760986,-13.87952,-4.7532673,-2.9936433,2.0181818,-10.723634,-3.32949
43,1.3708436,4.329535,2.824897,0.20761946,-2.3066835,-2.1990342,-2.8697999,-5.875969,-1.2631226,-0.14224426,4.503501,2.2264209,1.736196,1.633645
44,-0.67729765,-0.33535582,2.2557642,2.3008296,-6.591872,0.31223157,-0.12541147,-0.80142343,2.035533,1.0626608,1.3610469,0.5095995,-0.37070403,3.2950122
45,-1.6702397,-5.940391,-5.1759915,-2.4155169,4.5921183,-5.4612894,-0.09925746,-3.9331934,-0.015394042,-0.72304624,0.12321861,-2.9515069,-7.109686,0.11024855
46,-7.7969775,2.432114,1.8381623,-5.1871433,-5.696196,-5.9857693,-1.3045877,-10.124658,0.22458282,-2.851479,-4.3101397,-0.53275263,-5.199231,3.3949304
47,-3.2450223,-5.2034783,-1.205599,-2.7609248,-11.941203,-0.28637692,5.0476127,5.6564226,-3.240556,2.402938,1.3525866,0.92754555,0.22591044,-3.036194
48,-8.327823,-5.067688,-2.5627215,-3.3234565,4.994077,-3.5998545,-1.2588499,-1.5194342,0.6624498,-4.1386943,-4.1420956,-1.678608,-5.210442,-6.479123
49,0.59232736,1.6613933,1.5028123,-2.2817588,-3.6091673,-3.1302898,-0.046652734,-8.577112,-7.944946,-3.4466107,2.9994755,-6.030565,0.6106454,-0.42016438
50,6.9101987,3.0209315,4.925941,9.665757,2.2296216,12.468184,6.7536836,4.6574516,2.5307739,3.834076,4.151338,1.3335524,12.929147,3.8180227
51,7.463716,-5.4681764,3.430623,4.327217,3.4395907,-0.124526106,6.9949822,-4.1984334,-0.9042726,2.7319598,-5.048835,4.593514,0.17759468,2.8823688
52,0.18134335,-6.2705297,-0.4584391,-7.060499,-14.656013,-5.5762463,-1.7566979,3.9032445,5.949715,0.6013787,-2.0239289,-1.1445211,-3.8484218,0.5973843
53,-3.4805176,1.8643684,-2.0906968,-1.7814211,2.184925,-2.1278305,-9.95513,6.1479015,6.5240693,-0.08957366,0.9149902,-5.7294507,-1.9665673,1.1648225
54,0.21893485,-3.8025827,0.8511189,-3.5637183,-5.3209085,6.6590667,4.202027,4.8328304,-5.430635,1.6504711,1.5114948,1.3717688,8.175169,-0.9029081
55,3.2793505,-1.9250844,0.86840177,2.7100642,-4.1860433,3.4136217,2.813157,3.76543,-3.5132303,3.9826603,-1.1039141,1.0048239,4.045154,-6.5021706
56,2.780208,0.4005151,-0.7738621,2.6020825,5.283903,-5.4368954,-3.7841878,-0.3172808,-8.059302,-2.0627499,-0.31408226,-0.9595078,5.2602334,-1.3678875
57,7.067053,-7.823283,0.44039205,2.045771,-2.2675188,6.499965,-0.11260449,-3.4473023,9.201719,0.24534094,-0.15799882,2.3081942,4.3750963,4.450284
58,9.785088,0.8680856,-1.2861166,-2.0834317,12.9927025,0.7015111,-1.0721142,10.888466,8.952523,4.317018,-2.9506087,7.470211,-6.2346735,11.020376
59,7.8045683,4.8813596,4.2143354,-0.81221503,7.519779,4.0375323,-0.0581086,2.5679471,4.9564495,0.83073723,0.70287275,6.6123953,-4.863632,2.2323554
60,6.3585305,1.2910075,7.7397146,7.4982977,-6.786115,12.349238,10.576794,1.88639,1.6760825,-0.3183973,6.928925,9.713871,8.387423,-5.916346
61,3.481418,-5.7204432,3.7009144,1.351988,8.174668,1.2541237,6.184959,4.4510384,-3.3984277,1.52537,4.833422,2.9679792,11.778026,-3.227158
62,-1.5534991,2.7143145,0.6113767,-2.3478055,6.111908,1.089183,-0.30510065,2.4614563,-1.8695999,1.6118168,6.173963,2.2222104,3.8987134,1.5040861
63,-2.7753189,8.70303,1.7709945,-1.654532,-2.861528,2.9955132,-1.7387797,-1.9528095,-2.8974743,-0.02017324,2.131086,-0.53764147,-0.4923892,2.05963
64,1.8687536,8.970288,6.3427734,-0.72303206,13.1608305,6.8854346,6.1302238,-4.3279257,2.7196317,-2.0334725,6.2337956,3.055869,8.670695,-1.5485501
65,-4.6863766,-16.254665,1.784442,-4.678192,-4.7076926,4.1749663,3.4300828,5.9538236,-1.0091872,-0.014183014,5.6671004,-3.9554832,3.652389,2.2485971
66,4.002538,1.890033,1.7750956,-3.919695,2.1657643,-0.1941888,1.7016224,8.969799,-2.4158766,1.0844054,0.37526008,1.4144472,0.005712931,-2.6700783
67,-1.1629269,5.7538857,2.9458256,3.0119598,-0.15644246,2.483308,-1.6762687,-1.2579165,4.2154455,-2.83941,1.3756255,3.8996208,0.18822609,1.4831159
68,-4.752975,1.6491394,3.1600978,-1.2275549,0.5786002,4.2005367,2.7492561,1.1437669,3.631826,-1.4870833,2.4296048,-7.1330223,-0.7907022,6.0518365
69,-3.7308488,2.049414,1.2321254,-5.136105,2.230586,-0.60757476,7.8417926,13.279671,1.2072629,-2.1317203,1.0007292,-8.224977,0.5816779,-1.231268
70,2.8216214,3.654601,4.257298,4.968281,-5.333621,0.3339829,6.488653,-6.30385,0.7382337,1.3033676,7.407705,-2.8916678,9.969309,-1.9206052
71,4.687307,7.722971,5.738552,6.3665414,8.419569,5.574887,7.7071276,-6.5969887,-2.941011,-0.51024574,-4.0780134,4.6283374,6.9476504,-3.404371
72,5.211238,1.6238312,4.08645,10.072056,0.8839213,2.951074,8.357775,4.6438603,-0.0060578506,1.5631832,0.33055344,8.858453,4.8516235,0.29704183
73,-3.4749696,-2.920288,2.5706031,5.4161196,10.051872,-7.1825023,-3.6700714,6.485706,5.3861475,-0.3463703,-2.712772,-6.783923,-0.96588373,2.281429
74,-10.264219,-0.52165556,-3.9954634,-5.199598,-4.031251,-3.7968988,0.1337863,-3.4072242,2.7917373,-1.5534089,0.6562381,0.73278505,0.47814634,13.37922
75,1.5204868,4.309859,-0.41046757,1.6086558,8.256185,2.8463757,-1.8585833,2.435239,7.0569453,-1.0805856,7.397099,-2.49381,0.6356977,8.473188
76,4.151673,-1.6331475,-3.8647904,-0.6081688,-3.96267,-0.62535906,-0.8901679,2.1463597,-1.9837359,2.4141178,4.2261972,6.585368,-6.9686193,-4.882577
77,3.1982067,5.735431,-1.9997269,-6.0748935,-2.6296165,-3.1835988,-1.5581859,-0.05495396,4.028546,0.700115,-6.7082534,-2.6663704,-9.493183,-2.5101862
78,2.3781376,-0.57786196,0.5086948,1.9668014,3.9467347,5.8753896,-0.49681357,-4.645876,-0.016658489,-1.1686181,1.1181589,4.573014,-3.3650818,0.6025257
79,-10.079686,-0.18259072,-5.6799054,0.694887,-9.279427,-6.8190427,-3.9121037,8.574472,4.138665,-0.77327466,-4.28441,6.797389,-4.5170083,2.2010972
80,1.1950861,-2.0292208,-3.8275247,-3.868371,6.153607,-0.88600284,-6.876607,2.1769896,-4.4420614,1.6489618,-3.466305,-8.054939,-11.197159,8.488727
81,-2.8860052,3.523681,-0.42256662,-0.27601713,-2.5854728,-6.330875,-2.5532682,-1.0002582,15.248398,2.9216263,-6.4741693,7.75426,-3.4853637,8.595186
82,3.9616554,-2.7751324,-2.904427,0.85836244,10.777697,-6.867712,-0.11990743,-2.6811383,1.276347,-1.780781,-9.312853,-0.95310295,-2.703736,-5.44298
83,-6.7946415,3.6897104,-5.9243116,-2.5544448,-14.903921,-4.386399,-4.881514,-10.750808,-8.084124,-2.587231,-8.005661,0.3451998,-7.779834,-4.737882
84,-1.5542009,0.57093024,-6.0268793,-5.283386,-12.47066,-7.72224,-5.6440134,-2.4075286,-3.9532037,-3.3332355,-3.8429635,-5.2626486,-8.301878,1.1704215
85,-4.9204874,5.0269012,1.8668399,0.66616553,5.781105,0.98239416,-2.5649827,-2.1549785,0.6620381,1.3634638,-2.36926,-3.5430832,-6.1953254,4.1292677
86,2.422476,-1.9194663,-0.060077913,4.7114973,-13.6568365,-0.89684916,-0.006925891,-1.9406108,5.6629663,-2.946783,4.4946027,4.506335,3.12707,3.166749
87,-4.2548223,1.3521651,-2.6835792,-2.687419,-1.9548633,-5.782149,0.9810606,1.0317268,0.7541625,-1.6481856,4.3451576,-5.8000345,-2.5055373,1.1176798
88,-0.5926137,1.8467175,1.1375666,-6.9660683,-1.0843933,-3.4324732,1.7744777,1.7067254,-0.027385587,-1.8258666,2.3732796,-4.080397,4.0805664,-0.5093092
89,7.161308,-1.9725603,2.5020196,8.087531,3.3562112,4.7124343,1.3174942,7.627048,-2.2218769,0.83708054,8.119619,8.017825,10.442628,6.1409893
90,6.9804945,1.0483185,1.1510398,-0.910006,6.9315524,2.050111,-0.54473805,4.3194146,2.3846695,-0.7617855,4.516729,4.8312325,0.81675726,-1.7924342
91,-7.354641,-3.9311385,0.014793087,-3.8947659,-8.644237,-3.4167225,-5.810253,-2.556265,-7.0565586,-1.4826537,-0.53250074,-4.954995,-5.509328,-1.842134
92,-2.7858002,3.2286458,-2.0459628,-0.02194561,-10.066942,0.74932444,-2.914693,-2.1469183,-7.7648683,-3.0226781,-5.385486,2.1069317,-6.3745174,6.3582516
93,3.2801943,-3.945458,-0.25601315,-1.3241459,14.435418,-1.9041833,1.8342017,1.3516172,-4.355829,0.92149806,-2.9775317,-0.42816082,-7.436787,-4.040909
94,-6.6025944,-0.19065621,-1.7864454,-1.4093498,3.2543252,-4.1092744,-1.7689763,-3.1070116,-4.9437757,0.95002896,-7.3291574,-2.1080766,-7.8214555,-1.6941843
95,-0.16586678,-3.520403,-0.8014159,-5.11033,-9.609107,-3.199811,-2.331301,0.45976746,-1.452149,2.4240007,-2.946084,-5.9773054,-4.5029483,-2.5199845
96,1.894761,8.417473,1.7569146,1.7614287,1.7942708,0.9518014,-0.44614246,7.320082,3.387611,3.2082353,6.3836293,3.1807306,5.7124753,11.590106
97,-0.65510577,-3.7831078,2.8078258,6.4838376,13.220878,2.734698,0.10788532,3.5042348,-2.3246675,2.4967918,12.127096,-0.5295396,10.36466,1.3247069
98,-3.59796,-0.45682222,0.2845164,-1.0414492,-5.321097,0.016242279,-2.5620208,-0.5825401,-6.4585004,1.1626004,9.358812,-0.66007656,9.813333,2.675573
99,1.9684551,-4.017405,-3.7397988,-9.798427,-17.871422,-0.04788255,-8.931786,-5.4357986,-3.3590534,3.842091,3.5892766,-0.6667675,4.0376687,3.0920987
100,1.2698654,2.2535841,0.015329586,1.8602799,-1.7463086,7.575602,0.2426129,-2.2938805,-1.5189956,1.6584939,4.523967,0.15936047,14.231728,9.674828
101,4.8413253,1.4239056,2.3137789,0.9390388,11.590174,1.1092091,7.386672,6.4180765,4.0694275,-0.93464625,5.76161,4.7843285,10.788251,7.426676
102,1.3996824,-5.6712184,-0.42537576,-0.6470852,-8.215664,-4.7447124,-0.7885239,-4.0442643,-0.20413375,0.057976734,-5.456736,-0.08597631,-5.1540346,-0.62056726
103,7.7357183,7.00322,-2.35443,-0.40844122,-5.7464476,-0.55700725,2.5311573,2.9333875,-2.8506505,1.9417293,-2.9302084,5.596299,-6.9912753,0.52173674
104,4.16401,7.530445,-0.22238514,-1.1946536,15.51489,5.453829,4.604697,-2.720971,-7.0053606,0.52308476,-1.8261596,8.077918,-0.88142717,1.9433886
105,-3.1673446,10.228817,-0.16120616,5.1819954,-3.542018,0.021736924,3.4203026,1.1709466,-5.8921304,0.5942589,0.1489387,3.0560756,-0.54385906,1.4916981
106,-2.9408877,4.102958,-1.8329501,-4.229513,-6.6687093,3.798791,1.5721227,-1.2998056,-1.4242271,0.158015,1.0578678,-4.195778,-4.0258155,4.9701805
107,5.5964017,-1.1918122,0.021635106,-3.4101138,-0.37812945,-7.9860926,-0.10169701,5.842039,0.50302136,-0.33663043,-3.1257365,2.3635437,-5.223534,-0.12927468
108,0.75273734,-0.051896185,2.8807192,3.0732188,11.896655,3.748556,5.5876255,1.1450565,5.469376,3.746559,8.214676,1.965756,2.718439,4.018145
109,-3.5476825,1.3156476,0.4118009,6.376663,-5.7313075,4.115658,-1.7674831,5.4744496,1.1205984,7.636128,-3.658387,1.1948111,1.8756475,-5.0440025
110,3.3203495,3.1003985,1.5782048,0.14309785,-2.6478097,-7.384754,-1.8938586,5.4480443,-5.2990117,2.9037738,-6.576556,3.8663363,-6.2445726,-0.7036832
111,4.8063517,8.363336,4.0123014,0.75019085,7.1479845,2.736541,13.241322,1.6151042,1.0111816,1.8946524,0.7163426,2.1933131,7.450149,-3.6407568
112,7.89131,-7.6889086,4.6504307,6.711949,-5.236092,5.0784006,6.472042,-2.776608,-0.7482284,-1.3888788,6.7875485,6.892245,8.130543,2.0674224
113,2.3968632,-0.33041862,1.0149887,3.8601441,0.42678922,-2.3774009,0.1388275,-7.9633274,-14.888822,-1.3416713,3.170244,-4.7696347,-0.30322278,-6.8133926
114,9.911063,7.9013543,4.3125124,6.177093,5.542038,2.012256,7.9777184,1.2430532,0.45568198,1.7101843,0.7756988,6.5138493,0.4581516,1.4444276
115,12.481526,2.9399095,6.531356,9.065008,6.607658,13.41809,15.120541,2.342323,5.620261,1.5112308,1.4202315,10.685724,6.1612782,-2.5696905
116,5.0187845,-4.517322,5.930405,5.6195707,2.7760484,6.9867077,3.6775565,-4.220529,-5.6726465,3.819616,-2.3107612,13.532298,2.8515878,-9.229422
117,1.9752327,5.0102677,5.658874,2.4611144,0.084249705,8.550011,6.063053,-11.40788,-4.5825367,-0.5936781,-10.309324,5.650516,1.1120073,-0.61030024
118,-4.73368,-7.258477,0.29149678,3.2467437,1.0795596,9.115625,13.174615,-3.8557014,1.0866879,4.0685983,-2.4665773,-1.3723917,-0.23202772,-6.0732274
119,-0.029888036,-2.762181,-3.7796009,-0.56687766,-7.8572984,0.53186446,-11.008289,9.5993805,-0.9444108,4.611968,-3.4194725,3.6384513,-2.2484045,1.8532597
120,1.101743,-0.22512372,-1.6207341,1.6366383,6.3122997,-2.8753774,2.30212,-3.3717563,-1.2798585,1.2617754,-8.08792,1.3104037,-6.420812,6.112999
121,1.8895875,6.130928,0.32968217,5.7462444,-10.154599,3.4851456,-1.1365752,4.662559,3.4989166,4.4034696,2.252351,3.427907,6.054156,2.2515855
122,-3.3370354,0.31105915,-0.3873751,-1.3242799,2.3035302,0.120983824,-5.92396,-0.78026754,-6.4046507,0.7473762,-4.1117234,0.7439797,-4.6852183,-6.295697
123,-1.9251975,1.9610795,1.6416193,-3.3693452,-12.784957,-4.7851624,-2.1424232,2.8989608,-1.5139636,2.1446328,-9.61069,-2.125779,-0.21701269,-3.6431618
124,7.1546125,-1.3814393,2.46091,5.215561,7.0321517,5.5493174,6.9299307,0.39783823,1.7591261,2.1935797,-7.194212,6.1665063,-1.5819949,-4.2835994
125,-0.27577385,-1.7591128,4.1173425,1.466364,-4.5426216,5.727078,1.341245,-0.6922122,4.4040847,0.26732892,-4.020244,5.8651185,1.9781736,-6.3220944
126,1.4950534,2.12211,0.49611178,-3.484591,6.143227,-1.5316387,-1.4185557,2.3545191,-2.258535,3.096741,-0.7991761,-3.558494,-2.9691236,-3.3494866
127,9.396307,-0.48256633,5.294669,-0.703378,-7.497234,4.027947,4.493462,-7.6796613,-2.4023955,1.3369327,-1.8323545,0.678098,2.264865,-0.65386593
128,4.8708096,-0.9058872,3.9855828,3.5702994,9.523265,4.6552258,7.4517765,1.8135142,-3.0385885,2.4531577,0.44388142,4.9763637,7.8414097,-5.5980005
129,-2.2388513,-1.2535039,0.8402099,2.2898123,-11.401881,2.252628,-0.5140301,1.7935035,-2.265998,0.3952189,-6.2445736,8.023638,-0.48412564,-4.1211553
130,-1.1575006,-2.3594446,-0.521825,-6.908314,-1.0696808,-5.549225,-1.0619264,3.21725,4.159423,1.32227,-5.4604735,-4.609752,-9.398516,-6.8158455
131,2.2230194,-1.6554822,1.3799388,-1.1270034,-8.034938,-0.14310075,3.2949684,-5.0966015,-0.508779,3.1678605,3.5895422,-2.0912025,3.490625,0.37711978
132,7.3552823,-8.206517,-1.1610632,0.64343643,4.205974,5.8019743,5.200684,4.7450256,2.8034534,3.7069993,0.9961057,-0.79106647,0.702615,0.4327898
133,-2.7761886,-2.6090004,-3.7957544,-7.8440876,-6.6145105,-5.3419166,-0.7263532,0.85267544,-2.0413666,-1.8841529,-6.005219,0.045199804,-8.393367,-3.3377817
134,0.5305847,0.52786535,-0.68357086,3.4134135,-9.130576,5.8826833,1.5894734,-1.1451987,7.3970623,1.1339004,1.1586611,5.6222687,1.5340191,9.573617
135,6.970202,-3.1917462,3.8953032,2.9252949,5.845754,2.1577594,6.1819534,-1.4044623,-2.18802,1.0466111,1.2663355,3.220162,0.18290204,-5.0247874
136,1.533168,-2.0305302,1.4992723,-4.4338207,-10.06783,2.7048879,-1.543619,-3.296752,-8.084284,3.227973,5.2040553,-1.3514186,-10.784142,-5.923635
137,4.036062,3.10695,-0.3588076,-0.9705786,2.4696484,-2.4682405,-1.5788301,-6.050322,8.901348,2.7144763,2.4752402,-0.7034408,-4.4536123,5.6536727
138,-5.100489,-4.8874574,-0.5369778,-1.0982668,-0.2883293,1.4296921,4.757314,3.6998043,-0.43010688,1.7408223,0.557605,-2.2349005,0.44191462,-2.2295194
139,0.6065878,2.8476691,-1.2785827,2.5205483,-10.59154,-3.8503475,-1.8866102,2.1230934,7.25541,-0.39265913,-3.1261427,0.8297293,1.4017054,4.269714
140,3.4165843,-3.768341,-1.408349,-3.162727,6.9109874,-5.3686404,-1.3828224,-1.0180842,2.9586177,-0.56665534,-2.9557831,-7.1983337,-8.432619,0.28524917
141,2.1461797,-2.0182261,0.89053684,1.5467083,-9.119092,2.9974966,3.080215,-4.878473,1.5626248,-1.9414016,1.4826666,0.3862016,-4.8434796,4.970317
142,0.77840286,3.7161376,2.6095607,1.3217231,6.3564286,5.043762,2.9380229,4.9283943,8.233013,0.6423454,1.9536061,3.821492,-0.044474043,8.744371
143,-2.2232485,5.541862,-1.161283,-5.797513,1.8628713,-1.0242678,-4.9742227,4.167106,4.831103,-0.6664702,-3.3046556,2.93551,-0.9059622,0.61116457
144,5.2865114,0.9798086,1.4500107,-0.39538634,-5.4082665,-1.882305,-3.1939957,0.8905603,1.9146715,-1.6938477,-5.283469,6.6787057,-0.72064316,1.373317
145,0.5180553,-2.890426,0.10847758,-0.5046211,4.2254825,7.8598986,4.9531336,-3.3712385,2.8463938,2.2272375,0.22334298,2.618125,8.812358,3.4384942
146,-1.6400265,-6.550018,-3.1901367,-0.0739397,-3.2589643,0.45283097,-4.5450306,-3.0657701,-9.708686,-4.9134173,-3.9336734,4.634834,-0.6775374,-2.3141966
147,0.22604567,-1.3588687,-4.0522428,-3.6620593,1.8107628,-4.4569054,3.907181,-12.312652,-6.4997597,-7.951171,-8.177457,-3.4065883,-4.146812,-9.183094
148,4.686412,1.9512353,0.92953336,5.216653,4.8045664,-3.963392,1.2090077,-0.28811854,1.7504306,4.702111,-2.7332368,1.9286826,12.346172,-2.9618192
149,0.7292148,1.2877121,0.32276472,5.5577774,11.473033,4.102607,0.28193986,-6.340141,-2.2214904,0.21162881,0.7573363,10.77075,6.1832542,1.4436233
150,-0.43551302,4.2454324,2.8700795,2.9646242,-4.744931,4.4183216,4.1298685,-8.369605,-7.1196923,-3.1914833,-8.995656,5.07319,-4.8000536,-10.072057
151,7.2546396,-5.938652,2.0729318,4.688102,12.055969,8.619219,10.168556,0.61311275,-4.6940737,-0.98941195,-1.4926977,6.607815,-2.0981045,-6.002715
152,4.075807,6.194668,-0.13059884,5.477611,3.9670522,6.285177,4.6803403,-0.8181188,-1.2283741,3.895413,0.00491,2.9363012,0.8090325,-7.2630916
153,2.3107226,1.0563782,-1.5055586,1.8926688,-6.840218,-2.7898567,-3.679663,-3.9632676,9.624626,-3.100627,-4.167761,-1.4862183,-2.5394716,-0.8912787
154,2.8075366,-4.1031904,5.266037,4.576224,12.997864,7.976969,8.415571,-3.3312352,4.1734586,-1.5409414,5.5763674,-1.1731017,8.857969,0.11133707
155,3.4935,-3.4456658,5.30754,4.639808,5.206222,5.182473,9.369181,-6.349928,-2.0348034,1.2466298,6.5553145,2.781846,10.391818,-4.8815284
156,-3.0111928,-4.2678514,3.1901762,2.3101196,-4.4969783,-2.1410809,3.9864254,5.8231516,-6.8014894,-0.12996855,0.19425347,-4.376775,-3.350768,-3.8432155
157,3.686183,0.4636002,6.39963,3.419437,8.398378,4.592261,5.9868097,-2.8486934,3.1291564,-4.938424,-2.2475379,-2.9698853,4.7614512,5.6379995
158,0.9646678,-9.978683,-1.4851043,0.57191217,-11.673574,-0.20686103,3.4749155,0.59065765,-1.7159691,-0.9927837,-2.7340386,2.5236382,0.2787659,0.41457936
159,-6.2441087,1.1535714,-5.4560037,-8.202425,-8.474653,-8.684359,-9.269266,0.45874575,-4.1024194,2.7585773,-7.863118,-9.410111,-9.7802,-4.1676803
160,-0.026183994,0.08869405,-3.678314,-5.763704,4.030382,-13.162556,-0.30209354,-4.271289,-4.956503,-2.7050016,-9.66766,-8.318615,-9.385933,-2.078142
161,-3.8231208,-2.2725685,-1.5660058,2.7734509,-12.977279,-2.3173182,0.5846426,-9.798402,-0.6724785,-2.6679087,-4.069725,-1.7192137,-7.9972773,-0.9159787
162,-5.7866282,-4.053058,-5.244118,-3.532002,-11.216828,-7.6719837,-3.6467762,-1.1849082,-6.9519873,-1.5135995,-10.505205,-3.9035475,-9.666085,3.241134
163,-6.3463297,-3.6651545,-6.8207297,-5.304962,1.6997278,-5.499063,-8.077945,0.8655949,-4.5774674,-1.6321408,-2.45008,-3.406843,-9.930729,-0.5152454
164,0.37976003,-5.9646263,-2.54768,-2.4435978,-11.825706,-1.6423116,-9.1532345,-4.160704,-5.0971007,0.541044,-10.279566,-7.610161,-2.9386404,4.375202
165,-1.9845431,-0.25289652,-1.7504036,5.237284,-8.474384,-0.5322836,-3.25291,-1.9233599,5.067416,-0.51310635,-6.1269855,2.513117,-1.1859708,4.143035
166,-1.712575,-6.2277193,-0.94538206,0.257213,8.674933,-3.7014802,1.5811617,4.100504,-3.0745199,4.313777,-5.052058,-3.0086973,-3.5827029,-4.6866345
167,-2.6250181,-3.7088995,3.5098813,-3.2311354,-11.538594,-2.5129163,-2.5694163,-7.572141,-14.146441,2.0296237,-0.5505177,2.6969848,-5.8139243,2.6693618
168,0.19764778,1.6087377,2.3961396,0.16739321,-1.0794054,0.13729334,1.9513942,2.2766724,-5.146587,3.684165,-1.1982385,-1.6950252,-0.68874115,-4.2071896
169,2.093075,-6.368054,2.0454416,-3.4904497,6.3496003,1.098438,3.397374,-0.8378814,-3.696722,0.23062393,-1.789246,-0.44422808,-1.4450538,-1.6100777
170,-1.4701078,-0.46952334,-2.0844066,4.04747,-8.523258,1.5927968,-2.3958635,0.118332125,-2.6812413,0.67961824,-0.4946746,-0.040794678,0.51171565,-2.5368257
171,3.1972933,2.779759,-1.7008722,1.3741446,-6.2330384,-0.80371624,-5.8941936,4.190015,1.5900073,3.4095707,5.0992827,2.188853,4.270953,2.4507473
172,5.038889,-4.978576,0.011352775,3.9358976,-0.8769854,4.441798,2.8018348,-5.234708,6.508837,1.8129854,5.280603,3.7626407,3.8465085,-0.984328
173,2.1263776,-4.758047,0.726219,1.1237093,-7.0246105,2.739151,4.607208,1.6990426,-0.0516658,3.6712909,5.855038,-1.298668,3.3099866,1.7514658
174,1.6277022,-1.5497019,1.0790524,-0.96364766,9.875287,0.5616041,-0.6481808,4.481475,4.936207,3.718115,1.3860528,-9.475403,-0.5874379,3.4062579
175,-2.4022536,6.9526176,2.425159,0.6585761,5.8092675,4.890513,6.3723574,6.6187243,-0.39927772,2.6388192,5.6897726,-6.3119626,2.3156517,1.0717465
176,2.8463259,3.3815658,0.789804,5.7982516,-10.991813,5.0974355,-1.434245,-1.523496,3.138483,-1.1185138,2.2237349,3.436039,0.041719414,1.3236347
177,-2.718059,4.8760276,-2.881161,-1.2476346,5.3008976,-1.2161438,0.13482371,2.8315406,0.10980481,-0.43853998,-4.4442587,-3.9918416,-5.8716187,-2.2338398
178,-2.2033207,0.20282191,-5.6512804,-2.2036583,-3.85122,-10.943547,-4.937579,10.253146,-3.6100454,1.9664176,-6.1466513,-8.187173,-7.8865743,0.096895
179,-4.3764634,7.592856,-6.0585027,-4.3885202,-6.009852,-7.720595,-6.7896237,2.469257,-5.4020467,0.27644542,-0.19946334,0.38104728,-6.499301,2.2713528
180,5.419669,5.0687995,-0.16039492,0.94452876,-5.15483,-3.194921,-1.5601333,-0.8710606,-0.41070914,-1.9385443,1.9796721,-1.0918931,-0.68411493,7.1703296
181,-0.53682667,4.8325067,-0.2334247,-0.46427414,7.277631,-2.9124331,3.5961685,6.925696,1.6459022,-1.2323679,5.328833,1.4950309,-3.809828,3.494557
182,-9.109918,-8.113246,0.79537445,-0.43988857,6.331708,-3.255525,-2.7155623,1.9796382,3.7636578,4.6102076,-0.83001405,-0.9770199,2.5445638,0.31564972
183,0.019260487,7.0863595,0.7153262,3.1259234,2.6223562,-1.2074516,0.77417535,-1.1949716,5.267584,-1.3947384,-0.08854561,1.6974982,5.2347116,-0.33253485
184,0.10319995,-0.24761589,-3.6841543,5.222773,8.756675,-0.8949498,-6.0841904,4.9912815,9.934452,1.7295383,12.15489,1.2246667,5.8532205,0.12639683
185,-5.833791,7.563447,0.09775065,-3.4140184,4.100867,-2.1153789,-2.7341535,3.069051,3.0914872,0.6476839,0.29298288,0.33369282,0.5194564,4.0089793
186,3.2900548,-2.0626338,-2.533757,-2.0302856,-6.732715,-4.7040553,1.104116,8.214148,6.440811,1.7298919,-4.3752465,1.726836,-3.214968,3.349733
187,4.102417,1.0367826,-2.178207,2.3971846,12.690475,1.0786259,-2.4279768,-1.6878642,7.2147784,1.2725873,0.6467753,0.9324987,7.8258,-0.23701333
188,4.352929,2.5459323,0.86906517,1.9132632,0.47642574,-0.91223407,1.0033717,3.9521782,4.199907,2.903334,1.3606508,2.9605591,3.6658006,-1.158973
189,1.0015126,-1.1587617,0.57680804,-4.0545917,-16.568304,-1.16841,-7.2265267,8.187833,4.010139,-0.7536067,-5.797224,5.713737,-7.1098013,2.6508098
190,-1.4195204,3.1886506,1.5396664,-1.934342,15.074186,-0.37803337,-2.1869495,-3.335091,12.032852,-1.5770772,2.96903,2.6591146,1.748175,5.3723626
191,-6.242299,-3.8243117,-0.18491,-2.9657836,2.7543592,2.0613601,-3.531422,-3.3329122,0.034457188,-0.87717664,0.49174908,-4.292874,6.1289616,5.1345925
192,-10.869566,-1.7522261,-6.341975,-9.0015,-6.8110113,-5.0782437,-8.206256,3.7058392,1.4906734,-1.8811139,-2.9236057,-7.4247303,-4.4408946,1.7174332
193,-6.373277,-7.5589275,-5.9154415,-3.7597828,7.432002,-7.544416,-7.807863,0.11035957,1.0599979,2.1251788,0.28727254,-12.370985,-2.8655725,-0.64936703
194,-7.282529,-3.5092402,-0.3312065,-0.06255119,12.924014,-3.1092002,-3.8164282,11.519308,10.3598,-0.45524302,-1.8608584,0.5884781,0.98973125,5.6755323
195,1.9221658,5.806081,-1.9571067,-0.65507853,-5.124021,-1.042737,-5.0257974,5.118228,4.3317327,2.5459535,-2.7938485,3.5474322,-3.99547,7.1582437
196,0.75677514,2.372108,-2.3582842,-2.7561367,-0.68678045,-6.7306314,-6.132911,7.1671553,-2.8362381,2.434542,-2.1552877,-0.37425914,-11.497892,-3.3789117
197,7.128679,0.42867047,4.67115,-1.2181435,-3.355312,0.94943887,2.9536676,2.868146,-4.922833,0.43739036,-5.1067896,2.4062123,-2.771406,-2.1324654
198,-6.14132,-3.3133206,0.7460073,-2.6414201,-7.6370306,2.4022615,3.6265874,-0.5935784,1.2512956,-1.6506313,-4.216378,-1.5746816,2.3849487,-4.316107
199,3.044364,-0.02516895,-3.0896952,-3.6413217,2.442299,-7.23213,-3.3859115,1.8805848,0.78675276,0.8515455,3.1134126,-1.2088552,-4.431714,6.386414
200,-4.0213866,-4.805125,-0.9487705,3.9858332,8.701452,0.7610594,2.7766914,-4.8170466,14.8761425,-1.320002,0.26359764,-4.9391727,0.28190628,5.861993
201,-2.6264937,1.2569157,-4.152829,0.41400376,-5.5345144,2.7096112,-6.766549,7.0704107,1.4284519,-0.2611666,-1.3457612,4.532932,1.1445713,-5.056201
202,-7.1517706,0.016335776,-4.3519807,-2.4594197,4.3809175,-0.41412538,0.61087406,-5.7053227,-4.25508,2.232442,-0.6542257,-1.8660156,-4.751712,-5.445059
203,-10.392805,0.068768166,-2.052057,-2.1509016,-3.648915,-6.3070874,-0.6776868,1.9065084,-4.2640996,-0.8449762,-4.389936,-7.820988,-6.523037,-2.2492056
204,-0.36710918,0.76838243,1.9692079,4.2468133,1.5385058,2.2954733,2.4725556,-3.640361,9.210025,-3.9307458,3.2262192,-2.6692343,1.5939662,5.4390907
205,2.3096278,5.394846,1.4247868,0.118846394,11.052539,4.604333,-1.3227959,7.1414747,1.3926315,1.2339038,5.7981544,1.5597538,-0.068509474,-2.8662553
206,-2.950549,4.6991343,-2.1684017,-3.015171,5.300063,0.31870893,-5.89084,-0.4522601,-1.4950086,-2.229833,1.0723082,0.8415134,-1.3288169,6.3057537
207,2.6363928,-0.1071558,4.514059,1.7686425,-5.077881,4.229557,0.34323347,-8.8041525,-6.7695284,-1.9225551,2.1667054,2.17926,4.220656,-5.275148
208,-1.0243485,-1.4852146,1.032346,2.194201,7.76476,-0.0986732,-1.3391575,1.4211463,-8.773517,-0.50043046,8.637444,-0.6982191,1.9105997,-3.3701656
209,-2.7111697,0.8646756,-2.9433458,0.75074583,-3.68914,-4.646357,-1.8814225,1.7834148,2.7480102,-1.1124973,-2.6094801,-1.8846828,-9.919861,-0.85373837
210,-7.1853423,-1.14552,-1.9308615,-2.2724843,-6.191362,-4.9357615,-4.475041,-4.3857327,-2.0678692,-2.285188,-2.1508524,-2.409315,-13.055675,3.725392
211,-1.5922153,3.4430017,-0.94759613,4.9241104,4.5049396,3.486516,2.5149252,2.5711987,-0.12623014,0.6746234,3.9119015,-1.9443251,3.4707718,3.161689
212,-9.437832,-3.0363855,-1.0731338,0.940391,1.3666959,0.5801119,0.47638783,5.7824206,-1.6038831,-1.2312075,-4.5626135,-8.803775,-3.784841,-6.560913
213,2.9362957,-3.8442683,-1.6506525,-3.7031546,-7.8108106,-2.5055223,-4.09941,3.2550986,4.750819,-0.55134994,-9.433303,-1.2618815,-2.7463677,-8.210305
214,4.6157637,4.40462,2.9059749,6.468613,11.987036,5.9874544,6.38136,-4.9042163,1.7899783,-1.7727023,3.3750763,2.5018272,-0.50934976,-1.664828
215,-1.3530483,-0.86197114,3.7514942,0.8488847,-1.1698084,8.442586,4.1543574,1.8110133,-7.572686,0.14438924,6.189874,-2.069317,7.2816005,0.81739664
216,4.1278977,-1.427351,-4.663396,-4.4695854,-10.342585,-3.075827,-2.8701293,0.25174603,-4.8673205,-0.83885866,2.574854,1.8728905,-3.1319582,0.99040776
217,9.427117,9.148976,-4.217391,-1.8181887,6.9618373,-4.1279044,1.7655817,-1.7507734,1.1153046,-1.5673165,1.3152425,3.3806498,-2.6111543,8.2370405
218,5.612383,1.8016391,-3.4164107,-6.700322,-3.1982381,-1.1515177,-4.0571227,-1.1894358,6.048518,-1.3988646,6.688219,-1.503206,6.474456,4.8498864
219,-3.4875102,2.484919,-7.192705,-4.6189046,-0.046039864,-2.8045413,-5.7238293,2.8346064,9.62543,-1.124496,4.1649942,2.8797596,2.1008334,7.3388104
220,-3.2683768,-0.68628,-5.9243803,-9.575388,-6.1957836,-5.4466715,-3.0465941,3.2778478,5.097018,-1.1581608,0.6208699,-5.0442705,-0.67795575,5.2454925
221,1.5239418,-1.1943145,-2.2493618,-5.2815213,-3.8049502,-5.880153,-2.3552198,5.9955196,2.2639017,-1.4595183,4.102651,-1.3720928,-4.5891805,5.509178
222,1.5081644,-2.0589526,0.9340523,4.2898474,6.306755,-5.987439,-2.7174978,2.0569575,4.539446,0.21688437,6.5739026,1.1944153,6.593228,4.476272
223,5.9066725,2.646614,2.51773,-2.7630541,-3.5756593,-1.1196533,1.7298096,-3.2178648,-3.5656152,-0.31045726,13.720558,3.6149492,4.503831,4.240589
224,0.0637434,3.159638,3.158724,5.87288,-3.3635676,9.472502,4.845729,-2.559127,7.7872963,0.35389256,15.825912,9.935142,7.044757,7.7146354
225,-1.3466257,-0.639511,0.70936614,-4.292148,7.5144005,-2.2655165,-3.3119996,0.061295085,9.399511,-1.6636611,13.728809,-2.768688,13.60878,-0.24854888
226,1.3872148,4.109542,0.76533866,-2.7055678,-7.739732,0.7192293,-8.336767,-4.997937,-5.152763,-3.8104327,7.8042283,-4.1385956,10.072048,-4.4443235
227,-6.301513,-4.717817,-0.4013691,4.7346025,-10.310241,3.2071207,-3.0031033,-5.3685327,-8.665532,-1.454641,6.2953434,0.8078026,5.5429826,-1.9552814
228,-2.3737211,3.9219508,1.5552714,-1.9912319,8.201288,5.827066,1.9305152,5.7184844,-6.3532605,-2.0920572,5.865223,-5.867812,13.799015,-2.1099734
229,9.227924,7.860846,6.5076413,7.933058,11.366953,5.6212864,13.899975,-3.4871097,4.7888846,-1.2863135,-4.8314834,2.259093,12.51111,-2.1042624
230,10.461068,-0.7731722,10.871878,4.937843,-1.9335021,6.4800344,8.571033,-6.5712447,-2.0880735,-1.0254008,-1.7653394,13.065364,17.903656,-2.1588411
231,2.780777,3.3931634,5.8742514,2.8209007,4.1547627,-1.0100775,3.2430112,1.2856545,-5.003281,1.5755184,-1.0470514,6.929808,0.94951874,-4.9511585
232,-7.5751667,-1.464665,6.3837194,-6.062939,1.8853242,-1.4734124,-2.6737323,-10.717988,-4.8348026,-6.640445,-10.229872,-10.738964,-7.297798,1.2982564
233,-8.097655,-12.660792,0.79325336,1.0900927,4.4566016,5.591967,-0.5228984,1.5736396,-10.673842,2.1179035,-2.3851733,-2.2579966,2.2984734,-1.8085527
234,-9.060425,-4.5565805,-5.8374805,0.062214084,-8.225035,3.4605627,-6.0952463,3.771747,-1.4321162,-1.0816301,-7.8467226,-1.792454,-3.4932652,-12.092143
235,-3.0608375,1.2030255,-0.38622043,-3.8251753,0.5879991,0.7994467,-0.9368813,-9.508659,-2.968023,-2.871525,-2.0040808,-6.270818,-8.33561,-3.6171606
236,-0.3770304,2.2397516,2.4266503,1.8697293,6.0324745,1.9117402,5.133137,8.130623,12.715024,2.943021,6.916901,-3.1594012,6.8627334,-0.08949388
237,6.127099,-9.537595,3.2597797,5.7591915,-1.8518001,3.39696,2.17804,-3.166397,-5.7876678,0.11702093,2.086864,1.8460827,11.765367,-8.109826
238,-1.3481218,1.5224785,-2.326363,1.9271556,1.8046695,-4.7808266,1.9219344,-8.666743,-5.8137317,-4.831949,-5.7216372,7.8048363,-16.365557,-7.1938195
239,-6.7546782,1.7115177,-2.5769274,-2.4809663,8.310388,-0.9486104,-4.5163045,-4.338083,-1.3103753,-3.7274153,-3.1841846,-12.978838,-7.5979576,-1.9932094
