Timepoint,32,34,61,68,85,111,132,150,258,260,287,330
0,-0.4359074636821833,5.429554708758179,4.307267696332388,1.0279964926503182,1.9975009181108505,-1.9386228558015883,-1.1119209953166287,-1.7660355997839856,-3.0688948438872194,-3.751098484324276,5.776395674436712,-1.957184713529913
1,2.513372424905656,3.244940797513237,4.328154939503686,2.671668915161446,3.355438390501155,-2.110645327002842,-0.24279499973145482,-2.284608525797817,-1.115324264614926,-2.5820336138660256,7.501626792972764,-2.3931667883437924
2,4.978540582422218,0.8041009443755053,0.7624848206524385,3.781820106987299,3.6702436420204076,-1.29822393996339,2.132914366842858,-3.3345783476576485,0.8031143134131151,-0.0442563030591681,9.963565095972557,-3.194776975250209
3,4.778807765319606,0.02421909350217605,-4.888687128666788,3.5304627421020127,2.6930783968508676,0.09129983564285007,4.733020635548322,-4.400527649412029,1.0657680358409005,1.5909696431630407,12.882736272823353,-3.785831812720158
4,1.776604403198035,0.7659832360793133,-9.270712418481708,1.8471841561927724,1.1440901418015887,1.3358803141635616,5.6667685279786815,-4.864280855877111,-0.2616375897722973,0.7935600169926635,14.421725615603254,-3.956194038061719
5,-1.703388771859769,1.2494731663289118,-9.707832637425462,-0.5759036416716096,0.17990720437965402,1.934222165683939,3.8851973872303507,-4.668552532469156,-1.5011071805723817,-1.5923050132172167,12.66680598574189,-4.230137574742412
6,-2.7959446499115743,0.09807740786702049,-6.29541271824289,-2.7716198058715507,0.4182741938104967,1.8522840446314297,0.1249231141189049,-4.385691139057002,-1.0575321719361437,-2.9669099835802086,7.592881866659109,-5.309612727767586
7,-0.6364861562915517,-2.106392756636654,-1.6852435080737278,-4.045142030232211,1.3862739572858505,1.3480526779501423,-3.514312321284493,-4.48206000068859,0.9464793210704254,-1.424360656541241,1.3605890778036644,-6.9896720265098224
8,2.9020990879692103,-3.302544890313732,1.1846896688331146,-4.217143456104086,1.920637002376498,0.6677499659692969,-5.082077579101783,-4.521022592772133,2.736358123654729,2.29417781888946,-3.5508951096294017,-7.698019153762565
9,4.983102172983988,-1.937664018297682,1.3159133160574916,-3.530067449574595,1.1954116486851425,-0.04848713646768718,-4.1619638028444,-3.3026934994598016,2.586714467844896,5.31767761842771,-6.492707814483975,-5.455710280495995
10,4.353248190286473,1.5096110801915734,-0.05862155939276154,-2.41536346515519,-0.5257597724220961,-0.6465680584550608,-2.0148563541871605,-0.05756519573391775,0.4624874043018615,5.230766348479208,-8.750710362039031,0.2732119426275576
11,2.2290017332510845,4.894580051759068,-1.0459384207638938,-1.2872442197151928,-2.076800741363089,-0.8995755100622773,-0.42872771079084654,4.3982701899697165,-1.993385969362075,2.2653013238729525,-11.445281462170756,7.474333353634727
12,0.8149003637322473,6.203576583187191,-0.7800050871525388,-0.3909475394983345,-2.3480994194907727,-0.6736479089029033,-0.2946956621276008,7.854843518128705,-3.0263555485762272,-1.007288966297118,-13.593640926607454,12.520513577637269
13,1.089927487176468,5.045548693409988,0.31219124293105827,0.2921380675588943,-1.1883302606025357,-0.13177993164926366,-1.079592588489654,8.364979328524218,-2.2754432347901803,-2.1337531992226593,-12.736349697153155,12.752656251453518
14,2.071370459587326,2.590845659185125,1.5327911152428872,1.0018591137408321,0.4944075544146144,0.338972774781035,-1.5184517759344474,5.968506782693391,-0.7929773243043423,-0.9480709277154985,-7.7961104704210396,8.670475751902277
15,2.094906110198519,0.3053978990991505,2.833230221367164,1.95301013224091,1.4688950962000722,0.49184766850698536,-0.8091176976931507,2.821867284414015,0.23595476580299507,0.6125649764271807,-1.1639736975729857,3.7450682679027842
16,0.5887085231552027,-1.142000510148248,4.637012657180831,3.0133062211185027,1.1172627634174188,0.49522455596692255,0.7368524986037349,1.4725706579434705,0.6041719240138211,0.6904511034242378,2.586363682706948,1.7738562211481452
17,-1.4937374903504395,-1.8781130437035949,6.9750010683641746,3.6137218766136847,-0.15553961058785104,0.7492732540075038,2.0470658655481775,2.7866971965175664,0.9069120361482057,-0.6326344075712783,0.6036514570900741,3.883857865126161
18,-2.8170659302046936,-2.0860088187821058,9.09602395566558,3.0910641154580154,-1.2840452275906729,1.3638542065195538,2.216159485658752,5.400989781419282,1.4720121023529678,-1.6512688033221181,-5.389022533172885,7.734120070008419
19,-2.962387803840826,-1.5759756613537024,10.042346643535671,1.2701111928379136,-1.3356424456228684,1.8657150900705617,1.1790285445607027,7.114626666049447,1.754594330773097,-1.0426126277028036,-10.282999073513425,9.626723259600283
20,-2.5092280072526694,-0.1761425493323073,9.487508356344659,-1.2207002229432562,-0.15437156384828774,1.5566895101219416,-0.3553925365266672,6.796612283951623,0.9450526006291824,0.6525311950317099,-9.968608839079165,7.677124479390702
21,-2.055469042170641,1.609243790866161,7.861198469656645,-3.2668040867290222,1.539139549255407,0.26708595937973745,-1.521591167508043,5.01002322436017,-0.9166407767697405,1.634740434125189,-4.879772872019273,3.25236165183678
22,-1.497497267608122,2.605812728252946,5.70502074254123,-4.041022972259393,2.605475737949851,-1.2640037047173325,-1.8927418026516492,2.9823416964419116,-2.6702133019718093,0.8217461939808751,0.6167949227472911,-0.5209499065167195
23,-0.4111111083645289,1.8609898236713238,3.1491023137964107,-3.599458206278175,2.203940053736953,-1.8861525750190422,-1.6308185455899586,1.2471587890211273,-3.0471108648413527,-0.9714799735171735,2.329192865962306,-1.6847418257149689
24,1.0722686487051967,-0.3824014505561517,0.19839137412506985,-2.7685982994318232,0.347060189076319,-1.0557628898579325,-1.2033858680348286,-0.5390720636909684,-1.9397625022437919,-1.9197005513778402,-0.09215482023472969,-1.0392733068295281
25,2.1255067605209197,-2.6689197621783434,-2.589456792895657,-2.4070800584671437,-2.0534824966198473,0.5820075816890175,-0.981736663910935,-2.5691389097333324,-0.5266767529783103,-1.1659794838960507,-3.24665684017908,-0.964959417954523
26,2.1026081470730484,-3.4577361571089344,-4.080909123917966,-2.6905972223673293,-3.7279613820470607,1.6728189838169194,-1.0190266881038175,-4.056640433061049,-0.03464046662648613,0.26372646645080944,-3.4139863380965276,-2.7367407109660546
27,1.3538115335063696,-2.4591281389703554,-3.53373054140625,-3.0423578836697973,-3.87896466711566,1.3165464880309898,-1.0967912089322263,-3.800482920172045,-0.4123418030896325,0.6196284465307047,0.14230773848696396,-5.041445507809564
28,0.8400186062600817,-0.951114794049336,-1.6018330789850772,-2.731931199364837,-2.7399108028174095,-0.15384157097621545,-0.943209862993081,-1.6639640771671438,-0.3597770847337748,-0.5738175331561033,4.933272857451811,-5.2130036381814
29,0.8336139529842327,-0.7071633877194657,-0.12267980379732074,-1.56150162912238,-1.4102224652981834,-1.5078928218666792,-0.46275065481034733,0.7541532412678834,1.2368658121102676,-1.8599232822533482,7.78235594713344,-2.0152970420697716
30,0.25617212661419786,-2.419326053533171,-0.6325908751113692,-0.0159356312256362,-1.0245194272931748,-1.7376603762071732,0.1617161773459208,1.2968544092248468,3.9286215418288783,-1.330900865583873,7.394129058919274,2.757538518361878
31,-2.302999125077174,-5.0059490527729595,-3.0068075184181735,1.213196998260526,-1.868009149417329,-0.8962550694374619,0.5691918319098337,-0.6886212640433305,5.867598942776106,1.2269120042112247,4.764800293406902,5.500757614717061
32,-6.736323900470232,-6.463141360453197,-5.641498687318401,1.8401240163774633,-3.153875464699276,0.09639570790317815,0.4865988740461996,-3.526684135821397,5.453236725838745,3.7828111477227004,1.7572432174705541,3.7880982469810904
33,-10.767032413764507,-5.566366251862171,-7.023219158407301,2.1618769017201083,-3.664390246129304,0.4027742626490795,-0.011983183922667156,-4.670574704190895,2.8769739536847743,3.8115231705105996,-0.2605613932514993,-1.5966394217194695
34,-11.514009991247729,-2.939363940980057,-7.037311090898977,2.6794379918432947,-2.7271661305159234,-0.00400018845558972,-0.47684923138369545,-3.1435601059177993,0.04090714537533286,0.7209871464278087,-0.5952290914809475,-7.379693973366286
35,-7.983659170601703,-0.5130795812120243,-6.647291472483729,3.5630506008529843,-0.7071058667022315,-0.4988198754553859,-0.3709718285849268,-0.5155441654621171,-1.0881329742339803,-3.404007897489081,1.135025154799223,-10.479542727315286
36,-2.0653816420844087,0.19097893031276003,-6.402010305558105,4.465301761459282,1.3682644530633685,-0.5696677863094453,0.5075461267586441,0.66353444330648,-0.12432842556761836,-5.509437777779319,4.798578682427223,-10.152544389974478
37,3.0182628257039985,-0.5753139672534806,-5.584855247729433,4.823387449273645,2.6593967264823593,-0.3286373415408102,1.8171038409530889,-0.540777986713515,1.5919521045491127,-4.158470945171088,9.105225444448969,-7.847503390228539
38,5.319180641475037,-1.0593679319230878,-3.1211957126050383,4.346705281425879,3.0636780792637652,-0.2664624021413761,2.8911435883278136,-2.4740351741101256,2.352230502423288,-0.6300141148515477,11.758727321114678,-5.330550581222258
39,5.314461218024608,0.2547517689515133,0.7076877674742325,3.262906808526331,3.035583187505555,-0.6067558084237011,3.2327333579118225,-2.6074038991249013,1.5569446926531816,2.375091217766123,10.98509173335221,-3.16496747237091
40,4.674590831293779,3.020110289053041,3.8183340102125816,2.150303367177831,2.970761126895522,-1.0295180538417519,2.868101233752066,-0.250020947953219,-0.0190476982569785,3.0978198500950476,7.20265937023438,-0.9357074424733369
41,4.220567245811764,5.106902695279949,4.001581781719987,1.533557517203822,2.820476752613039,-1.073134453227819,2.2492482718437112,2.52460797305216,-1.2005495430982938,1.9763593806708155,2.923706668823098,1.408770233240218
42,3.349249722461355,4.473106290308797,1.2023369115399751,1.5593293336734397,2.2878060351063008,-0.7265280593387984,1.805642873405611,2.773423946575022,-1.5009872631313,0.8236965832554481,0.5904905412059563,2.8770386574909703
43,1.3931173211663153,1.182263826153108,-2.042040112931785,1.9442319142312479,1.3165484920766959,-0.4888568626830002,1.5744724037318394,-0.414343751194215,-1.2987755854071543,0.9331994498194742,0.3702325288994381,2.321069118234585
44,-0.8964700314355382,-2.365436294249126,-2.741068726997017,2.1711802478712885,0.29231536777696043,-0.7763569266535342,1.258831976431197,-4.872456784732063,-1.1537880859632872,1.9641995772349934,0.2640947530296846,-0.07834590178484108
45,-1.7122831866482264,-3.363288905091432,-0.22208652754685515,1.782085487024803,-0.28482185100531654,-1.3333504674830348,0.6381918092925544,-7.2109244616627235,-1.1623898162939488,2.518291521663508,-1.450646079503573,-2.4837476003762573
46,-0.19351458551185163,-1.021032558868126,3.2236381613498404,0.6117660964269247,-0.3107020397134532,-1.3748404847810398,-0.10045725536814594,-5.766963158690893,-1.0354395568851502,1.653601999109811,-4.0438227120500345,-2.8140467715977926
47,2.206796201072397,2.7534813337332134,4.533665383863892,-1.1348986247582222,-0.21939584692502903,-0.4198673411297637,-0.4706175010437253,-1.8547463732261222,-0.6781121562438287,-0.191074532910812,-4.9463231689654865,-0.5922559102812008
48,2.8024213340942543,5.0841228916328784,2.761515471549403,-2.9901451447478204,-0.5862904600379839,1.0339497864951153,-0.15495325621731323,1.7082904915558894,-0.5005205874375476,-1.6718102956483187,-2.733282953250007,2.6422093360962573
49,0.37881259646317267,4.661007252578833,-0.18833088260647413,-4.458003123525405,-1.5729202569680965,1.7935365712320483,0.618434444540876,3.157727817875036,-1.0512991032759311,-1.8437146739341503,0.7014252047699231,4.812843093267309
50,-3.266492733184029,2.694972990878991,-1.6130312558490079,-5.240484490935037,-2.7448256775449327,1.0721214879681733,1.180305361762015,2.9197372889186575,-2.3701593409340114,-1.0118104024397687,1.4123422630274525,5.19392722302623
51,-4.764847376862145,1.452272347801802,-0.6632206531381549,-5.315378438875968,-3.4111687938931285,-0.6270101630644923,0.9431882810232968,2.4939310444380522,-3.792671401725209,-0.37180079187243437,-2.7820453581113656,4.800260087254264
52,-2.3763629840307647,1.916259221884669,1.0918036192227658,-4.837778827967817,-3.1404539270631946,-1.784482576305399,-0.12100093506305154,2.564193495093692,-4.467569975935248,-0.8413952149697079,-9.706378815265802,4.937300764993704
53,2.201704928811589,2.960560618006453,1.5797814033623483,-3.986573370882491,-1.9993843936460194,-1.1629331090276733,-1.4784929245367817,2.3949074455675303,-4.100933108966536,-2.1839131367323565,-14.299233345762612,5.507826319062396
54,5.278816182756316,2.8243290958355884,0.42146172797986986,-2.9118929773485704,-0.3966829249114277,1.0310048854577896,-2.500010785700261,0.9752969594683856,-3.2087433703793335,-3.2022831891317014,-13.01130950031802,4.947109884511658
55,4.49101948158234,1.2575896303264462,-0.9376363959666845,-1.8046056221225368,1.2112259101302294,3.230340330433604,-2.966414361935237,-1.5389135285358495,-2.6445896562817994,-2.8021289936520835,-6.992742929733,1.9504408270599898
56,0.7802751719681925,-0.029130423251463443,-1.1240538931011248,-0.940616843248926,2.4666850805713816,3.8170462209303437,-3.1653437136825873,-3.7336152869135417,-2.845834332267335,-0.9720351858572527,-1.0216671654667993,-2.7844257627270723
57,-2.7484040282565543,0.8027574823675107,-0.47317217730891864,-0.5549029992014142,3.0992529492142498,2.489488747619042,-3.517410685861362,-4.253265295742835,-3.455129048799428,1.1736908700347932,0.7607812338437026,-6.719289838919166
58,-3.7242758613905758,3.501744999547907,-0.46829251353503076,-0.6064305955738719,2.952702651662794,0.4562275302973953,-4.093104470592578,-3.050840117429432,-3.592636369674182,2.3204865102186676,-1.7431519286563764,-7.591722535895325
59,-2.226071735296179,5.568705748234477,-1.604339296665244,-0.6904456999514308,2.137642038231446,-0.6863294659808555,-4.461261387614683,-1.263932474476542,-2.5067186205006387,2.0394299165769056,-5.038404547358648,-5.508935641170594
60,0.0992713356179889,4.535547218261743,-2.2244045814071356,-0.28613350748904604,1.1334361639652413,-0.3264967092388385,-4.001552670865794,0.01992906846578922,-0.10169648290726672,1.0821636831464847,-5.506480912892864,-2.921362887933164
61,2.118220483795192,0.4517267960104711,0.03010929041114208,0.7961698311811952,0.6070026231845811,0.7922385433638418,-2.414756385216996,0.6842559563059464,2.975270471821912,0.6183570647412096,-2.3912863864097744,-2.351641634974781
62,4.055391269891914,-4.0210472567349065,5.387767688232802,2.1679483700939803,0.9827799818379702,1.4647259154935945,-0.018975358170910357,1.2635050117364008,5.672163680072103,1.0951153833018847,2.223515049368591,-3.9369638798368976
63,6.369324065374033,-6.126284624392889,10.73640084676948,3.104349109907148,2.1044091291342326,1.2422928306198604,2.3837173188897385,1.9490908770288569,7.06317274423362,1.7771073072409826,5.755313775287225,-5.119423343119217
64,8.309744207567759,-5.626306629074471,11.69149978879235,3.12323480567881,3.311188424892508,0.7722835061203286,3.9501790144548563,2.231084137140044,6.799434288996899,1.4534685969956926,7.11777339832714,-2.895421247611405
65,8.145338250821398,-4.794857226069826,6.366693424929336,2.395440177491574,3.89186748790396,0.9603540364501847,4.231766885535442,1.6463497221792815,5.267222575602993,-0.27873631634495477,6.728446986669531,3.3074748608452533
66,5.01296567370719,-5.739251251883653,-2.601765563709951,1.594212024551712,3.5374750486572073,1.8379160968674901,3.343405729452312,0.6951786923934432,3.3720477709592633,-2.3614313010095564,5.308096532817357,10.676571623359573
67,0.3006503653135235,-7.840885982829697,-9.78296310139971,1.3056741267053493,2.442305711136945,2.326056686859276,1.8202912903951045,0.6819189171834442,2.0635853597657503,-2.984735063669726,3.242744086525188,14.89959732751765
68,-3.187641685870708,-8.110123530334356,-11.033368391261712,1.5431428132995741,1.0515606718622987,1.2194850084657396,0.30348256528663,2.4389026303409422,1.88523385303353,-1.1644490699876437,1.0196067265306528,13.402211170229647
69,-3.6408136613999926,-4.287613019119112,-6.4385809417085635,1.8057642209051705,-0.2520172667369199,-1.5031307660848707,-0.750134179104562,5.2606146462007946,2.810175196439084,2.187869973588458,-0.3873258379216378,7.344335057021613
70,-1.7842221771160403,2.420439767290135,0.23722558486199863,1.5865344725438018,-1.2728783053336994,-4.330841737933067,-1.2011894312512372,7.309897228544895,4.383134942674694,4.746251312046011,-0.19344601024372074,0.8186130097778569
71,0.03684593629243687,7.910838181799163,4.790613803018287,0.8087693404253405,-1.9560493600713478,-5.289697425263758,-1.1775797598663418,7.233708646332977,5.943522965920774,4.5192845855370045,1.0977069239955968,-2.0956786520350574
72,0.22934336262455893,8.73733176807968,5.551421370911035,-0.20914251660344316,-2.3383289263179448,-3.5753220991307013,-0.9026587998844198,5.375569791021258,6.732358841383671,1.4358485895863249,1.7774771180433722,-0.18971910482348756
73,-0.734501250189354,5.243891795755041,3.8002061011924573,-1.132300515638303,-2.554173484288899,-0.3203100157347885,-0.5134008578185377,3.3124531221694253,5.964271497373704,-2.5658025845023227,0.6317141735209868,4.159261313318112
74,-1.3433615247048942,1.144797988388003,1.865930198112855,-1.8479764600242696,-2.7818943465014745,2.220895501693736,0.019989366698439207,2.180849881733165,3.1200555990886585,-5.00414517431035,-1.393090305527529,6.8200046108894
75,-1.0895697418178907,-0.11310756328154584,1.005783502377469,-2.2977086991599913,-3.061679929470901,2.4155549552493,0.8191232910777632,1.5508704877259563,-1.5190235109649868,-4.6364201932418165,-1.636170674688541,4.8832307260331005
76,-1.1257080981229766,1.3520452336275153,0.8528554486362515,-2.1818022481843466,-3.1487656467716985,0.466874556968341,1.9139123469889092,0.04713449771905277,-6.539293608665325,-2.1474305374070632,1.7129774804298694,-1.3331216391698832
77,-2.7699421600721,2.1712869289806305,0.4312057499144528,-1.0454693325002915,-2.653821276737395,-1.884319051731271,3.0866678990994605,-2.938395817340251,-9.835373089621612,0.6337204657366099,7.3964285772974385,-8.581987052720192
78,-5.61054434465472,-0.6418149939605168,-0.616209280425431,1.1602469041053929,-1.4597447579217493,-2.8441729860927367,3.887262911282451,-6.282267481642242,-9.841070044199023,2.1514464457911893,11.697909372357222,-12.967733691920314
79,-7.510489451467182,-6.341993220910734,-1.7554345173962616,3.603114815095245,-0.026346612877401126,-1.9389265494773518,3.8583838418982497,-7.999166511247171,-6.731141995610334,2.0089188613428557,11.603808213455173,-12.52654997081828
80,-6.7227715924045075,-10.752135532394965,-2.2337246165182947,4.863168041930715,0.8256540879655114,-0.1743095025571214,2.8477421193901034,-7.112916249585779,-2.5179350862956156,0.841282867079924,7.501009124546097,-8.293205176049854
81,-3.8827630669748774,-10.019332822792384,-1.8327432157522119,3.9905315701391046,0.578852936379923,1.0020177687040053,1.1816285880303932,-4.628251282008071,0.2612022003185435,-0.4021257889462579,2.679953598883003,-3.222925300443033
82,-1.6004928282853974,-4.263808734791011,-0.9986404230868494,1.4419083057610846,-0.4735861467706621,0.9192475504808229,-0.4692727283100059,-2.602218897119395,0.33600933977051073,-1.0627141823945951,0.08839384007912415,0.04762463572255352
83,-1.893797087318757,2.346330533830487,-0.38548196640771787,-1.1007780342140416,-1.4461708593981826,0.048377639783949065,-1.4927904664813558,-2.2401091803799473,-1.4913882060538433,-0.9546102725723682,-0.4065812182111236,0.8147869742317506
84,-4.098195766280005,5.155237961940619,-0.3361208811402321,-2.0797125266677243,-1.6872785188979393,-0.6457034973175945,-1.7446456738030431,-2.9019066457962475,-3.2159092935894313,-0.2826973809437318,-1.5114195841149642,0.16520822867315416
85,-5.515817930390932,2.9034271834760297,-0.7170313236781874,-1.4448140652210855,-1.418271064398948,-0.6287768236534493,-1.646921915747939,-2.9436195751035084,-3.398697859273633,0.4873913314101125,-5.354686794249082,-0.5062232355625309
86,-4.221894139617817,-1.5273251749423085,-1.1242319164534451,-0.7267292330570718,-1.4835383925539025,-0.1473772638993388,-1.8550213500773722,-1.4670772377586125,-2.268800673553936,0.8175135785636823,-10.968698263669816,-0.8056146011453623
87,-1.1238225956712913,-3.9289199954697063,-1.2182647390291095,-1.5808623408648506,-2.3864533221079607,0.18436176820683317,-2.7066033282727573,0.7912387333164459,-1.237738971570171,0.41147116633239855,-14.948557483677108,-1.2970547785557676
88,0.929151191161229,-2.3579757169877387,-0.9454367957455484,-4.072974284832824,-3.588221732311406,0.02803427970453364,-3.8774801377988495,2.245301050828891,-1.389386382887928,-0.5113311167344574,-14.548329140990973,-2.3493703391473764
89,0.13594669993646544,1.6793863859255702,-0.5252699432642879,-6.364039363683577,-3.8834436204452127,-0.4415886716829059,-4.553188571699278,2.0341883078044507,-2.4118625233038213,-1.3070454141817802,-10.09871112411985,-3.241153207268193
90,-2.2373334701210936,5.118471398341413,-0.22731783585402662,-6.236766348606837,-2.596160826982984,-0.8269908510752626,-4.028977367991289,0.795261751514378,-2.930459820275748,-1.4182273960433716,-4.51391058250402,-2.6059156381443405
91,-2.936995910214075,6.158195286228949,-0.11131929190879739,-3.1530566102974533,-0.4161284135690504,-0.91451413745715,-2.2821471182008586,-0.04953024985020744,-1.8305339107795333,-0.8730338039107559,-0.6575765695026627,0.12921966871584367
92,0.11520444958289554,5.372027581595645,0.01747918380046817,1.0720967974239237,1.072064270410639,-0.7635887838739625,-0.04733603433402562,0.3142079944569537,0.7224428076703504,-0.2352325424921414,0.748830380061498,3.7869453412081624
93,5.697282241387672,4.449517476011295,0.33488228844126333,3.685184093776034,0.8489089099109365,-0.47515622592480805,1.6841033682284228,1.4026987039982903,3.4566632855535118,0.008064808693429655,0.945792431746108,6.0834128732482595
94,10.266277073633887,4.208188085835808,0.6509140609839076,3.263812431698116,-0.47519952490015427,0.0031454173920399233,2.3394831287606808,2.017041922815075,5.068021020687678,-0.014321227811954239,1.417087970319419,5.441768782529217
95,11.032287689018574,3.936023730404523,0.43420512775412284,0.7888218989011957,-1.110980848076909,0.771743193869534,2.0685620273381358,1.4181240722998376,5.1389135220556375,0.270019005120093,2.6135276862635064,2.338596604045546
96,8.16491272802806,2.5230895782231677,-0.6398117114865297,-1.4166086928713928,0.2513315355393233,1.7102398988035683,1.4632965842426051,-0.042216000288448095,4.170357387668437,1.1142299182651456,4.091448888899042,-1.0799837236712029
97,4.2065344474560735,0.003391915514152877,-2.0879785179512926,-1.81483924822576,3.1074454173733184,2.405740837151235,0.9989893348223862,-1.3143440389504004,2.9322236449982566,1.9544810837457989,5.308136384361065,-2.7548551236371894
98,1.570102919685355,-2.1577104372637614,-2.719513505555664,-0.8244214526033585,5.437193915846838,2.4296200192608945,0.7240900344133263,-1.5716049790889854,1.882891287239431,1.8583107222456576,5.918896746790359,-2.2155954400349778
99,0.6799431503729313,-2.3303805705235927,-1.6388462008404974,-0.012921237106150044,5.435434296799051,1.7131551741244826,0.4427075051913088,-0.8086447788563906,1.1135631128792178,0.5796402097364103,5.519994344110064,-0.5325526611018948
100,0.34042519965204854,-0.2969706784173542,0.6511800181957565,-0.2520817509090438,3.118766028014793,0.637608359995726,0.12525154884759215,0.28361458830743014,0.6134682165262637,-0.912437180380437,3.6940813527370873,1.0096010606986476
101,-0.4629009615849046,2.3621397374235853,2.246430237187589,-0.7544004303653404,0.3543596456719748,-0.26048637790655765,0.05803625125766257,0.9058807070191154,0.3997914043026075,-1.1678836298875572,0.6768308841900972,2.051184260520583
102,-1.394578051715415,3.4336278340494144,1.2900388454326202,0.04156171117992655,-0.6905714997099384,-0.6780762660342294,0.5358825154259972,0.6836121976087245,0.3970369542876004,0.3180722090115478,-2.2417963514957453,3.005990953723851
103,-1.3332594361881056,1.7754023089548763,-2.2383144699616007,2.6714847015786862,0.7208295534469691,-0.6671145484858269,1.419172477526626,-0.16333443597651118,0.36128698859851544,2.4219772187638875,-3.542717903279341,3.9895136147214654
104,0.17156949567996235,-1.839056679788901,-6.108395545315501,5.7998830293263515,3.441530090133836,-0.43674400527458135,2.075570832552581,-1.0089770489063794,0.08463420006897181,3.2854484777805233,-3.027982733427332,4.198879416596297
105,2.212990045920436,-5.336010551118121,-7.4486643926970455,7.238722566890516,5.486423643084297,-0.1138120543312382,1.8680308471965492,-1.2118946099798007,-0.31755923966133165,2.0407730325256006,-2.3232127951028256,2.5885731163080674
106,3.2858798734472887,-6.839739205125643,-5.129240979213972,5.871485374923518,5.526091879994348,0.2730738073398636,0.7708558329306114,-0.5202358316387924,-0.44722102520248697,-0.3163719933387662,-3.325509059565285,-0.796057964402812
107,2.6195914659699704,-5.889970633296334,-0.7780643765487381,2.628135822546571,3.6111629463468717,0.6335064563648524,-0.5072623445327711,0.7331617060795012,-0.06223396101234873,-1.835856160102797,-5.910611656136238,-4.307593846421319
108,0.7575786617243182,-3.552851169997332,2.5882724849507213,-0.3918004026497478,0.8105210561389133,0.7541065295604436,-1.0878049299206543,1.8365030299883693,0.5419102349447571,-1.4598489824282237,-7.47467530798167,-5.755730578828364
109,-1.012213704205746,-1.4671737823103155,3.153147121111082,-1.7423702302986561,-1.6172287781570118,0.4784773627698824,-0.6961129234953859,2.24684613783939,0.7110792151183964,0.019474031141966826,-5.282579819170328,-4.193241875074063
110,-1.6412995170582743,-0.5959555667882063,1.7743895210174692,-1.6473632965014497,-2.78996816444603,-0.0618320329152551,0.08593831279839592,2.0653298559831814,0.09573353872240381,0.8496160907747824,0.4938103573289342,-0.7663901605293703
111,-0.8379923919746779,-0.5974767786659756,1.0241369699706901,-1.3634899594515228,-2.3544411124883164,-0.4772112470913074,0.3617703157345054,1.9525560818312706,-0.8796878033547364,0.13762829889935896,6.338296063459263,2.2106708645472053
112,1.0109399547336868,-0.25882256129870607,2.7244242571571187,-1.7124766349625677,-0.5230467780747742,-0.4571553688697718,-0.22543855131357565,2.4403496625438192,-1.3229969500279517,-1.2723787323194595,8.438527184251983,3.1282585389607136
113,3.0524176311978386,1.3365689008211603,6.25467841659446,-2.3253177314885516,1.8664974758028685,-0.09109672660486319,-1.130912030508235,3.2336399128354922,-0.7517579315438782,-1.762514469844928,6.370694871168011,2.201797442821165
114,4.082667688204911,3.8179678244858373,9.111388395886516,-2.2583939295206497,3.535008888727599,0.19023315568228025,-1.3998530824807869,3.258648546314553,0.3318644443940392,-0.7300904250649873,3.559895078365046,0.9137136029894464
115,2.895029640845044,5.583458560157795,9.103097901302013,-1.1659612321475548,3.4239713365625337,0.039654939737472986,-0.5677823536526198,1.5938921951108191,0.831507338716364,0.6825733418799629,3.787515881113135,0.4687086073736175
116,-0.8663973280089609,5.028364718150423,6.174790464052175,0.2912588320783715,1.504935885021924,-0.43212217251090584,0.8720017309618179,-1.480241236546518,0.12011167246219216,0.7160360421677513,7.218930693916404,0.8186191436834633
117,-5.8596391585651295,2.074920574013068,2.363021891159037,1.1917164538667273,-1.0249997920497438,-0.7307636885608018,1.877417681260584,-4.352437418964821,-1.2545864957868982,-1.1479733149128513,10.165081730112433,1.1155595189908094
118,-9.262144965941415,-1.320403947295355,0.11624676830487678,1.3493798735912945,-2.5599171608758318,-0.4518279902939055,1.768778541899675,-5.173455960988774,-1.9786026148934914,-3.5026853170153522,9.004489098639729,0.9515464392147566
119,-8.478894602743344,-2.3816525650267697,0.491673314352394,1.4121104959787718,-2.3613887213865277,0.3093787242683607,0.8054204792340939,-3.339102093277401,-1.1818425680388762,-4.242798045400746,4.210407435643272,0.9635033301657817
120,-3.2955688424577003,0.24394052764590907,2.5645110984899206,1.9526787665603098,-1.1682578765388902,1.0156970849556446,-0.08732859102716506,-0.08301525854940985,0.6750041734931091,-2.5239336653189226,0.09081585853933714,2.088203286817461
121,3.409691189478965,4.981654933976884,4.226311161972557,2.60162911802155,-0.5210715678918784,1.1481107878624588,-0.1690573173171887,2.3837629810967496,2.0989921509979235,0.4411790302284986,0.2622511559020495,4.212424201171911
122,7.387492640647717,8.034873676695385,3.5882843806332834,2.2657991815219396,-1.3746526245614723,0.6161861106300274,0.46822980031999134,2.4978128490542804,1.8159429062320454,2.482685031477085,3.518270506022068,5.700746092106602
123,6.095460903253491,6.105490140310413,0.08565196475467167,0.2975603811609656,-3.2750162742672626,-0.243708572224588,1.0168221868374796,0.4058283183596821,-0.13287523916626334,2.372652761207139,4.6203941048767705,4.525061885189069
124,0.684793667943634,-0.8504599864993777,-5.190300770855911,-2.6007008572950014,-4.844304897921262,-1.0066808408277261,0.6880837595625513,-2.3287936212334945,-2.3967299195116056,0.746149450386605,-0.4572391244806707,0.15157382251226414
125,-4.834091255298028,-9.135042023597931,-9.99318285500379,-4.75487815013065,-5.052601840861375,-1.4538098161511526,-0.6051788132466461,-4.0010250679825665,-3.3805256880098775,-0.6847389855168082,-10.043959424974254,-5.541357758362391
126,-6.663234410748492,-13.753972140844075,-12.060888526910865,-4.904000763006425,-4.028801464975791,-1.5720468264928944,-2.183602845089303,-3.91442524339577,-2.4484731661442107,-0.7231306863779371,-17.72826496311105,-9.340222199768787
127,-4.053462689498026,-12.059271991785083,-10.403307468856912,-3.274676422178467,-2.698666964480923,-1.376971696431094,-3.143075455993528,-2.5764739958377665,-0.32837701028308336,0.42463573813438416,-18.02163693151222,-9.064495512159073
128,0.35361115466297616,-5.712961269048404,-5.9674006507706805,-1.3243361024199916,-1.7548092811479206,-0.8452917641796474,-3.0043188633461453,-1.0101069865096648,1.488197911505992,1.6157645563294818,-11.241626307619018,-5.296621982291428
129,2.824981951335976,0.6713104467002713,-1.0819471647232972,-0.4451355144291171,-1.0862082281955472,-0.04445296873942622,-1.9700911673378214,0.08348243836970891,1.7968670755679554,1.924624539850172,-2.9237404683013803,-0.9648786636821011
130,1.4813512600452652,3.147146898378827,2.083055342849646,-0.8882999491613748,-0.20412390812680462,0.7471817136188416,-0.6883694240038365,0.6460750218042556,0.43216943669095775,1.340570963118687,1.4286427242824664,0.9541368238322916
131,-2.4731630802289395,1.3513886654863552,2.899640502848637,-1.8380766010412306,0.924100031132459,1.1517416259299058,0.19712465533351534,0.9803566587252698,-1.6841132859125083,0.5248044257567934,0.9386335826263978,-0.2713690660676064
132,-6.011636479003397,-1.6503592654492478,2.3510880948931634,-2.361518350414195,1.6502400644818302,0.9736762024820909,0.3682652049879918,1.2716404973837798,-3.126047073716768,0.08894804492592812,-0.9950925031533608,-2.750971722438365
133,-6.757129225121364,-2.3152657008862922,1.7603779615381279,-2.1756282931514286,1.3265230307756801,0.360033919657203,-0.10233887560465783,1.3692194702328635,-2.8159684590247336,0.14669544593438752,-1.0173099599778652,-3.781785809660973
134,-4.598094657265762,0.29002582912846486,1.4394344078326546,-1.560565377262407,0.1321207911638585,-0.3378730040748377,-0.8596338138012822,0.9751889584211189,-0.7023914112043222,0.4152122617753084,0.759844720721818,-2.218914428581511
135,-1.3399808278067113,3.9420162697835845,0.6194196890636876,-0.765730277259848,-0.9311245469154844,-0.8459165000004342,-1.4333779840405416,0.03940370386529818,2.124232009709751,0.568270255903875,1.668443574408929,0.6849401987086959
136,1.0036285984502658,5.563058851476835,-1.3007459154138594,0.26119981057517955,-0.9635532019851532,-1.0881130416890152,-1.4295459373700665,-0.9967253110126445,4.033804447943278,0.45213596575146864,0.25208561743448415,2.644097811980881
137,1.7053988534004778,4.114103106211643,-3.5896652549272403,1.5247355411176695,-0.07299724806974556,-1.0652793572485648,-0.732288952522565,-1.367223851994003,3.899445319997122,0.08891235279642846,-1.6006315604138832,2.5467390845045013
138,1.4735149176690172,1.3958564076420603,-4.497591224385777,2.565173218641847,0.7161198483714145,-0.7275328535737621,0.3759255644265862,-0.5229044138877753,1.8970456734313796,-0.3742475121105013,-0.6194392679115901,1.3787944731656572
139,1.4127068304503125,0.14538398141763648,-2.890392697466588,2.662977110875993,0.4971147896751905,-0.0780353054240648,1.3149235093951854,1.3287058910499139,-0.5890943482447507,-0.6955509721493918,3.9887604461624644,1.0055905613062457
140,1.9042206461882698,1.374170888367356,0.4557393306513896,1.5933602857194953,-0.5989967076046517,0.6023043568019528,1.5519986236146812,3.1829488567788813,-1.979843285016051,-0.6402996717528864,9.132586514183249,2.0774439716907707
141,2.3879946002323704,3.5118167543384646,3.346889603102731,0.09890715577709142,-1.5504756297742486,0.7841301143784516,0.9947097785628162,3.8900532674004005,-1.6742952881199002,-0.1869288698947134,10.57338575560313,3.2400233605059614
142,2.08831981770964,4.069376202680322,4.094877448411205,-0.5825026002504042,-1.4927083372087533,0.13446266050576358,0.12157514090453528,3.083857316004787,-0.40983138999334434,0.34737491872438714,7.011040525654187,2.5568647418900974
143,0.8786949729757612,2.0826296133502407,2.987869130019602,0.19379104978279837,-0.558176492589415,-0.9896610131285883,-0.30998372717607064,1.5784654941773129,0.49959758891100225,0.478028923888837,1.2739147861810545,-0.23553162386194307
144,-0.5412386021243906,-1.059677589000488,1.8337822414531901,1.840446506706831,0.3589924479807784,-1.5948097945719555,0.18810408079275912,0.7419897747419244,0.3538689969807326,-0.0489851311157065,-2.545798647808484,-3.0264865137406556
145,-1.25386968110077,-3.086894373960641,2.070397521174085,3.0421318798395456,0.6180050268745307,-0.8037346653841637,1.432208368676033,1.2656438227306082,-0.40163028752696356,-1.0002839613305636,-2.9438397618001684,-3.147981626640635
146,-0.8714406678697507,-3.014216171007375,3.3922114349222063,2.9485682480926836,0.499522401924302,1.28900266342444,2.639140007278786,2.4351560143125317,-0.7581429803528358,-1.8230839838420063,-1.9121152168103994,-0.09867411574120061
147,0.281087261224292,-1.8404384841192134,4.239075126516557,1.8873289326178049,0.7994218099491006,3.501977159465487,2.9540216313725,2.6953537559177114,-0.221045605792793,-2.0932329976238493,-2.2463267762930346,3.5782299277900953
148,1.6227752197179859,-1.243055644236049,3.494835293486815,0.9170756451264301,1.8144582695121072,4.417881127899966,2.0610190675918627,1.1108628714416788,0.6976076529928584,-1.7988941099894933,-4.368078994779633,4.404728545554048
149,2.8375542644175336,-1.7926081233866968,1.5288347381346457,0.7293490617077297,2.8724971711216343,3.491669050153546,0.4241406547344536,-1.6289871378625878,1.038538877032273,-1.2053472281333582,-6.049957386791133,1.2622423817006032
150,3.8849108200183147,-2.5523452066949437,-0.4275500474850068,1.0394928620349784,2.9782394116259274,1.4142257623261194,-1.0306513534566224,-3.693401817912841,0.40323693675662353,-0.5189504589623779,-5.115081373745432,-3.29548405581399
151,4.566273769911597,-2.3073560578786596,-1.6617801518858304,1.0359508998261124,1.9120555396919465,-0.5713481757682874,-1.5667692719319999,-3.69711417028963,-0.6347333438397584,0.2320409556369736,-1.997220915527298,-5.1473107061169125
152,4.288313925131414,-0.9108032752968827,-2.430134119963072,0.3256027044527848,0.5777964809508186,-1.6972640790171116,-1.1419980646221688,-1.8717943906564922,-1.1294366119312833,0.9962224810084036,0.6274829553082012,-2.2914723732361666
153,2.503246325207242,0.7519251558245444,-3.0266274015814054,-0.6597608101568115,0.16316771085922072,-2.059719910442426,-0.3880954450602961,0.324091924194408,-0.7404015742143372,1.5146451297539387,0.6384790909404938,3.330225069500637
154,-0.48770737155799954,1.9881734718777695,-2.8161215778389894,-1.1764545327803093,0.9559508153084677,-2.1176633025972627,-0.07812401566697263,1.707011784354784,-0.07089170058429298,1.4928151261338518,-1.3752688112883613,7.587082099779482
155,-3.265726610638909,3.1105158075842323,-0.7525219842791557,-0.9661396937583809,2.0709694915855756,-1.9979128846646965,-0.49202487922105864,2.354037216942377,-0.01475455413309175,0.9922197846588025,-2.8393188004310312,7.781038963023508
156,-4.108339217386095,4.748305156522868,2.90094901258881,-0.44750753507963315,2.4069688422096314,-1.438010367476759,-1.1850857254959843,3.002632923262776,-0.7821553574284748,0.5315699552701525,-1.8763394088555987,4.683684419634975
157,-2.369493111428632,6.451138113720381,5.700275170541293,-0.15615387405477352,1.8356631297821784,-0.38692959406526406,-1.3595663513274598,3.5890534847005973,-1.6041508395193,0.6401326471924289,0.9430359857729994,1.2157577124604009
158,0.8168731533429202,6.440795250275001,4.5687586420492545,-0.1459286381462728,1.3373430976194967,0.5476261583484106,-0.552945389967212,2.749779097885816,-1.4291113869621077,1.2656775578425443,3.4594928580694475,-0.6324141514582875
159,3.2996964798355264,3.240981644513656,-1.2086758760332659,-0.059414444470416695,1.8879171300835165,0.49623615878030053,0.9247448572985314,-0.8199415963096977,0.06659483946514125,1.727917440020102,4.212037267664877,-1.416487958064379
160,3.6046570975215455,-2.311525493404087,-8.485568211590117,0.26320878560863326,3.252430820532167,-0.7260451961333889,2.191760179169219,-6.38941704620241,2.129119104083691,1.3879350596222997,3.6325746507455525,-2.9014399025088164
161,2.083984486470041,-6.9945618616683145,-12.222903201784435,0.4413654723190772,4.013444541857677,-2.1722306655361976,2.4941665914883817,-10.874706171279998,3.552485080445592,0.3767426229536164,3.093554345317758,-5.488856534555293
162,0.47519796181520724,-7.6463958712256686,-9.615641175744098,-0.019651270763420346,2.922811015643826,-2.4678835609575382,1.8219482272228233,-11.046322387968978,3.6646431384146907,-0.45122756297923317,3.178713916765096,-7.389397260346259
163,0.2804603752642196,-4.03092399712804,-2.680598721846567,-0.9824594037412707,0.2621201511795881,-1.1073121335860845,0.9002575637465807,-6.48574799964141,2.7764920570076472,-0.3901053512515115,3.2108728689177393,-6.52147395744898
164,1.473326119758627,0.7349233482869304,3.281694283400587,-1.5484317051934828,-2.205140514484939,0.9588747039324025,0.5404200420297426,-0.37682302925164807,1.7718783754721086,0.32005138230348423,2.41750060279782,-3.030809811223843
165,2.692737486769711,2.855035264273079,4.167386505941583,-0.8727703438793768,-2.751157222118025,2.1368194969521985,0.9082772001495649,2.9786394739814748,1.3199514486814585,0.6934899836316828,1.1912767971650913,0.47331351525428
166,2.636199199135217,1.2153465913570658,0.4801558016144947,0.8413109466044316,-1.2605628853729685,1.6835363086161983,1.3698151912897025,1.8494727886930662,1.4421176747569153,0.07501742308420584,0.89169005318903,1.4431087785231613
167,1.250809420591296,-1.7836219844769459,-3.407477450028465,2.2787764591873803,0.6465201390565783,0.4085705838590149,1.0812513310840475,-1.4860583711934532,1.7101844848050565,-1.0539971302640585,2.4073529281127914,0.07523722951000894
168,-0.3783203576822087,-2.7202439720229226,-3.367756297490937,2.1107564988587773,1.0717908515927301,-0.14595315843429238,-0.182371672706757,-3.0134075186518094,1.7327537313165529,-1.5053849956713432,5.122774760740308,-0.8133846507271567
169,-1.1915104076923693,-0.4985147454604811,0.8447305952274317,0.25422090984908724,-0.5019702578855864,0.7520052179115245,-1.712896125369716,-0.8595991343643297,1.4175413953143912,-0.7033696750810078,7.4105579446723615,1.2058375375925723
170,-1.119756117631677,2.7310224719801726,5.675097119289677,-1.9687797247585077,-2.8772959747019304,2.301593461520718,-2.3946094844932757,2.9581545773293856,0.8516271146795442,0.5190324279179505,8.021758591756225,5.34818620850844
171,-0.930729975864898,3.8708633710535203,7.2329628093268825,-2.9840448509290147,-4.347213978052642,2.9830069117801816,-1.6519366777662574,4.620196635034743,0.0662083333107224,0.6398618950639382,6.849231560714543,8.044587832320024
172,-1.2605440518839865,1.9660173140618267,4.75835462034101,-2.331478108681474,-4.205128066894566,2.069729034939932,-0.0022573565272079117,2.3780655613912978,-0.9938133192536699,-0.9115948696767003,4.451909427316143,6.401224003167965
173,-1.934766631063068,-1.0239077377684263,0.9908659519451494,-0.9342982149474434,-3.149358633089619,0.31523211106871935,1.2900691807441327,-1.6092447658291449,-2.2775928476927856,-2.895635011521253,1.2383887664450763,1.2491584559456417
174,-2.2611891262199544,-2.388437418305144,-0.5829903479363467,-0.07360635867425755,-2.3552401433564074,-0.8355411476631825,1.1996760259014894,-3.301420897147373,-3.4746464161189943,-3.2380672658770537,-2.5419637178285766,-3.3885513888726457
175,-1.8767510000321324,-1.385465429449568,1.1451335206904725,-0.1535668826115547,-2.2804150880820497,-0.6565830312430154,-0.24179480802196424,-0.6908375629376701,-4.12132744615689,-1.0405747194674388,-6.114264217527727,-4.004826758270648
176,-1.1731745688185702,0.27398910236601925,4.1536179492501795,-0.4809455057022287,-2.398147264333783,0.2561314862120796,-1.9663461470384136,4.206120663682928,-3.9104440571489323,2.3432795897372496,-8.041168064667055,-0.8462886620879347
177,-0.866686083747251,0.48400550506704926,5.249935506087904,-0.17944729988421523,-1.9895324416195082,0.7181043772316361,-2.704813234822047,7.178927333235464,-2.9408191409548725,4.333019596455265,-7.337497469422837,2.5077222590906576
178,-1.2479944457278938,-0.9973342731899145,2.7604779129017247,0.7967377262773798,-1.0338780128919607,0.17580298231159514,-1.9586827789943566,5.663474913813381,-1.6999529861019786,3.369375293504847,-4.849622551996547,2.7196895206695673
179,-1.95524136218078,-2.470159958211743,-2.2671179821009972,1.6051288927529952,-0.227952472626013,-0.8530701570263183,-0.3523377062774253,0.9451803751405179,-0.7976613409739461,0.27293973643917685,-3.134895259836832,-0.2099661056104808
180,-2.4620807940873624,-2.3039236063783872,-6.964786647214882,1.402608746871241,-0.1704148675324066,-1.4695872719953391,0.868014936024944,-3.190879837047574,-0.6383484203290668,-2.5563085451106393,-4.4037711300815525,-3.3332626454924283
181,-2.656954927785571,-0.718355905948853,-8.597710402739057,0.19498427265059592,-0.6562083121329259,-1.3663717855044917,0.7609247927985714,-3.8444347555976903,-1.223132148639527,-3.28670652937298,-8.277769746688696,-3.996817184097477
182,-2.8437458296302216,0.5915193874008802,-6.126837701662569,-1.2130449659177172,-0.8817994710045995,-1.0301568433076043,-0.6626522628397777,-1.179280065908313,-2.169255170126426,-2.1017917967132056,-11.711071586272178,-2.4641045117151665
183,-3.2303882545340654,0.4465256153168727,-0.6392374701697279,-2.0267298628311994,-0.35164609919167406,-1.0510755400865566,-2.5038931325962945,2.3496001580724313,-2.9241777347132167,-0.6939569039285676,-11.50087682533866,-1.2965314294816108
184,-3.5956342385963818,-0.5158715357585829,5.295688045793213,-2.129996399937281,0.5061490719425238,-1.399286850229711,-3.6388528221911285,4.514022939391549,-3.069637920311608,-0.4921576351173653,-7.1918908491587406,-2.3777882651104565
185,-3.59096460552608,-0.6926969420544955,8.937841605294395,-1.9747729855520066,0.7244798661931343,-1.4939583998072792,-3.470898180743287,4.96427016571487,-2.555748534779395,-1.420529252487766,-1.6109424843990172,-4.8713443020946885
186,-3.3217929979423864,0.4727154906306948,8.817011051207176,-1.950709348985814,-0.1647144367744685,-0.9368906992619757,-2.2667449218224576,4.713327981955473,-1.7149358949388962,-2.2558973503014275,1.5288889997710402,-6.238700556476554
187,-3.4357671847069695,1.6267004341115148,5.576288142096805,-2.0008798427636556,-1.5111256882524375,-0.02351095894905361,-0.8996125027837082,4.51317843636815,-1.0267948965618008,-1.988718098568276,0.7098467084489619,-5.084820523746421
188,-4.459088412682395,0.8405844652835204,1.5451459784966868,-1.851903533034805,-2.0425393144612074,0.5728793870154265,-0.21750419552284525,4.073822206111146,-0.7866472563577331,-0.7349818967175016,-2.440838772015503,-2.6773615120338246
189,-6.012756721230384,-2.2254210728771833,-0.9111223147420615,-1.4634985604545852,-1.057878660499283,0.5717883483786765,-0.4689541157295792,2.791861322907379,-0.916124772390022,0.5704607525147682,-4.961586635703077,-1.5027326788883983
190,-6.785409694950505,-5.63619734483714,-1.1439042578174456,-1.081587151610362,0.8373498337588893,0.3987357323120877,-1.1550650006566925,0.8475394425192854,-1.037974903603885,1.15540126287032,-5.1083106097693625,-2.459896874978964
191,-5.416884212067764,-6.7468310724563745,-0.5867453697766807,-0.8253839636784491,2.2095458990268386,0.6464582219801692,-1.3962201113273813,-0.7736883933883703,-0.7151681300980769,0.9970067636040617,-3.1983236575929017,-3.7527382014351978
192,-1.5261760989869881,-4.484714101771919,-1.2713907797745354,-0.3653848367784895,2.0869805628128373,1.2833677703684598,-0.5705167382306123,-1.3813916773711197,0.3479759771716154,0.5916125027940047,-0.34427528225709325,-2.7035521475968567
193,4.002065537438403,-0.17514870209353312,-3.7404535987030565,0.81304854823193,0.863197221681236,1.546348312756399,1.20566692951196,-1.457486351862573,2.225719128301512,0.39963413190004254,3.1094978475370088,1.4068196691131514
194,9.580655072870499,3.6915731618599015,-6.3335325899596855,2.761646934910052,-0.04487741718194493,0.7276971682251708,3.096950228429503,-2.1855391456987765,4.718287934841627,0.6092050036430852,7.5796776685075695,6.438634912162061
195,13.669289528632461,5.3787274190357754,-6.655817740470977,4.752846525008999,0.5095038879722644,-0.9448401290935943,4.079232205790236,-4.060105423255601,7.250011899474959,1.258853350973819,12.792725518202552,9.34742680348848
196,15.125182285230624,4.795446490754887,-3.935892752409485,5.721064034335093,2.329432484606982,-2.3120163461017245,3.627642066942321,-6.110411294265981,8.862155187797274,2.2900192578099974,16.775313989474224,8.965002275140117
197,13.292402592976472,3.0143315989752204,-0.0012643477199850855,5.089983959522432,3.989055862313382,-2.2643247084138363,2.0781426400631324,-6.672623190486763,8.564643550364202,3.357323799497825,16.775289321174988,6.830015784505298
198,8.337749863844111,1.38067726106668,2.1748143366059742,3.196457947646059,4.0328366613536595,-0.7728637587279081,0.4024637257573248,-4.98732481100063,6.050011027484171,3.779716228327352,11.525696437805891,5.407424736328727
199,1.8067767622783713,1.051135160180987,1.081038385893948,0.9482175622469009,2.209365344699173,1.0391336545171972,-0.4354919440137986,-1.9931743004483289,2.27922145200918,3.012439498231431,2.75306540053302,5.687768417007524
200,-3.4154835463885,2.757399117916214,-1.9894068293978233,-0.8629758327073459,-0.30148350285707565,1.8528559605993733,-0.06780460655289591,0.49222792082411404,-0.7363864490921402,1.3294395596281556,-5.557677010360819,6.590471571442067
201,-4.440222464468144,6.240437147872789,-4.100684292564118,-1.902830877466433,-1.8117101846616177,1.225113100101668,1.1568485859253397,1.362705390150702,-1.1274523522503377,-0.1142634472940579,-9.597375558760877,6.524985011481838
202,-0.46158247201690844,9.678700213605651,-3.2285354723870703,-2.10659764377998,-1.3906203323909323,-0.18055691957989758,2.552183458231875,1.0115467643786233,1.3954065553702597,-0.2049598945073845,-7.930362692962472,5.217564675423224
203,6.126361217973459,10.241833748699793,0.13066116413353263,-1.4170464413490758,0.5364963268543746,-1.287426465417485,3.619415373095379,0.6425654944320766,5.043146645834941,0.9751175740533624,-1.9740113636048942,3.8316253047022553
204,10.946054561847475,6.151754084290291,3.6104663332068436,0.09573404427006174,2.6317539229462,-1.4686906112144023,4.288669891198705,0.9361560263500863,7.00175611423841,2.014283120539809,5.1591950707997265,3.404186765042444
205,10.632324615080432,-1.2510539570025034,5.048927705523376,1.8964137299292123,3.6596853162485425,-0.8272331733715947,4.729280353127711,1.4371742409633779,5.392674862575033,1.4303543071054723,10.330557047317807,3.4360845358470424
206,5.285215824505323,-7.746691589034637,4.008605517698704,3.03230916922773,3.254172007328684,0.15482138557913336,4.968278148992994,1.1496712950407166,0.6415670027769041,-0.802160299279196,11.61557310891266,2.215884982327773
207,-1.7229009049510524,-9.339306168410243,1.5937806750786163,2.8086214175086415,1.9545004042733904,1.06365724693279,4.712281347740392,-0.41840627205907005,-4.850968233102922,-3.05995974393777,8.895053225748528,-1.4496167163386375
208,-6.46551038237179,-5.803488880776021,-0.8367398858817241,1.515411336193862,0.6537836159405769,1.6712561987743184,3.5654227597446275,-2.8143412508301138,-8.465745096273395,-3.5790093712939703,3.848023015862474,-6.8726734950572075
209,-7.3658169419483634,-1.1994592286266235,-2.620117055137352,0.34342172855872716,-0.02646723457902574,1.816583276336157,1.459315716478103,-5.056450555227904,-9.11277441048475,-2.232021656349178,-0.7952220411254809,-11.8047500562511
210,-5.853216975893639,-0.36553619706965224,-3.6900779074938916,0.34780960881721174,-0.02116175074956808,1.3964081349219448,-1.1065649121591172,-6.284386656970801,-7.62146327449486,-0.7133217114062349,-2.766104561563295,-14.044826200700294
211,-4.473766893957535,-4.347802537132282,-3.986217186912089,1.3742605577667815,0.2919713313993773,0.5371446333309585,-3.2784368967623148,-6.014999779269976,-5.656659386090694,-0.8121254089450048,-1.824851601026379,-12.831960061162013
212,-4.45364642366493,-9.153060093217967,-3.3071701659040675,2.074917116305798,0.3994187666103244,-0.3508386448327754,-4.395913954581566,-4.06080838935392,-4.274476019930681,-2.472596289097401,-0.10134537593246652,-8.99704387971358
213,-4.988448337327301,-9.313991506641008,-1.7571522348963127,1.144317057963683,-0.06586620601499003,-0.8627248097060097,-4.446760998817582,-0.5867933970890454,-3.368553838280844,-3.693277979438955,-0.5446427079060903,-4.141787161930785
214,-4.639239462817349,-3.1059912156541736,-0.056387712939868904,-1.3540465988899901,-1.158836419152102,-0.9961838580611339,-4.042123845967525,3.589690213094555,-2.281552391391834,-2.513218978761449,-4.438854169494544,0.2229058368469191
215,-3.1409329523867613,5.540564129395144,0.902035378458488,-3.892390426943329,-2.581198045798245,-1.1640536716660939,-3.9021891938715147,6.967673771083355,-0.7734423909739253,0.8492689250606643,-10.058997547146506,3.076502174520266
216,-1.7164016720497501,10.362829039823644,0.9096087633909004,-4.7788178670644035,-3.7779128591011957,-1.6871632286662084,-4.256111473758558,8.063744576192308,0.6469420312101506,3.9181439344547995,-13.813190981889,4.020004607600906
217,-1.7030276818647643,8.25104830140362,0.7374719115150338,-3.642411732351157,-4.182872774564569,-2.26178225537611,-4.659746329160942,6.493361803215723,1.252744900052077,4.153069215865175,-13.071490537661772,3.3841854122559925
218,-3.0625975335615254,1.7667897304101867,1.3873654172025822,-1.703123294251429,-3.5376885531655846,-2.05441175009371,-4.409532529259122,3.4193039708554562,0.8497197297551939,1.3341706237517112,-8.296563704859672,2.10766697166847
219,-4.3625375257628,-3.519129742621159,2.9571314483339823,-0.6224300609597477,-2.0959136578047772,-0.47972423340370124,-3.225350876877591,0.748364483871304,-0.02227282903397516,-2.1855969670390296,-2.6532330260826993,1.0997026499949003
220,-4.191953523295227,-4.11662834639452,4.306731407782315,-1.0886754792656248,-0.5336612550559726,2.054550237141902,-1.6119135470786115,-0.3418200756005089,-0.5727995377267221,-3.608556189197154,0.49617435539571136,0.43101920289260115
221,-2.492953505185833,-1.2736495265033931,3.989962197991239,-2.4453560784181105,0.4294577004130439,4.239750105055439,-0.539234353536276,-0.20399012987865223,-0.39597949848123304,-2.143954724596798,0.020062578125641897,-0.7547958387304996
222,-0.4679328271975884,0.98920122754513,1.6486482599709258,-3.535741074412102,0.4648796471129276,4.825196161387941,-0.6519761929606084,-0.09125528101817973,0.326376982224112,0.5102735065724239,-2.5347168097415795,-3.198242555007513
223,0.7274489256119296,0.09252056905201503,-1.4507502650691044,-3.752901915328772,-0.18039590412589132,3.598834818411568,-1.6561090365922886,-0.7526138280590436,1.1223513178626319,1.9509714328306766,-4.477646120573179,-6.215873577811739
224,1.0697394906125997,-2.8841892130748956,-3.289705471406263,-3.2604703667726533,-0.882017713344066,1.4886378388650514,-2.440755788165491,-1.6970061840209822,1.625550828225543,1.253212691738832,-3.916200630080241,-7.648767044843986
225,1.4396006082146686,-4.804114688720022,-2.6398570885082604,-2.3926396176997407,-1.0669116488990293,-0.26976437856619423,-1.906227195035966,-1.8619257374924332,1.6994596426384045,-0.5058403961545179,-0.6420404915339671,-5.585882067331794
226,2.4390659142386726,-3.7989197148352254,0.0357383668825433,-1.1292245326591517,-0.5601492872835254,-1.071190793495122,0.1393484605112295,-0.9315782850233394,1.3181766809248834,-1.6320597301737583,4.187837633722945,-0.47293743509690317
227,3.5905484694700975,-0.8452469113529945,3.0078958655657195,0.6901244557281928,0.3701071921987549,-1.1391272966473087,2.752864732853069,0.15287562455093898,0.48884213357577116,-1.5029784814139042,8.779302542912774,4.584176149881004
228,3.7747242728509516,1.6399535111778853,4.573209249301234,2.7527969602578835,1.2417771113599227,-0.9625477833874725,4.512274844703975,0.09803363637012594,-0.6464250686064192,-0.8910113009046917,11.282414291627132,6.067790208188327
229,2.42072747566851,2.2656095817076918,4.144324299401125,4.160602245966334,1.6510153220924533,-0.7094330088034071,4.546159951680008,-1.3351939587447297,-1.7047055912092752,-0.8438302551296132,10.389279771703654,3.085125475555484
230,0.19737592144822913,1.5519799847079783,2.4118499364200474,4.150617935541851,1.4346563158455001,-0.2546035268822232,3.120497297913093,-2.9146765517099724,-2.191732626141489,-1.4956740159387432,6.149035045017417,-1.6249726455364573
231,-1.4886220823046308,0.7200391608081302,0.6626561822722087,2.933784066109007,0.6696708874351726,0.33054476450323256,1.3423092422999756,-3.0094892011390244,-1.8319279206580918,-2.0375768266433525,0.46938609742881876,-3.8575376732307567
232,-1.6661531573405903,0.197414117884271,-0.1242647185493764,1.6475919271515658,-0.39872678911906345,0.5381244382839901,0.27224949858654507,-1.1180485003849854,-0.7874310335592389,-1.685719622289454,-3.6019922817985597,-1.4710301884221273
233,-0.5206704032122752,-0.3839224753331165,0.1813862040336873,1.3083806257606345,-1.4231279833523791,-0.15974886385673606,0.1945027494053731,1.6569590565601462,0.4760175535664761,-0.46613375366904025,-3.8605648901026983,3.8807838285527034
234,0.9215158779359511,-1.0053892083922211,0.9066041413328069,1.7835234512032858,-2.0301867307574035,-1.6447203188530497,0.5967296454698646,3.6281442201520453,1.5575215627494103,0.9820680134306269,-0.7820625663600647,8.334407024194448
235,1.710996781050215,-0.7114637786028336,1.0915506671535204,1.9020181585714888,-1.9555022240020454,-3.023626571156185,0.7720931148994179,3.9911645823331323,2.355915491287181,2.1833389909429983,2.58042996777938,9.159218669798204
236,1.6096398823586928,1.3434946877615792,0.16679861986808278,0.6860109593357835,-1.2044446468353271,-3.3067650326741607,0.4529608218035022,3.3152561011744357,2.9548624008469835,3.186174215117762,2.9483416417900186,6.769517369306924
237,1.0037513788604089,4.420555586109356,-1.6043955373099528,-1.5193963278807812,-0.10935113461066032,-2.2859427766068965,-0.05732135860056713,2.6972210289154996,3.332286877204634,4.134356329079009,-0.41849342971825254,3.767893491168193
238,0.39876344476350295,6.26097416786515,-3.2423084427514492,-3.2108437711053264,0.8209554536980831,-0.733687089737253,-0.2791118271135051,2.5706639791789807,3.2610144915317223,4.696898385020327,-5.020676061296119,2.2687082756855332
239,0.05866818375700065,5.045250692765932,-3.725524014195528,-3.0883854311237586,1.2008912940704266,0.2974822058506008,-0.03952300425804438,2.406532769382646,2.5427447355279886,4.191108554601669,-7.226893582775329,2.199749208507482
