Timepoint,8,9,36,39,41,42,47,51,52,54,55,56,100,101,102,115,168,188,189,216,219,220,221,222,231,232,233,234,235,236,280,281,282,284,295,348
0,6.7084875,5.09249,12.04523,3.3136377,2.413701,4.17571,8.244068,5.044448,6.1560974,3.5917346,4.747557,6.372963,6.0709352,-2.5611563,10.58542,5.0336986,10.148245,5.161851,6.57274,9.34969,6.3699684,11.022027,9.95209,4.778583,5.897068,4.558179,7.541103,2.7013516,2.0159807,3.620581,7.5262175,3.48774,6.5180893,13.77423,8.395865,10.671516
1,8.033388,7.932775,14.068416,5.696996,5.0804405,6.338966,10.429219,5.6047206,8.479195,6.2351146,7.376953,6.2542534,10.714693,-1.9450673,13.754229,10.044323,14.422512,7.2011557,8.255911,12.478384,8.627925,17.388195,13.102865,7.4757366,8.008218,5.662212,11.297155,3.9126148,4.9441295,0.7352004,13.176332,10.367101,8.9880085,22.66073,10.562272,15.82913
2,5.9953146,8.738551,8.645102,5.800401,3.6956172,5.018135,7.2755346,3.013161,6.2221236,5.5556483,6.712203,4.625792,11.7000265,0.437726,11.112606,11.537459,11.786816,5.7761655,7.2518454,8.678442,6.973804,15.927401,9.144333,6.5231905,5.880473,2.1808906,11.4046755,2.4279525,5.444156,-2.5038319,14.431109,11.103769,7.861826,20.13734,5.035151,14.137529
3,2.9998899,7.189306,-0.8075984,3.746405,-0.53049874,1.6392001,1.1030902,-0.6912807,1.0307622,1.9904966,3.7048445,3.4421935,8.031395,4.779007,4.935348,9.597222,4.3238006,2.4781568,4.602744,0.6868531,3.038813,7.3845434,-0.013752041,2.3606913,1.4059839,-3.380761,7.196328,-0.68080235,3.1483128,-2.7838435,10.360298,4.2383943,4.2221203,7.1866555,-4.6368237,6.4960904
4,2.4551554,4.538616,-7.4024386,1.5628041,-3.0401063,-0.39254785,-2.9903116,-2.2708507,-2.6943665,-1.3038032,1.1285579,3.802786,2.3531544,10.194333,0.8540442,7.173713,-1.5618055,0.7165876,2.6052246,-5.042033,0.4419713,-1.5043799,-7.85851,-1.7215796,-1.1350816,-6.1678705,0.8222618,-2.539733,0.38392943,0.7163718,4.266463,-4.5368414,1.1794884,-6.137345,-10.193288,-1.4603286
5,5.4000564,2.53168,-6.608113,1.2521892,-0.11563324,0.8339872,-1.6956816,-0.22950853,-1.7311716,-1.3882034,0.86313856,4.955985,-1.1759014,14.332613,2.6112978,6.7685804,-0.9959012,2.4754405,2.7966678,-3.998305,1.3354038,-3.9007325,-8.726597,-2.4923313,0.85985035,-3.4096696,-4.2372417,-1.2574444,-0.09848481,5.3532224,1.0777588,-7.5229855,1.0633059,-9.2791,-6.050566,-3.7736483
6,9.211252,1.9781557,-0.1591613,2.8075118,7.0052166,3.6173553,3.3820894,3.6690648,2.884893,1.4785708,2.1113544,5.1948953,-0.48792106,14.361768,8.222142,7.76429,4.7563415,6.296843,4.6194377,2.3200607,4.261051,1.003531,-2.8594284,0.21251519,5.599735,2.8190114,-5.569455,2.045088,2.05007,7.3775964,3.0412037,-2.5287461,3.2434397,-0.5630735,5.1400948,0.77655375
7,9.836559,2.2822819,5.6907806,4.2134037,12.480888,4.2419777,7.157554,5.8986697,6.7077937,3.915862,2.3686075,3.6508543,2.6416194,9.063651,11.539904,7.2885594,9.547181,8.541178,6.025337,7.9168344,5.5485682,7.487227,3.7339458,3.323633,8.395633,7.346281,-3.281514,4.1726933,4.3520484,5.3850517,7.707557,4.724596,4.6571045,11.472045,14.354569,7.517079
8,5.5566688,2.2641642,5.9746523,3.4915676,10.999523,0.8676069,5.815919,4.398861,6.0203238,2.7145739,0.16057836,1.1161356,4.3253994,0.2630563,7.98255,3.6581097,8.3091545,6.7616086,5.3883805,7.969678,2.9708002,8.839715,4.6678777,3.46507,6.1031265,6.6493483,0.4202069,2.985869,4.0251856,1.4729356,10.173315,5.9820766,2.6136947,15.988066,14.050158,9.904872
9,-1.3290436,1.343315,1.3415316,0.71439534,3.0418072,-4.2466235,0.34025037,0.47255412,1.3420432,-1.8353113,-3.2886684,-0.89561146,2.107056,-8.07316,-1.0847882,-1.4427322,1.8040823,1.9153785,2.8393776,3.1313317,-1.9731892,3.443772,-1.1137447,0.18649578,0.18577532,2.0491087,2.9153404,-0.4343757,0.8924261,-0.9971846,7.506989,-1.4605168,-2.673316,9.366635,4.695661,5.286107
10,-6.5732303,-0.122646816,-3.1880295,-2.1152048,-5.0654473,-6.6626177,-4.6150613,-2.5317748,-3.159855,-6.0231085,-5.2332425,-1.7831897,-3.0091465,-12.680326,-9.629204,-4.6078506,-4.5365815,-2.7188022,-0.20081376,-1.7026831,-5.4923434,-4.4410043,-8.637034,-3.6394792,-4.701503,-1.7876213,2.720593,-2.9093359,-2.3849378,-0.7299647,1.1945624,-11.933534,-8.128674,-2.5711732,-6.1461506,-2.820294
11,-7.862721,-1.5829924,-3.647648,-3.2276256,-6.8567123,-4.1510077,-5.402134,-2.5398452,-3.8941386,-6.332295,-4.260483,-2.4377055,-7.7790523,-13.328959,-12.620058,-4.5500216,-6.3315754,-4.7749095,-2.6418424,-2.7538857,-5.2900887,-9.536978,-11.794807,-4.655961,-5.284235,-1.5967652,-0.04137142,-2.5331984,-3.072921,0.42163816,-4.6113415,-16.749262,-10.391744,-11.130251,-11.115251,-8.0898695
12,-6.802369,-3.1759868,-1.219335,-3.0363746,-1.939243,0.7825197,-3.0037844,-0.8492279,-1.6104237,-3.0755768,-1.8659157,-4.1876626,-9.762572,-12.411632,-10.472342,-3.919588,-4.545455,-4.9421787,-4.725701,-1.2960981,-2.9302866,-10.746446,-9.099936,-2.3378744,-2.8642936,1.168425,-4.164956,-0.80080074,-1.2688028,-0.3988089,-7.178655,-12.585143,-8.653397,-13.075302,-9.589595,-7.380882
13,-7.12601,-5.6524158,-0.8627567,-3.7637033,3.4720478,2.9237711,-2.00929,-0.88637036,-0.8902492,-0.30416897,-1.0399421,-7.2529755,-9.183528,-12.144795,-7.9874034,-6.812128,-3.9670937,-5.935998,-7.394167,-2.1158698,-2.3654377,-11.360353,-4.781276,0.44774404,-1.9125825,1.7876196,-8.161379,-1.1235571,0.15974562,-3.9828374,-7.5778427,-4.6889405,-5.32777,-12.554334,-7.3299365,-3.7638888
14,-10.883814,-9.30395,-5.863117,-7.0086055,2.5988288,-0.78705984,-5.8928905,-4.7182846,-5.5963326,-1.8390325,-3.2129142,-10.313217,-8.039218,-12.187163,-9.134562,-14.223459,-7.6238008,-9.418169,-10.789465,-8.074167,-5.999029,-14.406463,-4.2513566,0.20171137,-5.401789,-2.8447824,-10.78709,-5.061697,-1.3475952,-8.188427,-9.123448,-1.7295978,-4.0494165,-15.361799,-10.015969,-3.6231172
15,-16.242819,-13.02702,-13.82216,-11.704411,-4.9066224,-8.112137,-13.166342,-10.634147,-14.491173,-7.195214,-6.637267,-11.585563,-7.7144027,-10.136516,-13.10694,-22.096575,-13.137697,-13.988467,-13.568576,-16.36719,-12.100019,-18.40486,-8.431113,-3.7599032,-11.494374,-10.63836,-11.27764,-10.1095705,-5.106879,-10.008478,-13.559277,-7.260769,-6.686531,-21.971758,-17.274168,-10.347656
16,-18.939983,-14.682937,-18.247782,-14.631414,-11.924299,-13.115058,-18.16286,-14.177512,-21.304811,-11.47702,-7.899599,-10.286974,-7.662449,-4.4220624,-15.512429,-24.22982,-14.948952,-16.232893,-13.838048,-20.430643,-16.086462,-18.284187,-12.514631,-8.44849,-14.903342,-15.57259,-9.516784,-11.514469,-7.536208,-8.3197775,-18.820879,-16.025583,-11.739308,-26.548773,-22.904274,-20.43509
17,-15.997341,-12.702646,-14.397983,-13.152848,-10.187537,-11.125866,-15.82313,-11.812236,-19.553242,-9.600498,-5.1443787,-7.108433,-6.355677,3.4356687,-13.141477,-17.54295,-10.140608,-13.790284,-10.837004,-15.814986,-14.488488,-10.697614,-10.469423,-9.752292,-11.690985,-12.773382,-6.188887,-6.6340566,-5.621255,-4.566464,-20.583094,-18.628819,-15.307053,-22.725775,-20.694437,-25.809286
18,-8.336661,-7.5947304,-3.8603864,-7.637539,1.7411081,-2.6682336,-6.15621,-3.9888012,-8.06991,-1.037447,0.102906965,-3.471918,-3.2859077,9.638142,-7.2204704,-4.877307,-1.8165767,-7.5257864,-5.767157,-4.4429545,-7.935295,1.7192923,-1.0504953,-6.0547385,-2.982254,-2.8188992,-2.6954696,2.2826352,-0.10743212,-0.9894412,-16.133526,-10.152337,-13.875212,-10.181369,-10.000189,-20.562857
19,-0.11107474,-1.9325285,6.4504366,-1.3092675,16.341,6.9586143,5.5395036,5.032819,7.50699,9.292958,4.229908,-0.517536,0.16293573,11.2516365,-1.9601351,7.0959353,3.4793148,-0.8935406,-1.0487849,6.736059,-0.5664145,11.6564245,10.376865,0.31348497,5.8051176,8.518013,-0.64361066,9.610133,4.8033657,1.448543,-6.985669,5.250702,-6.9307094,4.4043403,3.9233394,-6.2557144
20,4.4508023,1.3420572,9.923141,2.3086185,23.02394,11.81036,12.71094,10.32886,18.577616,14.820348,4.643774,1.251521,1.8329525,8.511415,-0.27004555,12.737584,1.709744,2.7546167,1.2569575,11.33255,3.3773117,12.99902,16.022182,4.9731636,9.348091,14.704668,-1.0387063,10.833534,5.0645823,3.26881,2.0674787,17.771906,2.424839,12.706349,14.429337,8.933003
21,3.945853,0.99492985,5.3891654,2.029188,16.831478,9.507545,12.256709,9.68568,19.589,12.427376,1.7646828,1.7208258,0.7192824,4.061051,-1.2696242,10.799561,-5.222948,2.471782,0.55867887,8.229138,2.6633816,5.841681,12.155519,4.975701,6.385134,13.135181,-3.624122,5.9737964,0.31577644,4.9600725,6.512361,20.000952,9.361871,11.288377,18.163588,16.534378
22,0.31028056,-1.6936717,-2.562358,-0.47738367,2.2694895,2.3360558,6.165301,4.591188,11.490443,4.5176363,-1.7449656,1.0220416,-2.1541018,0.18852472,-1.9424717,4.03064,-11.649049,-0.10299547,-2.2291634,1.5696999,-0.5804952,-3.8039222,2.1594872,0.908885,0.015272042,6.345588,-6.8275623,-0.90625864,-5.8958106,5.8304443,5.2248726,12.451702,10.531571,3.6996639,16.059473,14.192805
23,-2.9807413,-3.9888403,-7.812667,-2.4016669,-10.784441,-4.9862638,-0.68003726,-1.4661149,0.32149035,-3.35277,-3.454899,-0.22145502,-4.5987263,-2.8460023,-0.712685,-3.571577,-13.30649,-2.355825,-5.353959,-3.2314582,-3.0508397,-8.997813,-6.4047976,-3.9016247,-5.318839,-0.6366878,-8.476026,-5.2628684,-9.208581,4.7216754,0.78224146,2.241741,6.401847,-2.9610436,10.990148,6.805526
24,-3.2979577,-3.725816,-7.3674946,-1.9953604,-15.071239,-8.589867,-4.209922,-5.5437365,-7.4206815,-6.8247843,-2.888676,-0.8165033,-4.9255767,-5.7486563,1.1026355,-8.976997,-10.303432,-2.4703739,-6.9834933,-3.4761336,-2.7705956,-6.939602,-7.976273,-6.120611,-7.0812798,-4.081522,-7.0011516,-5.306616,-7.870973,1.7220635,-2.8586788,-3.1602428,0.93201023,-3.4893436,5.2796736,1.7483333
25,-0.16784342,-0.72446644,-2.649736,0.52561146,-10.834429,-7.3817134,-3.4561684,-6.608226,-8.859415,-5.3663635,-1.1592635,0.31892157,-2.977724,-8.029498,1.3197988,-10.562866,-5.5318403,-0.1478887,-5.868796,-0.060949665,0.015633969,-0.11924048,-3.0720282,-4.7252235,-5.542424,-3.4742682,-2.4947937,-2.3872933,-3.5749037,-1.3137894,-3.2130947,-1.4367816,-1.3836343,2.2446568,0.22636609,2.578591
26,4.93767,3.3666866,2.7851138,3.668694,-4.0489616,-2.9009476,-0.26639977,-5.211276,-5.5715804,-1.5603857,0.59746224,3.0908947,0.059155054,-7.7011247,-0.22067575,-7.816392,-1.0805376,3.6933594,-1.9636463,4.4377775,3.6834006,6.4827127,2.9121025,-1.2776507,-2.4086857,-0.7618423,3.0979042,1.0138059,0.517217,-2.3341238,-0.5857186,3.969682,1.0313028,9.956068,-3.1514826,6.6139684
27,9.736231,6.479534,6.307585,5.9217105,-0.5519165,2.090568,2.595353,-2.456233,-1.3455032,1.5543879,2.1497562,5.9546056,2.5954142,-3.5584836,-1.3071921,-1.5581577,3.2163048,7.5571856,3.2857008,7.935747,6.598096,9.073267,4.6763287,1.6732762,0.8435538,1.6442392,6.9834394,3.2909427,2.3239398,-1.1644707,2.7094514,7.65514,5.6836867,14.136629,-4.0780563,8.110279
28,12.379934,7.595978,7.404699,6.536177,-1.6412847,5.1840096,3.2978249,0.64076513,0.86761624,2.543036,3.7010443,7.0635743,3.5550377,2.5595737,0.12695242,5.705269,8.005231,9.965411,7.5461144,9.50912,7.9247584,6.8283935,1.2944349,2.5609913,3.4445407,2.306634,7.2915936,4.0842247,1.8041744,0.28128994,4.302488,6.672972,8.277933,11.5482235,-2.9592903,3.856663
29,12.271916,7.210754,6.8237886,5.638919,-4.428332,5.431098,1.7515129,3.217041,0.5704286,1.7600821,4.960245,5.9522147,2.8778021,6.5889387,3.6154583,10.649526,12.202457,10.064336,9.106885,8.973742,7.71419,1.4432302,-3.6140673,1.68386,4.900819,1.0310966,4.470591,3.498074,0.14734727,0.07667512,3.455074,2.1771946,6.588269,3.3164637,-1.6480193,-3.835175
30,10.18086,6.605122,5.3554783,4.030631,-5.5469084,3.6675215,-0.68640447,4.5923033,-0.75972503,0.31376985,5.076358,4.030905,1.5426725,5.934626,6.6543856,11.293355,13.412002,8.1493,8.219577,6.6696506,6.642605,-4.2362294,-5.4670224,0.59602326,4.8068156,-1.5159495,1.1557833,1.6433452,-1.4171708,-1.5321567,1.4617853,-2.249338,2.493108,-5.418489,-1.9113756,-9.185808
31,7.60034,6.644882,3.5505908,2.8536372,-4.2859464,1.8338345,-2.230303,4.575496,-1.3341893,-0.8656015,3.5647163,3.1837072,1.0588024,2.3046598,7.4386697,8.525366,10.624188,5.6128845,6.892458,3.697238,5.6245084,-7.5093875,-2.6822042,0.6951514,3.2754335,-4.244479,0.33721986,-0.9912269,-2.0930524,-2.3123853,0.5949546,-3.6379426,0.16872223,-8.558878,-3.4089522,-7.9999676
32,5.68917,7.085637,2.0597744,3.0107296,-2.5988984,1.4989853,-1.8867389,3.7073202,-0.47107178,-1.2903214,1.0764122,3.7545633,2.4674675,0.29914993,6.6223755,5.1139817,5.8913827,4.0075707,6.9989667,1.680476,5.287869,-6.976737,2.266164,2.119245,1.2357388,-6.057673,3.0357788,-3.2383788,-1.4689735,-0.5802743,2.2972193,-1.6673744,1.9653093,-3.4614305,-3.6793756,-1.2359623
33,4.530496,6.89251,1.575831,4.450136,-2.6900716,2.5580997,-0.1933798,2.9493828,1.1238953,-0.8633504,-0.99777794,4.0526466,5.374043,2.6967762,6.09944,2.8737407,2.7002254,3.7897928,8.345965,1.5779486,5.495145,-3.413292,5.248458,3.7080293,-0.11415504,-6.3437333,7.3298626,-3.9096594,0.33769715,2.6024752,5.884253,1.4703361,5.87586,6.429515,-0.72006434,5.8639693
34,3.3421535,5.2597466,2.2041297,5.9350514,-4.759009,3.303621,1.1571714,2.920232,2.1625817,0.09899612,-1.7449406,2.0937648,7.9006777,7.2134647,6.358478,0.9645068,2.5947838,3.914303,8.723799,2.5769851,5.3769555,0.4803498,4.041964,3.9881558,-0.29176304,-5.2976665,9.702261,-2.924076,2.3798878,4.1091456,8.8407135,2.9567626,7.248275,13.552516,4.359837,8.139918
35,1.4888611,2.4599736,3.151895,5.8298287,-6.7760234,2.059552,0.7528433,3.3813193,1.9107517,0.9133017,-1.4560381,-2.073706,7.9660487,8.461355,5.6957545,-2.5903544,3.7813637,2.8546767,6.1666613,2.5784864,4.0797496,1.9758781,0.064671054,2.4141908,0.16167161,-3.6715539,7.813858,-1.512643,3.203497,1.8557612,8.706834,1.5664191,3.36632,12.162478,7.7502227,4.5920725
36,-0.6674801,-0.21704051,3.4173982,3.51274,-6.1719375,-0.99872077,-1.1262572,3.522491,0.771783,0.9404709,-1.0879551,-5.927239,5.065366,3.5532267,2.404079,-7.632729,3.3510077,0.213467,1.2918493,0.25207105,1.6782837,0.70787585,-2.972653,-0.10080083,0.47199187,-2.043534,2.4997897,-0.9703725,2.0580573,-2.817791,5.1791797,-1.3500224,-3.478408,3.4878528,6.5390425,-1.1344855
37,-1.9837478,-1.4351693,2.8873196,0.16683748,-1.9652777,-3.6846526,-2.501824,2.794521,-0.101725034,0.15598689,-1.1153674,-6.609913,0.94302887,-4.3220634,-2.5519555,-10.6739645,0.68498796,-2.6756475,-2.8022468,-3.3111408,-0.6741699,-0.7817197,-2.2091696,-1.8196115,0.6242146,-0.3294493,-2.7258365,-1.184689,-0.0508692,-6.1013246,0.60375094,-2.9275076,-7.657394,-4.949077,2.0079021,-4.015135
38,-1.6855866,-0.9062782,2.5404165,-1.9841229,4.184228,-3.7073743,-1.3875511,1.4565289,0.17609973,-0.7528946,-1.0982625,-3.6787524,-1.7004055,-8.393442,-5.6983666,-7.7844844,-1.8009502,-3.8874037,-3.296667,-5.3015714,-1.6669142,0.5837523,2.0302875,-1.520984,1.3331904,1.8516775,-4.354099,-0.68902993,-0.8773243,-5.2386775,-1.7845088,-1.249646,-5.3635035,-6.003141,-1.0283742,-1.7752262
39,-0.30257398,0.33895484,3.3259387,-1.5036565,8.71974,-0.9357149,2.2191021,0.29531473,1.4481597,-1.0259305,-0.43473375,0.29821146,-1.490895,-4.819369,-4.3114085,0.90659696,-1.4727787,-2.7678957,-0.46428496,-3.879735,-1.0257163,5.051443,6.517638,0.52647465,2.9397244,4.2822614,-1.6019307,1.5681419,0.9947089,-1.1428384,-0.5282368,2.7208416,1.5749,0.29418215,1.3426223,3.494813
40,0.6399307,0.78591514,4.843853,1.0010815,8.442403,2.2660427,5.9972024,-0.1699702,2.66257,-0.61488885,0.63746667,2.0180213,0.4455739,3.2045505,0.572078,9.927694,1.2952585,-0.67089313,2.4068894,-0.22576074,0.20996746,9.162233,7.7051296,2.7713268,4.5368505,5.793877,3.0358286,4.584787,4.4128265,2.544163,2.8065946,5.587254,7.065407,6.544749,8.088993,7.363695
41,-0.031767692,-0.30800974,5.374623,3.410491,2.9993424,3.1341,7.1707153,-0.17045146,2.818709,-0.22816442,1.0599964,0.44571435,1.6081852,8.093399,4.7646933,12.486686,3.2018821,0.23556943,2.1456876,2.289863,0.6530783,8.766554,4.519691,3.598751,4.5339866,5.109089,5.799385,5.7917485,6.2524576,3.0037055,4.989419,4.3318195,6.291244,5.13363,13.65381,6.8511786
42,-2.049457,-2.323701,3.4622543,3.9392703,-4.2356973,1.0727619,4.9749064,-0.38261673,1.8420069,-0.49435905,0.10344309,-2.3641117,0.52086973,4.955106,4.770211,6.490052,1.4833535,-1.0265936,-1.1394068,1.2025082,-0.16465466,3.3060548,-0.8170824,2.5288184,2.2856345,2.216953,4.5487347,3.5068102,4.1950417,0.822905,3.9152272,-0.7818976,0.28068855,-3.9895308,12.641231,2.807392
43,-3.9423623,-3.8643966,-0.46987376,2.5573757,-8.081287,-1.8436313,1.3692344,-1.1780431,0.57802194,-1.1321244,-1.6069475,-3.3734796,-1.9185641,-3.7557154,0.9845698,-3.2170243,-2.9884095,-3.3711755,-4.1233096,-2.6932733,-1.4771826,-3.029027,-4.5333285,0.41497123,-0.9243644,-1.1738726,0.23747683,-1.0538266,-0.8392556,-0.9282514,0.30939537,-5.9839535,-4.920992,-12.796599,4.437431,-0.99572074
44,-4.3413177,-3.9531388,-4.184234,0.71145254,-5.4036756,-2.945306,-0.7591299,-2.1940062,-0.04429239,-1.116459,-2.4410949,-1.4489353,-3.4352052,-10.563949,-2.9701202,-8.827464,-6.4202027,-4.705734,-3.6262178,-6.0965858,-2.1598191,-4.8696322,-4.190096,-1.4052582,-2.761322,-2.8236828,-4.0075006,-4.4458137,-5.125376,-0.032873258,-3.1405528,-7.0467124,-3.876012,-12.929564,-6.4120054,-1.1978375
45,-3.0419219,-2.7339478,-5.44925,-0.21035339,2.0339243,-1.5258019,-0.20911293,-2.627277,0.1892331,0.22139198,-1.2922148,1.7958552,-2.6434739,-9.931946,-3.8983183,-6.191254,-5.906746,-3.8119664,0.09040242,-6.3131495,-1.8044212,-0.73499894,-0.4184751,-2.1424458,-1.8837603,-1.8475558,-5.245264,-3.9594164,-5.2884326,2.6405742,-4.2740507,-3.0994287,3.0137827,-4.2670283,-14.082106,2.196769
46,-0.8690306,-1.0872006,-3.9055386,-0.05670356,8.555009,0.674983,1.6196507,-1.9333901,0.80820644,2.318311,1.2572477,3.8613982,-0.24966578,-3.0092022,-1.7197809,2.0946813,-2.2090082,-1.2233099,3.5277753,-3.6235018,-0.89284384,5.4831905,3.812006,-1.8746948,0.84810346,0.5126032,-2.6312168,-0.06366472,-1.2844075,4.2642174,-3.1555333,2.343294,9.5864,4.4257765,-15.755105,5.6970515
47,1.300606,0.34110996,-1.2166075,0.328819,9.211358,1.448465,2.3364544,-0.27517253,1.3892164,3.7593591,3.4041984,3.8637056,1.954592,4.2326117,1.4517925,9.774098,1.4552349,1.5753793,3.550748,-0.63833565,-0.053712074,8.32673,5.7152214,-1.0682079,3.2318752,2.08283,2.357499,4.0960364,3.6594903,3.2280855,-1.4987807,4.365977,9.328686,3.8714108,-12.635342,5.174224
48,3.1838984,1.638405,0.54023427,0.25367963,4.3131175,0.4097379,1.0064471,1.6238558,2.091281,3.6366003,3.8314712,3.1259127,3.0851147,7.141584,4.3422265,12.794314,3.1052291,3.5850618,0.711063,0.5108128,0.60566634,6.1935515,4.901678,0.01862128,3.7942936,1.8444765,7.1897583,5.669311,6.0931787,0.9513871,-0.64553875,1.1381437,1.2349179,-6.332519,-7.6146655,-0.58867884
49,4.7787013,3.1530297,0.60462266,-0.14787044,-0.48996887,-0.7699135,-1.0198234,3.0018253,3.3409746,2.5029778,2.934977,3.4440103,3.9178402,6.3834925,7.8693604,12.132599,3.9237847,4.8533187,-1.2268997,0.17319079,1.320178,2.8828876,3.4911823,1.4081153,3.0040233,0.8910062,9.8952675,4.597314,5.4103026,0.41113228,-0.25897303,-4.205296,-9.109679,-16.650806,-2.5653336,-8.52878
50,5.684785,4.650126,-0.20562476,-0.35937282,0.7839548,-0.30380625,-1.6165,3.4843001,5.0303226,1.8732513,2.3072045,5.028509,5.611926,6.009187,13.153691,11.301708,6.246991,5.7923565,0.7800743,0.40996298,1.9995333,3.584645,4.094912,3.0198135,2.4900541,1.2891139,9.962381,3.2201667,3.9976735,2.9423332,1.0203682,-6.1622744,-14.072421,-16.174643,2.1858137,-13.3255205
51,5.0968466,5.1566586,-0.697457,-0.3272068,8.632708,1.7684207,-0.06313475,3.1478097,6.2373405,2.7102683,3.0023687,6.3119817,7.9087577,8.173475,18.64002,11.81441,10.038337,6.279409,5.642425,2.4470057,2.0720508,9.307558,7.390586,4.4188585,3.1980956,3.937005,8.191087,3.556677,4.4814234,6.659627,3.7969797,-1.7277845,-10.083384,-2.6773548,6.5218415,-11.359169
52,2.6547434,3.8336139,-0.56578183,-0.57856023,17.013103,3.6903548,2.3429422,2.3085213,5.961826,4.4136376,4.374021,5.7066164,8.935252,10.443862,20.132853,11.638457,12.145139,5.6693144,8.846756,5.104855,1.1758416,15.428956,11.3261175,5.055374,4.430655,7.5151553,5.857934,5.1486416,6.942248,8.152585,6.939013,6.7989535,-0.19549334,15.369652,9.550977,-3.5775506
53,-0.81008476,1.0298535,-0.49146426,-1.4644071,18.484709,3.8978877,3.7246397,1.2739998,4.1913075,5.3422146,4.692847,3.3313477,6.9849877,8.594698,14.438741,8.023251,9.548479,3.6603293,6.7582083,5.8053203,-0.1451088,15.938349,12.631039,4.710646,4.669804,9.561187,3.818662,5.6630826,8.872877,5.748786,8.378242,13.540681,8.641515,26.421917,10.228901,4.990545
54,-3.646239,-1.6864438,-1.2178407,-2.5283315,11.043125,2.560644,3.4557793,0.20742399,2.095785,4.348448,2.92316,0.86822164,2.4301105,1.7516978,3.0855227,1.2152303,3.132521,0.9083694,0.2929941,3.0591671,-0.78102416,9.205336,9.424168,3.6110566,3.1797554,8.633129,2.0806704,3.514832,7.7903643,1.0939637,6.8516765,13.737242,10.891079,25.551357,8.58727,8.787395
55,-4.7008486,-2.7730944,-2.7444813,-2.9079728,0.1806593,1.1246638,2.4627166,-0.8783617,0.97372967,1.8017635,-0.14910205,-0.22130212,-2.3229423,-5.8150816,-8.001303,-5.2222257,-2.455429,-1.4205605,-5.7351217,-2.0549767,-0.30139378,-0.41656944,2.811312,2.102714,0.66933155,5.5012975,0.06687542,-0.3023286,3.7713492,-2.437782,2.9279394,7.3568544,5.986702,17.251,5.840635,5.6866994
56,-4.300123,-2.1385455,-4.431411,-2.410262,-5.9871387,0.52332103,1.8542782,-2.0297577,0.9340258,-0.85539746,-2.581393,-0.17602207,-4.887218,-8.403243,-13.064718,-7.8398876,-3.192488,-2.7167656,-7.0340033,-6.738039,0.26504952,-6.6454873,-3.8365295,0.34034422,-1.5713452,2.2983038,-2.6488664,-3.0912235,-0.61244905,-2.836427,-1.4826208,-1.2351094,-2.1446054,9.701505,3.1760502,-1.6279513
57,-3.86078,-1.3133131,-5.701055,-1.9682168,-4.061965,0.1737114,1.5447774,-3.2179124,0.7086505,-2.4814796,-3.070254,-0.5859032,-4.8965983,-4.4140077,-11.151408,-6.6670136,0.13541012,-3.4278967,-3.7520247,-8.664846,-0.7714186,-6.9164753,-7.395576,-1.5916704,-2.996041,0.5277801,-5.7365437,-3.1047704,-2.7754939,-1.0480435,-4.493894,-6.8836994,-8.469259,7.0158744,0.7608007,-7.8670106
58,-4.5048194,-2.0646875,-6.4627194,-2.7715838,1.7738374,-1.1133113,0.42630243,-4.2642817,-1.0964719,-3.1431127,-2.1088073,-2.665212,-3.9759142,1.9456854,-6.453824,-4.85577,2.5439332,-4.432565,-0.1648652,-7.4969344,-3.955984,-4.203757,-7.3271356,-3.3202972,-4.146489,-0.1509184,-8.211226,-1.2490827,-2.469014,0.26474744,-5.2923,-7.301718,-10.21144,6.947494,-1.7743353,-9.149837
59,-6.0779996,-4.6842785,-6.880709,-4.8948455,4.060626,-3.4310393,-2.1612952,-4.9300027,-4.5106463,-3.7515526,-1.4101418,-5.9679894,-3.8617826,4.5725193,-4.2111444,-5.131923,-0.076409,-5.986176,-0.55580276,-4.666673,-7.7497025,-3.6086764,-5.9643955,-4.1885023,-5.759181,-1.2946478,-9.230186,-0.14987421,-1.749107,-0.67291677,-4.2937837,-4.004811,-7.995783,5.128438,-4.057715,-5.686662
60,-7.496555,-7.576073,-6.929471,-6.970489,-0.69279367,-5.3360558,-5.370902,-5.1305904,-7.98336,-4.947433,-2.2168405,-8.770084,-4.73305,1.123554,-6.243774,-7.048685,-6.5832295,-7.4010177,-5.306961,-2.0569577,-9.657666,-7.3803854,-6.4516206,-3.8344305,-7.7293334,-3.9293785,-8.851155,-1.5911201,-2.7789,-3.3430288,-2.6795952,-0.36619598,-4.583574,0.34960982,-4.7341123,-1.1059681
61,-7.914559,-8.587909,-6.3391924,-7.434622,-8.83096,-5.2788415,-7.4319696,-5.0558968,-9.698091,-6.4148,-4.1492968,-9.585762,-5.4119296,-5.0749803,-10.169916,-7.9955845,-11.5409355,-7.783429,-10.790519,-0.847723,-8.5013275,-13.147755,-9.933335,-2.7573256,-9.082086,-7.398085,-7.925856,-4.8822813,-5.7296467,-5.8171544,-1.7686437,1.1424447,-2.5476563,-4.67935,-2.9030814,0.8716323
62,-7.4163594,-6.8923573,-4.954744,-6.1358523,-13.377326,-3.3452125,-7.292275,-5.0018997,-9.122987,-7.2293653,-5.638957,-8.288653,-4.9658995,-8.499111,-12.411982,-6.6345243,-10.673113,-6.988204,-12.86059,-1.1586037,-5.573152,-16.5783,-14.314049,-2.0766983,-8.923792,-9.85471,-7.1313863,-7.6416388,-8.729408,-6.7163873,-2.379447,0.33751163,-2.5300114,-7.01435,0.3082509,-0.41284278
63,-6.624396,-3.7208202,-3.0157065,-4.5777736,-10.939854,-1.3254656,-5.597192,-5.022192,-7.301813,-6.7683783,-5.4417653,-5.960659,-3.7827773,-6.65718,-11.553927,-4.7507925,-5.2492843,-5.7686048,-10.466863,-2.282353,-3.4191077,-15.406018,-15.7800865,-2.4917333,-7.317331,-9.88818,-6.1592474,-8.054086,-9.684909,-6.252712,-4.2713337,-1.2744361,-3.0967047,-6.806628,2.105848,-2.1919785
64,-5.8993015,-1.3438991,-1.0346766,-4.4337854,-4.9035964,-0.9548028,-4.0293274,-4.7838984,-5.7207527,-5.2609262,-3.7703364,-3.9463823,-2.968137,-2.0564945,-8.947193,-5.369613,-0.88971114,-5.0414057,-6.1873865,-3.1629882,-3.4127004,-10.996257,-12.038666,-3.4554784,-5.22088,-7.779872,-4.1204624,-6.369874,-8.109633,-5.604531,-6.0787106,-2.0955465,-2.184392,-6.5860033,0.40333152,-0.93718857
65,-5.164463,-1.2741483,0.50559354,-5.8180647,-1.942837,-2.2007446,-3.759635,-3.8829515,-5.0105124,-3.5558875,-2.0540895,-3.1169682,-2.9341245,0.5947057,-6.770104,-9.237023,-2.0065365,-5.1214175,-3.6444564,-3.03263,-4.567788,-6.56669,-4.6402807,-3.5780313,-3.6819103,-5.3071685,-0.9835255,-4.385119,-5.3576546,-5.5971203,-6.173129,-1.6412034,0.892791,-7.856658,-4.068886,4.273411
66,-4.435901,-3.2371082,1.2620208,-7.1127334,-5.4522843,-3.4268901,-4.577317,-2.367854,-4.7532377,-2.4527617,-1.6519859,-3.7018864,-2.9546719,-1.1490157,-6.1332583,-13.619542,-7.5294366,-5.664526,-4.4916415,-2.0271165,-4.7623415,-4.3853116,1.7479806,-2.059464,-3.1447892,-4.305228,1.4972012,-3.6680152,-3.3282697,-6.074401,-4.111253,-0.6400434,4.4495564,-9.344843,-8.191274,10.609095
67,-4.114783,-5.593949,0.989198,-6.547996,-12.310779,-3.1896849,-5.3902955,-0.8732526,-4.3371854,-2.1923788,-2.718834,-5.2857738,-2.235776,-5.6026487,-6.9501433,-14.8044,-12.128782,-6.1374288,-7.503842,-1.2019353,-3.0233042,-4.5760713,2.8287294,0.2601805,-3.3795245,-5.2053432,0.7778846,-4.29279,-2.9938235,-6.317997,-1.4041189,-0.25417325,5.490016,-8.956509,-9.154274,13.59078
68,-4.3629937,-6.5875726,-0.27921075,-3.9038172,-15.909663,-1.6544921,-5.3257313,-0.065035604,-3.68041,-2.3778458,-4.1523457,-6.696625,-1.1602875,-8.976725,-8.765891,-11.606477,-11.482108,-6.086253,-9.958339,-1.5273849,-0.44673797,-5.9143515,-1.8126674,1.4545379,-3.7797582,-6.70731,-3.996019,-5.0501814,-3.9358363,-5.75763,-0.53212047,-1.1528797,2.260774,-6.929261,-6.8089404,10.688533
69,-4.2110963,-5.297822,-1.7898495,-0.60432863,-12.304027,-0.12622541,-4.2399035,0.14187841,-2.97947,-2.22436,-4.5367126,-6.2107234,-1.0671393,-8.868732,-10.844051,-6.159108,-6.18848,-4.9555798,-9.599107,-2.4939601,1.1453967,-7.0620856,-8.184418,0.3056812,-3.5797856,-6.7956495,-10.339016,-4.6121182,-4.958612,-4.2032757,-2.7003558,-3.1105523,-3.789247,-6.2035975,-3.450157,3.3758664
70,-1.7825584,-1.8016474,-1.9899178,1.8025242,-3.6441348,0.6272768,-2.3736694,0.71876526,-1.9726985,-0.9804419,-3.2215245,-2.5806007,-2.6355207,-5.9176507,-11.471032,-1.3619144,-0.65119827,-2.0301516,-5.6551576,-1.863212,1.248353,-6.994828,-10.99751,-2.403694,-2.008565,-4.291978,-13.660517,-2.484427,-5.0242734,-1.663657,-6.3545485,-5.340454,-8.605937,-9.301681,-1.5040246,-4.0563655
71,3.9903095,3.1175177,0.57928777,3.1147914,3.9969797,1.2222198,0.08129564,2.6539552,0.094797,1.5687875,-0.7137441,3.5775964,-4.7177286,-2.6126873,-8.205413,1.9622123,1.4662085,2.9356914,1.177796,2.5538406,1.1457905,-4.948862,-7.911493,-4.48051,1.2803283,0.21277621,-10.8698845,0.84587145,-3.8179686,1.6753225,-8.157851,-7.2018685,-8.556959,-15.137267,-1.6035306,-7.8364844
72,11.638139,8.203821,5.805421,4.3820148,5.958082,2.6588106,2.840703,5.7827163,3.460715,4.7287865,1.7910001,9.446765,-5.1767354,-0.95603627,-0.023707893,5.0184803,0.3801526,8.819239,9.067538,10.287171,2.338385,-0.8102239,-1.3109207,-4.3051944,5.5799384,4.706825,-3.270782,4.2970147,-1.7856433,5.155269,-5.888632,-8.602409,-3.4094021,-19.430445,-2.7660275,-7.3253727
73,17.447824,11.904815,11.351509,6.4751124,2.5359268,4.686388,5.1345506,8.524842,6.893988,7.048101,3.2756684,11.640996,-3.1008942,-1.2061507,10.395024,8.411578,-0.9568222,13.148102,15.435906,17.405651,4.751615,4.1806192,3.9161057,-2.2541957,9.031534,7.110266,4.156585,6.634454,0.18292879,7.5726643,-0.655393,-9.68568,3.468834,-18.500029,-3.9167855,-4.8092346
74,18.089787,12.851318,13.915903,8.950641,-1.9668641,5.6018453,5.9092464,9.012581,8.187561,7.1800494,3.5210006,8.87365,-0.067436956,-2.3288832,17.255917,10.335554,-0.49790162,13.6136675,17.832052,19.015034,6.769254,7.6063585,4.6029806,-0.13721389,9.646888,6.642361,6.823814,6.8782578,1.2539276,7.8253613,3.8148034,-10.139337,7.9911675,-12.548564,-4.7423744,-2.9596753
75,13.435891,10.6678915,11.7715645,10.419719,-3.1457908,3.9726682,4.765848,6.7189307,6.0480103,4.9695907,3.1010294,3.3299456,1.1029103,-3.1368368,15.779165,8.092533,0.8635977,10.049061,15.364254,13.40549,7.049813,7.519951,1.7738314,0.7288505,6.9318604,4.225677,4.4118276,4.803522,1.1642216,5.9098706,4.3609066,-8.995586,8.696933,-5.152213,-5.113206,-2.4648066
76,6.861887,6.4949794,6.427897,9.948002,0.31992772,0.48724443,2.6653628,3.0579505,1.6376284,1.804605,2.8360167,-0.8098544,-0.91719085,-2.961064,6.636983,1.5306216,0.7800299,4.964363,9.705377,4.0948954,6.0365853,4.336372,-0.7293978,0.7662302,2.641685,1.6883765,0.9406143,1.3463187,0.4533095,3.2330225,1.1474664,-5.4319105,7.4393806,0.27174473,-4.335616,-1.9627081
77,2.526566,2.525856,1.6859637,7.955069,6.4231777,-2.2466226,1.3748344,0.28858167,-1.9807253,-0.3023169,3.135193,-0.70687985,-4.4299293,-1.6704534,-3.7095394,-5.5281825,-1.5757685,1.7925483,4.4076333,-2.5572524,5.3981323,0.94240415,0.022328997,1.4024214,-0.33215526,0.44223532,0.89119935,-1.6107781,0.13766877,1.6580483,-2.5725768,0.022736553,6.896535,3.2409308,-1.6771014,-0.07885848
78,2.0360417,0.64298874,0.64249104,5.74076,11.840015,-2.0414286,1.9121467,-0.33589768,-2.3021307,-0.28200155,3.7171426,2.830992,-6.019725,0.47665825,-7.7831044,-7.952823,-4.432408,2.1753383,2.539597,-2.4641945,6.002928,0.47736305,3.5296175,3.2033179,-0.2292088,0.67482996,5.0198236,-2.2910223,0.9558316,1.9659946,-3.4042747,5.195847,7.5580144,5.6163645,2.282572,2.6560214
79,3.5574815,1.1572434,3.2201695,4.2890334,14.063584,0.6727299,3.5015814,0.5334626,0.4480463,1.1578478,3.9126403,6.199401,-3.5533884,2.896533,-3.0710602,-3.7933168,-5.223713,4.7179527,4.394371,2.8411486,6.7724543,3.6390836,6.7826295,4.972211,2.1544704,1.5899352,9.830938,-0.29812983,2.7832808,3.1572902,-0.63662434,7.5789433,7.3289046,8.797602,5.416916,4.0206203
80,4.0695634,2.713048,6.464343,3.6555614,12.325788,3.111091,4.2466455,1.2007269,3.5329654,2.2677162,3.2970643,6.2546806,1.9356328,4.868777,6.122874,3.8218,-3.0679867,6.392504,7.304992,7.728886,5.8463635,8.078502,7.432231,4.889001,4.264066,2.3044717,11.114787,2.9636369,4.770124,3.3516982,3.5786521,6.3180504,4.118572,11.995556,5.838899,2.269969
81,2.3890796,3.4574926,7.3116794,3.4071622,7.465011,2.7365227,3.0011468,0.6474446,4.1898813,1.9151834,2.1099415,2.991574,7.170168,5.9631095,12.592525,9.350314,0.7462597,5.2862267,7.8756256,7.4968066,2.8701108,10.531519,5.96813,2.531559,4.114864,2.5119958,7.991119,5.2374187,6.0929112,1.5354543,6.5027976,3.0295532,-1.4006875,13.29355,4.033192,-1.91855
82,-0.005750922,2.4784698,5.224898,3.3496222,1.4169825,-0.31317446,0.5820858,-0.5746323,2.0671146,0.58382493,1.0799751,-0.7442066,9.361364,6.3494234,12.265364,9.519526,4.464982,2.1369839,4.755967,2.2770257,-0.18979415,9.688119,4.892069,-0.41099918,1.974113,2.4008164,3.4999807,5.0685706,6.585367,-1.4479367,7.084062,0.50483584,-5.9063015,12.014037,2.7207508,-5.7153993
83,-0.93698645,0.34196135,2.2855713,3.6041903,-3.4701056,-3.3356626,-0.95724607,-1.074157,-0.6436116,-0.23940347,0.8001846,-2.0477622,8.209801,6.586185,7.0143285,5.617417,7.5766625,-0.65639144,-0.4045652,-3.6273665,-0.81647915,7.129564,6.0081596,-1.6022363,-0.13258706,2.1428616,1.3382896,2.840622,6.6408024,-3.5822637,6.1884837,0.42582008,-6.4274206,9.68993,4.092773,-6.4544053
84,0.0076869493,-1.5770601,0.8476667,4.0673947,-5.4181747,-3.5556452,-0.30285326,-0.12258512,-1.38684,0.37634826,1.2239078,-0.5021457,5.614074,7.0539665,2.2355995,1.5832511,10.662352,-1.3940834,-4.4968286,-6.017538,1.4294933,5.604447,8.719468,-0.272995,-0.4693226,1.6587629,2.2161822,0.37514713,6.5725794,-3.39687,5.1115,2.2777808,-3.1648118,8.711618,7.217192,-3.822727
85,1.1334748,-2.25472,1.1699634,4.1247745,-4.203529,-0.5705578,1.8761941,1.620374,0.4257167,1.8920331,1.7454364,1.8191929,3.7791703,7.660323,1.9956598,0.25162786,13.900756,-0.45909467,-5.460139,-4.4546843,4.236139,6.410952,10.90057,2.0590222,0.8783686,0.9124747,3.5405788,-0.52039605,6.1999245,-1.1604636,4.3097,4.4325724,0.787312,10.163041,8.715366,0.09837162
86,0.6228502,-1.7077776,1.3027791,3.13353,-1.36574,3.4532382,3.6131227,2.7966976,3.0637717,2.8875387,1.7615134,2.6062195,3.6176982,8.105283,6.158681,1.4835198,16.252323,0.42639554,-3.6025012,-2.0418031,4.6694975,8.255587,11.085719,3.0708954,2.3653233,0.24772547,2.5476,0.62006474,5.1191344,1.4417754,3.5505967,6.0468984,2.4686832,12.836888,6.400536,2.842368
87,-1.4591873,-0.8407105,-0.8334622,1.1203872,0.77706957,5.7411046,3.4516656,2.6133811,4.1910067,2.4216135,1.1476653,1.4573414,4.5647855,8.238167,11.295566,3.4110699,16.328497,0.022121748,-0.91677195,-2.057051,1.9913594,8.353987,9.47717,1.7693859,2.6145484,0.1636814,-0.6038594,2.6644387,3.2793033,2.7254386,2.7557292,7.537841,1.6058893,13.924636,2.0104625,3.5621383
88,-3.340778,-0.7771943,-5.3415017,-1.2332555,0.69538677,5.024216,1.5155231,1.3647819,2.8345168,0.7199291,0.21451354,-0.06194379,5.3900676,7.901553,13.588468,4.7047997,13.812692,-1.4690019,0.62694037,-5.009537,-1.7188141,4.590957,6.89124,-0.84644175,1.5283844,0.6462197,-3.1064491,3.7498212,1.1184793,2.215295,2.1202936,9.103522,0.09426043,10.5239105,-0.31648582,3.139384
89,-3.5958714,-2.1812372,-10.199667,-3.368814,-1.4029568,2.066274,-1.0457175,-0.15057053,-0.11849715,-1.3555857,-0.7051288,-0.20134461,4.9969673,6.4626107,10.980954,5.254845,9.675363,-3.0372987,0.28376022,-8.735497,-3.7267032,-2.9322765,3.2818077,-3.0657644,-0.0761238,0.8952354,-2.7599552,2.5894406,-0.9072171,0.7253168,1.3725636,9.265993,-0.74131936,1.197651,1.3730431,2.5650876
90,-2.682357,-4.8227744,-12.989909,-5.377428,-3.90115,-1.3405858,-3.2989147,-1.4567167,-2.9398448,-3.1901193,-1.4998765,1.295763,2.8331423,2.9664488,3.6660612,5.1038284,5.0016847,-4.046861,-1.4062837,-10.807144,-3.2693164,-11.723688,-2.035883,-4.1241593,-1.5419596,0.044605546,-0.54765403,-0.6071736,-2.749847,-0.5023246,-0.48403385,5.7613525,-1.7868588,-12.599737,4.168873,1.5535332
91,-2.2096524,-7.471045,-12.687224,-7.4517846,-4.9397955,-3.5974603,-4.9430246,-2.4867501,-4.279283,-4.5185122,-2.0755265,3.1635983,-0.7858993,-2.6644547,-6.160957,3.6881661,0.015327138,-4.5243945,-3.2372513,-10.46229,-1.9239429,-17.905663,-8.513557,-4.457255,-2.7553346,-1.6605821,0.4181479,-4.1162143,-4.5014696,-0.701632,-3.996699,-1.4922317,-4.650555,-25.792221,2.9930105,-0.980822
92,-2.8000057,-8.277064,-9.961077,-8.839914,-3.4681711,-3.817286,-5.632886,-2.9930434,-3.542737,-4.7840104,-2.0393982,3.9707098,-4.3773613,-8.425145,-14.629013,0.7752395,-5.381498,-4.4295897,-3.9575047,-8.388745,-1.5121962,-17.978365,-13.242019,-4.5132437,-3.5216153,-2.5593941,-1.4438605,-5.63986,-5.705693,0.13881494,-7.6981626,-8.507374,-8.713717,-31.051579,-3.5855343,-5.0626893
93,-3.0686872,-5.7582474,-6.1454754,-7.8226023,0.34567684,-1.864047,-4.451688,-2.2685125,-0.6567787,-2.9356396,-0.83582866,3.3539171,-5.612595,-10.73332,-17.287815,-2.1077504,-10.240349,-3.1244218,-2.7292874,-5.3274093,-1.9959397,-10.864743,-12.591774,-3.7656415,-3.0264237,-0.8473889,-3.9280126,-3.770189,-5.26082,1.5682397,-8.303379,-9.299108,-10.378207,-22.94648,-10.5918045,-8.546324
94,-1.0641243,-0.011022036,-2.2346842,-3.3353446,5.231481,1.5211034,-0.6483259,0.1787503,3.938903,1.5542909,1.6069741,2.049328,-2.704326,-7.0159383,-11.595959,-2.1077323,-12.341384,-0.012029709,0.42599404,-1.5021375,-1.7355222,0.758764,-5.6495886,-1.2710801,-0.4449683,3.5131989,-2.9058092,0.88606125,-2.4253142,3.0566154,-3.310823,-0.9940406,-6.0381174,-2.7566056,-10.576739,-8.295207
95,3.2549894,6.77744,1.1840954,3.1665242,9.251467,4.6519694,4.9374413,3.611691,8.918861,7.31412,4.3669243,0.994945,3.8777103,1.5923202,0.5245197,2.2786524,-9.933196,4.2326355,4.3512506,2.6059163,0.22722898,11.219441,3.9619367,2.7977693,3.7333822,8.153901,3.3053842,5.813941,1.9300168,4.1557283,6.1541934,12.59867,3.8619916,20.345284,-0.97817284,-2.8625715
96,7.232551,11.281729,3.4626434,7.8422394,10.603138,5.5597687,9.570011,6.0011196,12.116288,11.135494,5.8616858,0.5358125,10.996132,10.199902,12.753581,8.87095,-3.8631434,7.403791,7.11226,5.57376,2.5205767,15.071479,10.252306,6.5287557,7.2746224,9.891884,11.517492,8.11864,5.3379683,4.510792,15.315146,22.922379,14.012952,34.27505,12.452928,5.813265
97,7.502983,11.112846,3.8535693,7.1792984,8.693817,3.3948271,10.348302,5.3767095,11.607229,10.113869,4.9426055,0.33312365,14.619689,13.449504,18.132729,12.734523,2.3290045,7.1897783,7.080885,5.816948,2.4464436,10.923516,9.549043,7.5809093,7.5914006,7.352506,15.903211,6.5165544,5.477526,3.9148808,19.143782,23.170412,18.112572,32.3791,20.11141,13.456595
98,2.9546237,6.5093913,2.1268728,1.1181029,4.7615857,-0.60990155,6.6364613,1.5087162,7.1992946,4.2178097,1.8104285,-0.25921938,12.648712,9.612848,14.002001,10.17176,4.9116464,3.141655,4.017136,3.23024,-1.2673935,2.6639802,3.4613187,5.298271,3.919228,2.2014108,12.967928,2.218482,2.229096,2.412807,16.257746,13.784307,14.12498,18.332169,16.972082,16.48138
99,-4.2017975,0.17155486,-0.9399969,-6.48016,1.1505964,-3.8683326,0.7660815,-3.7249794,0.8550661,-3.274242,-2.136283,-1.8288124,6.408321,1.8441367,3.830277,2.1541271,2.9149566,-2.7452765,-0.8221762,-0.3129823,-6.8718314,-3.5190067,-2.7567961,1.4469779,-1.8406551,-2.2939818,4.553082,-2.12564,-2.0173707,0.30619076,9.598874,1.8661872,5.9325333,2.8751733,6.834368,14.382342
100,-10.261533,-4.758637,-3.9582114,-10.842451,-0.60821915,-4.575164,-3.9059243,-7.7662477,-4.63617,-8.25663,-5.4020605,-4.6362653,-0.5591248,-4.625714,-5.8836145,-6.2986813,-1.2103816,-7.5170865,-5.6958838,-2.5422497,-10.936262,-4.1684847,-4.948782,-1.2940874,-6.583971,-4.101487,-3.9281845,-4.57337,-4.333027,-1.9902939,3.2654812,-5.0749154,-0.31821215,-5.1418595,-1.7871754,9.513049
101,-12.92203,-6.8993535,-5.9331465,-10.199897,-1.2791172,-3.3065364,-5.7977276,-9.312849,-7.672725,-9.088272,-7.3818927,-8.283094,-5.304144,-6.8006744,-10.851805,-10.420003,-3.7926798,-9.457054,-9.538006,-2.9563031,-11.337661,-1.1531303,-3.3868282,-1.6325281,-8.452739,-3.960607,-8.171491,-5.2087026,-3.7302716,-4.099084,-1.2209986,-5.301965,-1.741115,-5.403132,-3.9230826,4.7462287
102,-12.54144,-7.1296997,-6.8242273,-6.965791,-3.2158575,-2.3785386,-5.9953847,-8.966016,-8.663106,-7.580219,-8.321073,-11.480279,-7.325048,-5.812952,-11.553916,-9.599434,-2.8803105,-8.965882,-12.14589,-3.1484401,-8.899308,0.7389343,-1.6336901,-0.46772563,-7.944526,-4.16389,-8.05733,-5.4478345,-1.7454767,-5.6944017,-5.3894415,-3.348502,-0.8369068,-4.44202,-2.2262125,1.3634297
103,-10.898701,-7.0821915,-7.06489,-5.061674,-7.6703224,-3.4386966,-6.4208546,-8.110009,-8.932098,-6.7172623,-8.45691,-12.44031,-7.9744925,-4.92338,-11.090571,-7.180514,0.6311728,-7.500431,-13.377506,-4.7405567,-6.1316166,-1.0451049,-2.3807783,0.48531777,-6.7538652,-5.885438,-6.500723,-6.130628,-0.57762706,-6.4456086,-10.747419,-4.75448,-2.2989483,-7.68326,-2.9762213,-1.0128564
104,-9.087642,-7.2182207,-6.6475277,-6.0107255,-12.646418,-5.6986637,-7.352346,-7.3224607,-8.97004,-7.4178877,-7.437343,-10.040974,-8.405616,-5.9460015,-11.109601,-6.589712,4.2189302,-5.897665,-12.499111,-7.1034756,-4.5504694,-4.1156707,-4.653351,0.6368613,-5.755291,-7.8297343,-5.78575,-6.454102,-0.75202775,-6.080545,-15.783858,-10.414335,-7.7840033,-13.445462,-8.538852,-2.8752134
105,-6.7455597,-6.4201746,-4.9045796,-7.599087,-13.873925,-6.7032986,-7.0699997,-5.9842134,-7.951405,-7.6458554,-4.759387,-4.9635234,-8.351787,-7.708925,-10.288748,-7.868903,5.6964226,-3.8527262,-8.685944,-7.5028815,-3.411896,-3.7978559,-5.1635585,0.9005941,-4.313297,-7.600169,-5.372976,-4.9328356,-0.77144873,-4.607408,-16.662426,-15.953546,-13.84798,-14.982222,-14.400702,-3.6959326
106,-3.1051834,-3.4534595,-1.3171562,-6.3133135,-8.613844,-4.9178042,-4.046361,-3.3643932,-5.0139875,-4.7883763,-0.74000335,0.3924474,-6.8726025,-7.777471,-6.7148304,-8.068321,4.210852,-0.8842496,-2.3007581,-3.7893088,-1.0365888,1.4746647,-2.1740766,2.2055283,-1.5197297,-4.3459425,-3.2366526,-1.3658625,0.9209159,-2.4712157,-11.18083,-16.333359,-15.052399,-8.206736,-13.930499,-2.559813
107,1.5913752,1.2705989,3.5443947,-1.0226272,1.1420653,-1.4261739,0.7938153,0.1583106,-0.7918581,1.1786875,3.1899366,3.5038571,-3.9503207,-5.2605033,-1.0461977,-4.836927,0.1186416,2.528762,4.514908,3.0943093,2.9009802,7.765875,2.3403347,3.9673433,2.2053773,0.10768459,1.0785086,2.4150882,3.8667898,-0.40055308,-1.8074569,-10.805297,-9.196378,3.2272842,-5.7681985,0.19886704
108,5.9134965,5.5159693,8.0713215,5.7383323,9.495632,1.1083022,4.4339986,3.1628978,2.6434171,7.0751996,5.4090614,3.5948312,-0.9762979,-1.6817255,3.4475605,0.7028484,-5.3327065,5.0176325,8.886705,9.508482,6.661975,9.115732,4.5289216,4.4047003,5.068026,2.864269,5.186406,4.0322084,5.7633796,0.9947159,5.710017,-3.4118268,0.33115113,11.000511,4.0680437,2.395245
109,8.333896,6.908139,10.718368,9.996246,11.238102,1.1665366,4.6046977,4.4751916,3.5305047,9.1774435,5.402731,2.048754,0.4341586,0.71097267,4.158659,4.770257,-10.133231,5.5058336,9.160866,12.159711,8.025262,3.6004243,2.5049531,2.485278,5.5212164,2.6434176,5.80404,2.849386,4.7860317,1.5165498,7.108415,0.9775522,7.2178116,10.187751,7.7101583,1.4899321
110,8.29303,4.8902802,11.062565,9.7190075,6.114959,-0.12361453,2.1170647,4.232447,2.0292273,6.514518,4.0554414,0.9060866,-0.092908375,1.0358691,1.9558618,4.4594345,-12.099877,4.1414094,5.995581,10.758071,6.4056983,-4.3283777,-1.8788397,-0.6513798,3.7578757,0.76560205,1.8943096,0.5978802,1.5530223,1.2908502,3.078875,0.7611084,7.3430643,3.805352,2.9495306,-3.0187101
111,6.243694,1.1072855,9.795389,6.1162944,-1.2963415,-0.34093276,0.055677097,3.5491018,-0.058801826,1.5479126,2.578684,0.89905983,-1.5959172,-0.010463922,0.15639018,0.3179789,-10.313753,1.9823684,1.6066855,7.7026725,3.3050475,-7.945894,-5.097048,-2.5256042,1.4251233,-0.525964,-4.183305,-0.4577232,-1.4677929,0.4458955,-1.9650114,-2.0628355,1.748049,-0.9026967,-4.946865,-8.689279
112,3.0146554,-2.047392,7.8226466,2.0048149,-5.9446263,1.4768146,0.52524817,3.20858,-1.1643778,-2.2791655,1.2418653,1.0019791,-3.0353796,-1.6385722,0.6715392,-4.4492297,-6.317309,-0.080526866,-2.004815,5.381125,0.79778594,-4.8303213,-5.520533,-1.7280446,-0.07800175,-0.5207547,-8.574888,0.084349334,-2.5280197,-1.0146424,-4.380763,-4.904898,-4.8373713,-0.3564812,-8.793015,-11.879015
113,-0.52998734,-3.250155,5.57405,-0.698375,-6.5558105,3.7059019,2.404504,2.9094648,-1.3576807,-3.4840183,-0.6259358,-0.06622974,-4.294637,-3.9583385,1.7536297,-6.965763,-3.3600965,-1.8563067,-4.12215,4.091552,-0.20448822,0.8269432,-4.6470666,0.5699245,-0.7804154,-0.57777953,-8.950521,0.4621022,-2.3345532,-2.9368804,-4.3397303,-7.175859,-8.11824,1.8062071,-6.5007453,-10.766258
114,-3.298376,-2.8018162,3.2185967,-1.8531573,-5.659704,3.9295936,2.6380734,1.9333099,-1.755119,-3.0800502,-3.296061,-2.0357656,-5.705756,-7.1064205,0.14272133,-6.6682158,-3.6239629,-3.3192873,-4.910633,2.6533995,-0.18440904,2.6435587,-4.824315,1.6738641,-1.5239697,-2.1753032,-5.911658,-0.99345267,-2.9949517,-4.6564245,-4.484103,-9.754516,-7.2228312,-0.7099525,-2.4037483,-6.928396
115,-4.0081954,-1.729074,1.2684573,-2.0215478,-5.7878942,1.7357726,-0.19118296,0.41148454,-2.6877787,-2.5790644,-5.5338674,-3.0200143,-6.7976255,-9.742256,-4.629839,-4.6404724,-5.8515325,-3.892494,-4.443918,0.6191122,0.1244502,-1.3366332,-6.1685095,0.01772801,-2.42513,-4.696906,-1.9559816,-3.4892645,-5.3109126,-5.099932,-6.0982547,-12.515157,-4.3530197,-9.204087,-1.9346033,-3.9527533
116,-2.0357547,-0.65939045,0.53379023,-1.2530657,-6.279087,-0.5844197,-3.8864458,-0.40924177,-2.882719,-2.0254972,-5.2717676,-1.4151556,-6.0835414,-9.287468,-8.793744,-1.7269778,-6.1270638,-2.7187474,-2.5370903,-0.7649294,0.6610238,-6.723687,-6.22433,-3.2608447,-2.4117727,-5.5816264,0.54662263,-4.1148357,-7.502207,-3.4981139,-7.2983413,-13.297745,-2.1028073,-17.615791,-5.613514,-4.2518992
117,1.5897985,0.36424214,1.2443126,0.7045344,-4.3150034,-0.33559275,-4.6241665,0.5887978,-0.8266612,-0.3225562,-1.7230839,2.1778743,-2.564868,-4.3607674,-7.8747935,2.052631,-1.6752276,0.16522379,0.4449338,-0.093255565,1.6825957,-7.5542355,-2.8280838,-5.427442,-0.5719208,-2.9479296,0.5462463,-0.90937275,-6.9783716,-0.17908968,-5.3152733,-9.840389,-1.2044219,-18.16934,-8.6981535,-6.9244184
118,4.406798,1.2498438,2.3744695,3.2840698,1.043321,2.6604207,-1.0517958,2.9279733,3.0749557,2.7285883,3.215218,5.1294026,2.5698795,3.0410697,-1.727582,6.224283,5.8580523,3.1608047,3.0437438,2.0130408,2.8190708,-2.7010307,2.9802797,-4.816414,2.2098215,1.9998834,-1.7137816,4.480898,-3.3729596,3.3362887,-0.23016547,-2.5602334,-0.5144288,-9.193402,-6.583594,-8.586711
119,4.309531,1.4811543,2.2443156,4.866886,6.623305,5.6791797,3.8246646,4.591244,6.0990295,5.3462934,6.0668235,5.073967,6.2128854,8.427552,4.5189557,8.707209,11.235094,4.0726633,3.5243382,2.875866,3.006409,2.8631074,7.3279595,-2.3756075,3.4632604,5.5052457,-5.1053624,7.655322,0.553404,5.195976,4.225912,5.110263,1.2443123,2.97687,0.023514578,-6.446011
120,1.4541373,0.6336091,0.09373111,4.158736,7.7174544,5.772788,5.22202,3.8180146,5.4285984,5.2425427,4.7414546,2.118761,5.8189306,8.557579,5.1389894,6.8527985,10.241495,2.0742059,1.5186129,0.31829977,1.6413277,3.2627904,7.0048957,-0.6109595,1.4022095,4.5322113,-7.8662605,5.435673,1.422349,4.447964,4.012201,9.491792,3.8894682,9.812677,5.6546116,-0.9034039
121,-1.6756068,-0.82559204,-2.9514198,1.7584885,3.0641644,2.7719479,1.2768639,0.9220028,0.9809939,2.2042315,0.6044508,-1.2205694,1.8188286,4.531219,-0.420641,0.15528342,3.7008374,-1.2724018,-1.2630028,-4.820182,-0.36746705,-2.1532965,2.53403,-1.102021,-2.9745846,-0.3232371,-8.125395,-0.85114616,-1.2708397,1.6844798,-1.1466672,9.730451,5.789321,7.99628,5.6316905,4.592724
122,-2.3528743,-1.5700687,-4.708004,-0.05134519,-3.2481499,-0.5262158,-4.861719,-1.7965945,-4.1118536,-1.2056711,-2.551766,-2.2762277,-2.59032,0.91346717,-6.6935096,-8.1902685,-3.22959,-3.1592824,-2.2722528,-9.05871,-1.1075324,-8.212584,-2.3572755,-3.1059914,-6.3443675,-5.2018266,-5.1004343,-6.2513733,-4.403689,-1.38833,-7.286951,7.99441,5.3675413,1.1660166,0.72053087,6.3315344
123,0.06337142,-0.51326174,-3.9141877,0.58614564,-5.500977,-1.1855717,-7.8000016,-2.105472,-6.1186733,-1.9521987,-1.9128565,-0.43704718,-4.2908974,1.4394261,-7.344672,-12.990535,-5.8958435,-1.9030418,-0.29377565,-9.361449,0.515368,-9.350243,-4.2884173,-4.514248,-5.9529247,-6.371552,-0.1574411,-6.643112,-4.2303276,-3.0730014,-9.866104,6.7527013,2.7489858,-4.813161,-3.813452,3.424372
124,3.8123932,2.078887,-1.3940643,3.196485,-2.1499681,0.97601014,-4.9172645,0.11667934,-4.001809,0.37950945,1.7458181,2.7420056,-2.964422,5.463651,-1.1567444,-10.9362135,-4.192887,1.7010112,3.5726514,-5.7937064,3.5138946,-5.183184,-3.120617,-4.0032735,-2.1795945,-3.4119186,3.7446926,-2.5018728,-0.19631007,-2.6337538,-7.7194743,6.23995,0.112305395,-7.2540045,-3.4721947,-1.3567172
125,6.635011,4.6859727,0.81514376,5.3646193,2.4711454,3.3962512,1.2642813,2.867441,-0.17484546,3.031268,4.813521,5.324298,-0.9478872,8.74257,7.176883,-3.237761,-1.6815027,5.286062,7.068059,-1.0451801,5.5842257,-0.36400843,-1.3513206,-2.1615252,1.8401333,0.7879777,4.4278436,1.7527918,4.3857894,-0.49444044,-3.3194509,4.86899,0.2911788,-7.2390985,1.4194221,-3.66279
126,7.7875,5.8361373,1.4702792,5.11722,2.7217588,3.5502858,5.603755,4.0082784,1.9869108,2.8592098,4.316661,6.601275,-0.44160235,7.7747464,11.999645,5.3937793,-0.9456338,7.042392,8.784795,2.4676218,5.2391725,0.8298213,-0.9598926,-0.6271479,3.2259226,3.0162122,2.6826744,2.1810377,5.596569,2.2335174,0.49969828,1.9424514,4.4993176,-6.1501656,6.693588,-0.9238964
127,8.037002,5.3056364,1.1320316,2.804365,-2.038327,1.4926978,5.1462245,3.2100227,1.3437647,-0.31880894,0.76632154,6.944464,-1.086391,3.2675927,11.969942,10.428695,-0.5237393,6.892911,8.9185,4.6178207,3.1151023,-0.94909465,-1.2825211,-0.35024655,1.990166,2.6510487,1.7700307,-0.90566,2.8175302,4.3953557,3.392147,-0.62517613,10.89292,-3.4474318,8.762267,5.619522
128,7.874265,4.00723,1.1229305,0.49204677,-6.1740556,-0.4722024,1.4839556,1.9379771,-0.27072605,-3.3564758,-2.3938906,6.4838705,-0.540904,-0.77437466,10.204742,10.51727,2.9396632,5.748851,8.17802,6.564015,1.0886319,-1.3922404,-0.16305906,-0.80751395,0.6804406,1.7449576,4.1305804,-3.535536,-0.7152162,5.2288213,6.7537556,0.22569077,15.355753,1.342589,7.6794157,11.751988
129,6.303544,2.7958415,1.6563995,-0.40709707,-3.3228614,-0.4771413,-1.3706384,1.6544886,-0.31842363,-2.915118,-2.1804562,4.5360866,2.5601773,-1.2706666,9.631642,7.420442,9.631257,4.041584,6.4339495,8.196434,0.19865191,1.997629,3.1077328,-0.7837752,1.510146,2.521401,8.358756,-2.274342,-1.2548268,4.5596023,10.609205,5.4477735,14.346766,5.5760474,6.0983596,13.375875
130,1.9614791,1.600453,1.332051,-0.5998833,6.673459,0.86018467,-1.0913982,2.240747,1.7046661,1.0635824,1.0471582,0.6847376,6.545361,0.8788126,9.146432,3.5907178,14.617765,1.4101486,2.963305,7.4095173,-0.33101273,6.5962696,6.5437684,0.31987205,4.028094,5.048285,9.876236,2.3299115,1.6955509,2.8604586,12.294909,12.356782,7.8316674,4.600436,5.95682,9.600158
131,-4.498745,-0.13236803,-1.2928137,-1.8396578,16.722279,1.2138616,1.1065738,2.2807999,3.914985,5.1489024,4.018646,-3.7801282,7.9751782,2.0369656,5.1049514,0.13664676,12.061216,-2.1215436,-1.8762522,2.4693942,-1.9104,7.421346,7.448662,2.0279887,5.716416,7.390851,5.3221745,6.4755435,5.059035,1.1312914,9.082484,16.591986,-0.20947042,-2.751318,6.722568,3.539066
132,-9.69122,-2.2764735,-5.727891,-4.565021,18.804686,-0.78911096,2.4108803,0.7669762,4.247701,5.7299137,3.788654,-6.126261,5.1268888,-0.0950229,-3.5008352,-3.0303395,1.7864935,-5.1099205,-5.725997,-5.091826,-4.6261396,2.978895,5.469236,3.429633,4.758892,7.793864,-3.390896,7.032015,5.5119553,0.45657292,2.0767422,15.663473,-4.572536,-10.447384,6.687991,0.12365055
133,-9.954968,-3.6686037,-9.472392,-7.0127487,11.561627,-3.9746103,1.6673707,-1.7302973,2.6691172,2.458485,0.52460486,-4.4758124,0.08355012,-3.9761093,-12.245109,-5.6580153,-8.954548,-5.466528,-5.754196,-10.732682,-6.8101892,-2.4790306,3.2039192,3.993595,1.9593287,6.400533,-9.738441,4.4775515,2.8878675,1.3152828,-3.366589,10.582508,-2.987677,-9.150433,5.230853,2.3654914
134,-5.0005865,-3.2176933,-10.192773,-6.9541173,1.5398185,-5.8116174,0.35269544,-3.710786,0.98717284,-1.6574783,-2.846375,-0.0051456545,-2.9132502,-5.9047337,-14.567557,-6.408978,-11.357657,-2.6227965,-1.5848074,-10.783263,-6.7495794,-3.1813116,3.434921,3.6984422,-0.20724618,4.749643,-8.041377,1.9286287,0.123606145,3.0900724,-2.1119108,4.2204423,1.8263537,4.389374,3.2565157,8.752521
135,1.0434971,-1.3714894,-8.011442,-4.213143,-3.1925254,-5.0525665,0.45008412,-4.42157,0.6161222,-3.4691997,-3.6157494,3.469256,-1.3875374,-3.9770448,-8.211023,-3.9576995,-3.4410384,1.2359134,3.4458237,-6.21496,-4.683975,1.7826017,5.8241134,2.6237626,-0.29834327,3.828737,1.1330842,1.5737078,-0.046170168,4.2867727,5.435325,-1.5070353,4.2338243,21.776806,1.6335901,13.864202
136,2.8221161,-0.16368423,-5.4500484,-1.117171,-0.6581909,-2.9618804,1.8726547,-4.616255,0.9367386,-2.7574854,-1.8198376,2.633471,3.0227911,-0.06620031,1.91109,1.2550795,7.4836025,2.6070988,4.57885,-2.1095607,-2.7667046,6.971339,6.748355,0.77816397,0.61377627,2.9810045,10.930712,2.4626694,1.9767628,3.5076423,12.776029,-6.563189,0.37786728,28.389666,-0.055151626,12.097872
137,-1.4148791,-1.4164647,-4.9217625,-0.22298822,3.7448003,-1.866576,2.444156,-5.490552,0.17709295,-1.9888726,0.13727918,-2.2103634,6.131098,2.2017822,7.7411385,6.649217,11.290145,-0.18684776,-0.18593517,-2.842121,-2.8306813,6.0208325,2.8071246,-1.5386568,0.2799746,0.888419,13.94987,1.9306198,3.206483,0.5533125,12.760417,-11.190356,-8.483345,16.26628,-2.7050052,2.019399
138,-7.929092,-4.7247934,-6.2644887,-1.6952894,3.308201,-2.6688316,0.45751774,-6.977129,-2.1662157,-3.1957462,0.16938527,-7.119582,5.1427846,1.206231,5.2633185,9.1795635,4.5732164,-5.139721,-7.920407,-7.610767,-4.3012276,-1.4756216,-5.3668785,-3.4299567,-2.0544121,-2.5309048,8.587453,-1.0933561,1.4328363,-3.2181423,4.172157,-14.130437,-16.948723,-7.496903,-5.880185,-11.928373
139,-10.60787,-7.3614674,-6.8696966,-3.2042027,-2.9807372,-4.0113654,-3.1145,-7.3956566,-4.1952987,-5.4695926,-1.3748107,-7.8351793,1.1503137,-1.1650494,-2.170363,7.6498523,-6.0521708,-8.014874,-12.914441,-10.963658,-4.637135,-8.978035,-12.916215,-3.834617,-4.579506,-5.5186205,0.11516687,-4.6249943,-2.2665138,-5.6638865,-6.8593082,-13.147084,-19.891474,-25.645535,-7.527388,-21.970032
140,-6.3620234,-6.487446,-4.33911,-2.516261,-9.607078,-3.9163787,-5.326949,-5.045026,-3.2827902,-5.8259974,-2.2853074,-3.486783,-2.0913076,-1.6926321,-7.460809,3.6183767,-10.2718115,-5.9723935,-11.366944,-8.061621,-2.057159,-9.26161,-14.644785,-2.480155,-4.661145,-5.9657755,-4.3703017,-5.6194024,-4.5409384,-5.281338,-12.083541,-7.5309496,-16.37711,-25.25798,-5.98364,-22.280489
141,2.1801088,-1.7194706,1.0022409,0.020697786,-10.431079,-2.0351088,-4.2304444,-0.17979501,1.0400746,-2.5297601,-1.002422,2.7203658,-1.7067167,0.8103549,-6.447501,0.17237328,-3.93092,-0.03340542,-4.361087,0.46960327,2.2464736,-1.6655813,-9.440319,-0.33058965,-1.5866427,-3.5056188,-2.1752315,-3.2175407,-3.196475,-2.2667296,-8.110471,0.23995861,-9.735501,-8.554294,-2.129429,-13.207155
142,9.120888,4.3833857,6.27268,1.8547877,-5.0215945,-0.051876172,-0.9154899,4.741589,6.077128,2.6961195,1.6430732,6.394051,1.9041506,4.483054,-1.0317943,-0.2979883,7.150086,5.89133,3.4731338,8.970042,4.8909583,7.117571,-1.1639534,1.1369538,2.561998,-0.028306428,3.3801212,0.29085943,0.58809197,1.5675031,1.2373478,5.8384647,-4.133185,9.976717,0.9756489,-1.1377692
143,10.443055,8.4064,8.68448,1.1266389,1.0296439,0.15830053,1.5970243,6.9606104,8.131258,6.000141,3.2507808,5.64817,5.844819,6.535938,3.8040416,2.437745,12.955304,8.385727,8.05411,12.053396,3.5481064,9.573073,4.6749244,1.2451802,4.8152146,1.94073,6.9573774,1.801666,3.511498,3.9589782,8.910416,6.4086776,-1.1591965,17.016806,0.9262957,6.095553
144,7.0185714,8.772076,8.001433,-1.0683049,1.836238,-1.3934852,1.4590157,5.706765,5.8415346,4.990904,2.304689,2.2450356,7.5023675,5.9495296,5.3130713,6.591382,8.7571745,7.091113,8.706638,9.492423,-0.5299327,4.5947075,5.281901,0.6957803,4.038381,1.3821946,6.3416033,0.49211243,3.4365325,3.623689,10.693677,2.6727397,0.4734236,11.4154215,-1.6791734,4.882053
145,2.9691315,6.5773335,6.4308066,-1.6206914,-3.0893738,-2.7086704,-0.20882411,2.6938033,1.4026253,0.9738352,-0.31080773,-0.55906093,6.4970546,3.900621,4.9806495,9.604102,-0.957008,4.2482533,7.4180617,5.8990297,-3.3588738,-1.8002695,2.1788309,0.7773129,1.7523228,-0.616051,3.644139,-1.5838382,1.2550429,0.9884722,7.712124,-2.1638417,2.404647,2.8391402,-3.9883137,-1.7927458
146,1.4393592,4.0391984,6.250935,1.3060386,-8.815831,-1.7590245,-0.7101617,0.43515962,-1.5336004,-2.3494205,-2.241227,-1.0983777,4.2582097,1.8785472,5.6770515,9.478791,-7.503385,2.1067674,5.9340878,5.757515,-1.8170359,-2.7090387,-0.85689306,2.005793,0.39083022,-2.1969042,2.0000389,-1.8800923,-0.44564745,-2.1972852,3.870504,-5.424613,4.376131,0.7503684,-3.977086,-7.096152
147,2.0554895,2.3373208,7.6795816,6.0962696,-10.170365,1.5242611,1.1907588,0.10206192,-1.16637,-2.3145838,-1.9982547,-0.35691386,2.2162404,0.01599058,7.737747,5.5851073,-6.4541855,1.0116036,4.075481,8.98503,3.404623,3.001269,-1.1147987,3.6210673,0.9300997,-2.4800897,1.8702186,-0.033991985,-0.25646088,-4.0329294,1.6790591,-6.809784,4.7156906,5.481698,-2.4429526,-5.960091
148,2.2138543,1.0049251,9.012489,8.997968,-6.4985013,5.177214,3.8739066,0.9370119,1.150692,0.5416842,-0.30188528,-0.33577022,0.6717819,-2.4006202,8.484343,-1.1064153,-1.094905,-0.10674142,0.8638081,11.403794,8.342213,10.1728325,1.4427223,4.44137,2.2612169,-1.9876446,1.0170193,1.9918202,0.77517533,-3.6241083,0.7265956,-7.508969,2.8051991,9.874536,-1.6538807,1.0106947
149,0.3434216,-0.81498915,8.593332,7.68587,-1.4084302,6.9697156,4.597502,1.5162946,2.6665561,3.4734063,0.8309092,-1.7343898,-0.7968421,-5.1177297,5.469591,-8.285186,1.9358131,-1.8250822,-3.284781,9.328885,9.301794,12.922429,5.0631537,4.107945,2.6750088,-1.6027749,-2.1829658,2.2307925,0.66982013,-1.523399,-0.47997043,-8.029366,0.51885897,8.418066,-2.2107162,8.441394
150,-2.4337254,-2.9107773,6.4114766,3.4720068,1.5059053,6.1940494,2.482606,1.3136663,2.0203288,4.3157144,0.18259738,-3.349316,-2.3333273,-6.3483443,-0.47404313,-13.119165,-0.30932888,-3.263022,-6.1706033,3.3846483,6.084742,10.18165,7.991675,3.3555176,1.6646677,-1.4553168,-6.1878233,0.79078776,-1.0340374,0.7421911,-2.188117,-7.3774796,0.7504677,3.4162219,-1.8598222,10.964708
151,-3.74887,-4.0380416,3.8101528,-0.02887606,2.0191953,3.9007342,-0.45524552,0.9426893,0.21379372,3.1691113,-1.5361909,-3.5606413,-3.5396745,-4.498241,-5.852852,-13.553635,-4.6378865,-3.1092944,-5.874721,-2.2265573,1.9625211,5.7559934,9.359518,3.0626674,0.17951533,-0.99241257,-7.608288,-0.53836226,-2.6622,1.6912804,-3.326994,-4.425781,4.414461,1.805869,2.0556228,7.7273054
152,-2.657118,-3.332763,1.9506863,-0.3341952,2.4187918,1.7152596,-1.3328335,1.0661775,-0.93947756,1.6048603,-2.5285869,-2.1051,-4.0841823,-0.31476143,-7.960499,-9.52203,-5.787493,-1.31675,-2.9560404,-3.9172986,0.58761394,3.613575,8.953073,3.212016,-0.663119,0.015836332,-4.983584,-0.4798522,-2.2337093,0.8006039,-3.2773275,0.31178692,9.136942,6.797381,8.976447,2.838264
153,-0.5618697,-1.4060559,0.86798185,1.8410672,4.0924835,0.6087777,0.6512422,1.4104434,-0.9286425,0.714331,-1.6945261,-0.24455051,-4.1822066,3.2390318,-7.1959257,-3.2120912,-2.1431959,0.6003899,-0.15518801,-1.8976701,2.798853,3.915617,6.8912754,2.9704266,-0.776297,0.88597596,-0.6821583,0.37079364,0.3432464,-1.2334399,-2.8676324,4.7073617,11.2190075,13.9319515,14.46049,1.5516369
154,0.43584114,0.17574061,-0.0041868337,3.7464209,5.7984195,0.6299349,3.4201195,1.0635674,-0.88981795,0.25441065,0.46509287,0.67971843,-4.233643,3.6707919,-5.806291,2.0405676,2.9310155,1.0819527,0.2767725,0.6692294,6.1458497,3.8169012,3.8268974,1.790285,-0.921621,0.6595567,1.4107422,0.53152543,3.0979922,-3.0113769,-3.2141685,6.9203644,9.047268,15.888646,13.709206,5.6255765
155,-0.24487723,0.45004687,-0.77350134,3.4640837,5.4649134,1.3701707,4.152778,-0.33256403,-1.9916129,-0.4522041,2.5348682,0.59718704,-4.122167,1.4748333,-4.8336654,3.6953092,5.0225167,0.14482199,-1.2198673,1.1522664,7.2809267,1.4410677,1.0892098,0.22414961,-1.5794014,-0.7242007,0.01718512,-0.35047024,3.9522023,-3.3788512,-3.9643714,7.0489874,4.552153,10.551089,6.0579615,11.854999
156,-1.3426691,-0.11959598,-0.9541074,1.4333708,3.0694287,2.341194,2.081741,-1.954072,-3.8646765,-1.2888501,3.5142388,0.49208453,-3.2295122,-0.3697863,-3.03443,1.5345715,3.1861372,-0.7619253,-2.2319522,-0.3293741,4.8349185,-1.8835725,-0.035443224,-0.5646276,-2.347336,-2.1369379,-2.1897678,-0.97948796,2.635899,-2.197643,-3.4453535,6.681505,1.2545893,3.2803338,-4.0612864,14.854547
157,-1.537353,-0.4909107,-0.41989627,-0.6534457,0.9514668,2.9739184,-0.90692884,-2.5618703,-4.92883,-1.4206897,3.3916492,0.9614124,-1.3550594,0.38039392,0.9442701,-2.2917306,0.26670405,-0.55919373,-1.2899371,-2.0174952,0.27219296,-3.581702,0.46074632,-0.11637527,-2.574896,-2.3427205,-1.6939121,-0.10355999,0.5899186,-0.43636617,-0.92187446,6.8977637,0.8824175,0.79025024,-10.765419,11.474033
158,-1.1923318,-0.5503934,-0.12441974,-1.9554621,1.0712427,2.6705046,-2.3537054,-1.8929892,-4.2519493,-0.5565441,2.619265,1.2481159,0.51131076,2.6523385,5.8483315,-4.7798314,-0.7897225,0.03198457,0.2271697,-3.1610641,-3.693228,-3.3372107,0.9450553,0.67631185,-2.3709831,-1.3788799,1.5837425,1.5929495,-0.817118,0.49575618,1.6562936,7.0369635,1.9226882,3.3226786,-11.483794,3.0433488
159,-2.0260587,-1.4427454,-1.4271617,-3.116372,2.4570043,1.2333122,-1.7106804,-1.1264685,-2.807995,0.26558456,1.3742925,-0.08289284,0.6737717,3.0013041,8.096522,-4.138362,-0.1640193,-0.86338454,-0.5849537,-4.883234,-5.4079123,-3.7152872,-0.5366264,0.4120687,-2.64735,-0.707076,3.6375144,1.8291658,-1.648205,-0.25353935,0.89383143,5.658483,1.4358721,3.8370233,-8.365636,-6.1460786
160,-5.0499315,-4.1749964,-4.550696,-4.9211392,2.017324,-0.7450554,-0.6888761,-1.8022224,-2.637347,-0.46395034,-0.45995152,-3.4671237,-1.7487788,-0.71010005,5.194665,-1.0047711,-0.40919805,-4.1205406,-4.8760843,-8.295772,-5.2963443,-6.9695406,-4.2702594,-1.3155746,-4.0348954,-1.8250842,0.4154861,-0.77006364,-2.8817465,-2.332091,-4.5938888,2.586167,-1.8295277,-4.5159883,-5.383578,-12.331661
161,-9.0715685,-7.981411,-7.927425,-6.8388453,-1.9371142,-2.2073305,-1.2827601,-4.2224917,-4.720037,-3.017077,-2.7006958,-7.442695,-5.750343,-6.6983857,-1.3486471,2.037317,-2.9369566,-8.270602,-10.305629,-12.259593,-5.0211096,-11.766657,-8.251687,-3.3927052,-5.9308167,-4.6638985,-7.5338936,-4.7254734,-4.7949443,-4.3735223,-12.067801,-0.37628177,-6.1576214,-20.301733,-4.429876,-14.531793
162,-11.486536,-10.417825,-9.424145,-7.3646483,-7.346022,-2.6024747,-3.6725698,-6.966736,-7.806838,-5.793522,-4.5755553,-9.587301,-9.011154,-10.564492,-7.011406,2.343095,-6.018591,-10.549181,-12.855755,-13.71701,-5.8510847,-13.929182,-9.829883,-4.2765193,-6.8934956,-7.402925,-14.832437,-6.712365,-6.2538185,-4.946119,-16.48172,-1.0430248,-8.558599,-33.69019,-4.2927527,-13.99006
163,-10.633067,-9.415944,-8.3743515,-5.8359203,-10.006074,-2.5111153,-6.1501,-8.053697,-9.46387,-6.6374354,-5.2646685,-8.508323,-9.687672,-9.361578,-8.414802,-0.80292517,-6.6287374,-9.419413,-10.500784,-10.61126,-7.699369,-10.810255,-8.191325,-3.5812862,-6.0844264,-7.959079,-16.040668,-4.7936854,-5.807682,-3.604915,-14.8356085,0.85188186,-7.5942497,-34.883266,-3.0080976,-12.079549
164,-7.3161855,-5.3495755,-6.283327,-3.5313575,-7.61855,-3.0788448,-6.9498625,-6.637846,-8.269804,-4.861068,-4.7167597,-5.0279307,-7.743885,-4.378622,-6.373085,-5.5441666,-3.9428878,-6.029922,-5.0515604,-4.34496,-9.417661,-4.589339,-5.20998,-2.4488955,-4.1874976,-5.7479377,-10.746069,-0.5528916,-3.3625906,-1.2452229,-8.866729,3.1383338,-4.5520062,-22.997236,-0.55042523,-9.123456
165,-3.9701784,-0.92589164,-5.3129916,-2.572556,-2.0379508,-4.6757746,-5.9167566,-3.630054,-4.95312,-1.8917564,-3.7294424,-1.4506207,-4.624262,0.13861391,-4.604823,-8.71249,-0.4042569,-3.0858502,-0.33272392,1.025498,-9.82008,-0.5990712,-3.6832323,-2.272676,-2.7167666,-2.0654755,-3.8038204,2.2829907,-0.50223804,0.57393634,-3.3543622,3.1448932,-2.0225117,-6.883074,1.1376928,-5.139814
166,-2.3536263,1.1851555,-5.999644,-3.6657813,2.629362,-6.2128334,-4.3198442,-0.7468549,-1.4454031,0.1400015,-3.0699716,0.3963463,-1.7551936,1.0023365,-5.473764,-8.13246,0.91574323,-2.243177,1.4122977,2.294304,-8.504736,-2.0809286,-4.614445,-3.1330311,-2.3909967,1.1789249,-0.47402072,1.510486,0.9790215,0.86457765,-1.6695781,0.18171573,-1.4862589,2.6608915,0.5382802,-1.1843933
167,-2.0992072,0.73676634,-6.5984416,-5.1773267,3.9832726,-6.0230904,-3.2465663,0.9798601,0.9950382,0.4090319,-2.5705864,0.5556975,0.53433263,-1.1789671,-7.3356175,-4.232973,-0.3128495,-2.6477332,1.2666543,-0.13129734,-5.9491935,-6.806435,-6.2640257,-3.6530678,-2.3487816,3.065205,-1.4325633,-1.3298786,0.7704377,0.016644295,-2.9431512,-3.8978128,-2.2361388,1.6935393,-1.5455712,0.6894051
168,-1.4561226,-0.05577245,-4.8736,-4.7110243,3.135079,-3.5539536,-2.4875386,1.8048314,2.6036937,-0.04428098,-1.2936277,0.5742296,2.6803865,-3.1137445,-6.390592,0.30942282,-1.421676,-2.059655,1.9388658,-2.939785,-3.0216823,-9.274525,-5.9853153,-2.479682,-1.129316,4.0799646,-2.7128623,-2.546944,0.14873646,-0.54322606,-3.5179641,-6.5400867,-2.4088337,-4.9965377,-2.750969,-0.8501829
169,0.70283264,1.1215739,-0.61762774,-1.6448792,2.6488085,-0.10850841,-1.1088909,2.5844314,4.1972227,0.32804084,1.2671374,1.8439243,4.7237735,-2.4169466,-1.140709,2.6165476,0.04537886,0.64097863,4.591884,-3.2814534,-0.41686007,-6.3853765,-3.0545201,0.15686876,1.581278,5.1169176,-0.4675889,-0.14735863,0.4254242,0.37004605,-1.0048196,-6.832103,-0.87881273,-9.729314,-1.6283269,-4.8281717
170,3.7188675,4.275567,3.6789029,2.0369117,3.2007787,2.2519245,1.0769376,3.6993933,5.774726,1.8399645,4.2118187,4.247128,5.746868,0.05798748,5.2749953,1.6844486,3.2250762,4.1579437,7.56489,-1.3410589,1.5652708,-0.7496851,0.3529651,2.463992,4.342251,6.243379,4.571667,4.0000696,1.4693404,2.553752,3.2379193,-6.0914125,1.7615242,-9.120613,0.97847444,-8.444541
171,5.927705,7.070358,4.8282614,3.5473661,2.855692,2.5961115,2.9396439,4.7233167,6.3201776,3.2824574,5.6750717,6.320576,4.606001,1.3653731,7.479379,-1.135923,4.4760585,6.0189314,8.2209835,0.36265233,2.8444164,1.8527919,1.0903217,2.6939805,5.2451277,6.54691,7.685004,5.9292264,1.9038934,4.4630723,5.5828567,-6.3397584,3.7777343,-5.93494,3.0721316,-9.421703
172,6.45671,7.196532,1.812245,1.928342,-0.2274183,1.8461701,3.1063268,5.049853,5.048718,3.2840898,4.450374,6.7080283,1.2276337,-0.3051078,2.8004878,-3.4308972,1.1477234,5.0965004,5.87068,-0.011078217,3.2849104,-1.672084,-1.9423888,0.6983236,3.8396268,5.1840863,5.2172422,3.4933362,0.7069272,4.524674,3.889975,-8.309594,3.67983,-4.8789654,3.710273,-7.8947196
173,6.167377,4.768813,-3.1530607,-1.1151922,-4.8496337,1.5723149,1.5375603,4.674831,2.661426,1.7740049,1.2511128,5.5210814,-2.8683941,-3.6755116,-5.9593496,-3.4631011,-5.3910294,2.879168,2.7108426,-1.5354345,2.697722,-8.497931,-6.5818043,-2.1001568,1.713851,2.508114,-1.1974865,-1.5140337,-1.5743533,2.6295545,-0.26591563,-10.800809,1.2937952,-7.3464947,3.7622788,-5.81576
174,6.8406715,2.3549485,-6.3059635,-2.8870544,-7.1919193,2.172484,-0.16832869,4.2665315,1.1030799,0.0034371251,-1.7129462,4.359847,-5.3869643,-5.5476937,-12.475252,-0.8970997,-10.689902,2.2226624,1.8754972,-1.4381227,1.215384,-12.471404,-9.138009,-4.1472087,1.0900973,0.08535531,-5.714127,-5.0905213,-3.297962,0.4405662,-2.9365196,-11.67576,-2.045992,-10.241605,4.5278983,-4.430455
175,9.457889,2.590504,-5.2012196,-2.0541947,-4.506375,2.4508667,-0.18796799,4.4942565,1.9050945,-0.78163844,-2.541935,4.959053,-4.7355475,-3.7580602,-11.67527,3.683543,-11.16168,4.7730274,4.6155972,2.05131,-0.32302496,-9.8240185,-7.4408154,-5.013111,2.8101056,-0.48383266,-3.6895115,-4.7545624,-3.3155046,0.116382554,-1.1841191,-9.35921,-4.1263847,-9.294789,6.015119,-2.5690522
176,13.204946,5.6833744,-0.27548096,0.6148288,1.7690909,1.1053957,1.7894615,5.3536997,4.7170224,-0.50725245,-1.1465054,7.6172357,-0.99377024,0.9922593,-3.1820474,9.42708,-6.9939747,9.468631,9.30962,7.8622065,-0.54195434,-2.3183885,-2.4260707,-5.2260113,5.6664824,1.1196717,3.9521172,-1.5462921,-1.9322355,2.4722612,4.7136517,-3.703284,-3.0269845,-3.034888,6.9325814,2.186619
177,16.014442,9.161139,5.9259233,3.5088074,6.948161,-1.490458,4.266499,6.152792,7.485959,-0.07077006,0.9538749,10.738223,4.2156725,5.9716344,8.986636,15.13935,-1.2676911,13.40775,12.984007,12.956757,1.5656931,4.9933395,2.991792,-5.1107216,7.6290565,3.6495805,11.673868,1.4580123,-0.28998038,6.1765213,11.897525,3.9764533,1.582793,6.279376,6.2979374,10.444878
178,16.034084,10.017506,10.769739,5.741856,7.3606086,-3.2441862,5.378512,6.09697,8.130175,-0.13948268,2.2363958,11.882523,8.660326,8.820057,19.392076,18.87556,3.378332,14.145747,13.605931,14.840819,5.586703,8.729826,6.4707594,-4.1472383,7.6351,5.262292,14.502729,2.2927063,0.986525,8.726198,17.24768,11.316151,7.7576637,14.931276,4.6210275,19.29396
179,12.759807,7.2010508,12.950103,7.3471503,3.675339,-2.258871,4.6143646,4.866832,6.158613,-0.366238,2.5182889,9.510732,10.568643,9.188017,24.076717,18.382244,6.787424,11.337016,11.047565,13.237288,9.500697,9.773832,7.813125,-1.6733326,6.197629,4.8944955,12.245941,1.6392612,2.2841613,8.384596,19.103865,15.643721,12.004684,20.505562,3.1915865,24.08936
180,7.1153398,2.2539303,12.4984455,8.27206,-0.05847119,1.2092901,3.1365376,2.7256377,2.8616445,0.13747557,2.7297177,4.0910583,9.3659115,8.367433,21.780603,12.729525,10.064028,6.5048413,6.35363,9.643308,10.855272,11.2778,8.359655,1.8971713,4.455424,2.9498217,8.806067,1.474146,4.1256266,5.424402,17.362923,15.1713915,11.428788,22.742556,2.3706198,22.340103
181,0.74414426,-2.2108138,10.061127,7.7859864,-0.5658991,4.811491,2.4909523,0.24025063,0.11828975,1.6897568,3.4978778,-2.203996,5.876605,7.6599836,13.807135,3.789166,12.945855,1.5463613,0.65149826,5.716184,8.605954,14.681318,9.150027,4.8854775,2.898099,0.8507491,7.709543,2.6394458,6.0523815,1.6839789,12.759553,10.266707,5.948115,22.498957,1.083635,15.919602
182,-4.761237,-4.5724854,6.470226,5.2696753,1.6230966,6.196653,3.0882065,-2.001942,-0.9671244,3.579688,4.173475,-6.883756,1.8963588,7.15322,3.401089,-4.286308,13.172592,-2.46258,-5.0556283,2.2856898,4.118361,18.058271,9.778425,5.656832,1.1648384,-0.0779824,8.578154,4.036903,6.705869,-1.0229526,6.497005,3.7030585,-1.3277695,20.468569,-1.6838305,9.270996
183,-8.2599325,-4.9901304,2.790609,1.4740291,3.2586992,5.051876,3.9490168,-3.4919627,-0.5115119,4.745712,3.433089,-8.538848,-0.7919134,5.872012,-5.3187637,-7.7849884,8.858399,-5.2586436,-9.445537,-0.3584658,0.31990674,18.265396,8.942256,4.184162,-1.0163639,0.49354926,7.9516616,4.108819,5.170596,-2.1549315,0.2991517,-0.8987524,-6.2466755,16.866644,-5.098271,5.2769156
184,-9.176281,-4.561555,0.22680052,-1.4781711,2.1809616,3.0887933,3.8368406,-3.8556294,0.66153806,4.778909,0.86894584,-7.345789,-1.4640516,2.949957,-9.189932,-6.2235036,1.2772336,-6.656274,-10.949288,-1.8275958,-0.4798059,14.300006,5.955716,2.1885371,-2.9800103,1.8215563,3.2837093,2.727,2.1385484,-2.3513405,-3.9109552,-1.648343,-6.7501864,11.871525,-6.721196,2.9350207
185,-7.579191,-4.002926,-0.49567693,-1.7599981,-0.29819566,2.1147063,2.5328844,-3.0258653,1.7583394,4.1376133,-2.157634,-4.582144,-0.78011537,-1.2551597,-7.924515,-2.581004,-5.269347,-6.2053638,-8.797599,-1.7475095,1.6508871,8.287223,1.6793947,1.576433,-3.4622154,2.764863,-4.115984,1.3291537,-0.46501115,-2.3754053,-5.0025024,0.16063525,-4.325792,5.9945774,-4.9133196,-0.7824172
186,-4.262755,-3.147484,0.22898294,0.4063906,-0.9052486,2.2559075,0.9942209,-1.410219,2.360241,3.4349148,-3.4537315,-1.7596632,-0.010637517,-4.978585,-4.418234,-0.57430667,-6.8239636,-3.721677,-4.074622,-0.4922419,4.40681,3.3207445,-1.974505,2.6761038,-1.8681794,2.638426,-10.047927,1.246382,-1.1389158,-2.3182971,-3.4699838,1.2648747,-2.420768,0.05277451,-0.91062707,-6.8534417
187,-0.62823117,-1.4949251,1.0756027,2.8422523,1.9302365,2.112303,0.35188577,0.22197069,2.3800232,2.7299902,-1.9523774,-0.014720748,0.22926436,-5.999919,-2.5366702,-1.4498038,-3.1901703,-0.053939905,0.5596795,0.6173337,5.1587696,0.69197345,-3.4271863,4.0333757,0.8660192,1.6133449,-11.114043,2.1890724,-0.09834475,-1.8256389,-1.0938597,-0.5318805,-3.2086565,-4.9771986,1.9014333,-12.322261
188,1.7884598,0.9806727,0.90992105,3.4413774,6.215518,0.5115133,0.8270283,1.1747727,1.9452853,1.6755784,1.200009,0.10327725,0.5201917,-3.2259076,-3.8303907,-3.3197067,2.012702,2.938518,2.5969574,0.31193668,3.0030217,-0.6319625,-2.459617,3.9514782,2.800544,0.4185336,-7.464223,2.5874603,1.0940862,-0.9047071,0.44891185,-4.253288,-5.6610427,-8.034402,1.1166664,-12.8507
189,2.0228572,3.589104,-0.12477963,2.139991,8.292481,-2.1058555,1.5919011,1.2477163,1.3237829,0.27573806,3.5554276,-1.2952402,1.828949,2.1223378,-6.1217766,-3.5509417,4.712921,3.4942877,1.4616508,-1.2483872,-0.7189361,-2.107557,-0.09841149,2.1893272,2.5114098,-0.36388683,-2.233538,1.3510598,1.1346418,-0.24566744,0.7428433,-6.6413236,-6.6589694,-8.201063,-2.2540035,-7.267477
190,0.24571891,5.3400574,-0.68281144,0.8075232,6.471019,-4.109178,1.5853145,0.7547323,0.7626908,-0.78421134,3.4834456,-3.3651338,4.124455,6.794636,-5.53235,-1.6298287,3.8420544,1.3273243,-1.2078913,-2.262414,-3.6825795,-3.678407,2.3671532,0.115358025,0.23368955,-0.80695176,1.3415561,-0.9320415,0.15704323,-0.59284097,0.5003424,-5.266816,-4.012747,-5.2379227,-4.628888,0.65266633
191,-2.2212107,5.5202665,0.47460228,1.180639,2.6353056,-4.3400817,0.4234126,0.13288498,0.24001965,-0.79111546,1.5228187,-4.6974854,5.954997,7.5396695,-0.26944423,0.48370102,1.6408674,-1.9525988,-2.9599466,-0.79896,-4.3811526,-3.9295282,4.3094406,-0.7514892,-2.3651724,-1.5095568,2.2429917,-2.6247258,-0.6487,-1.8395468,0.47112766,-0.87202525,1.4623392,-0.033353884,-3.2657628,5.316612
192,-3.5970066,4.000766,3.1084812,3.0063508,0.2499003,-3.177168,-1.3817118,-0.45137733,-0.5905919,0.03096986,-0.2809419,-4.023472,5.662065,3.6780064,7.386794,0.7430244,0.89917874,-3.8916135,-2.3258245,3.1914046,-2.9770808,-1.9435081,5.9074354,-0.23060906,-3.5097575,-2.9328792,1.6536721,-2.7110684,-0.43151507,-2.9190786,0.69509476,3.3183029,6.6199036,5.6467543,1.1374675,4.435121
193,-2.7644575,1.2454073,5.396967,4.317912,0.88200337,-1.9415907,-2.9233947,-1.1137191,-2.0523806,0.4422424,-0.37525827,-1.201438,3.1430616,-1.9309229,12.861338,-0.6209328,2.2051163,-3.0041828,0.40797594,7.302775,-0.76920676,1.3793045,7.5406065,0.5370678,-2.5756319,-4.8063354,1.3049712,-1.6556197,0.45987675,-2.754249,0.8354799,4.587053,8.559716,10.122865,5.187377,0.9911652
194,-0.14838289,-1.8386999,5.285855,3.5039372,2.7286973,-1.4356006,-3.557698,-1.9402165,-3.9651065,-0.68408626,0.87940025,2.3377905,0.27073297,-4.833807,13.169741,-1.4803643,3.8993359,0.053760447,3.7368612,8.297046,0.95220447,4.014747,9.07053,0.5018942,-0.35162297,-6.198771,2.0679753,-0.6402415,1.0060045,-1.362262,0.94624764,3.0544598,6.67227,12.67687,5.9881053,-0.034562416
195,2.3541956,-4.21168,2.1403718,0.96616966,2.4711094,-1.2683866,-3.2202728,-2.774286,-5.6097584,-3.0899925,1.6654967,4.344975,-0.73101574,-2.6934369,9.227857,-0.55436194,4.3312325,2.9040928,5.976339,4.6730165,1.6226406,4.6750803,9.674192,-0.06963678,1.6750951,-6.270582,3.7479706,-0.22289455,0.73584896,0.040397406,1.5057825,1.1691979,2.578335,13.512202,3.50983,3.0793855
196,2.5481877,-5.2237926,-2.7352273,-1.3493828,-1.5172731,-0.62271875,-2.3566186,-3.3873084,-6.3445983,-5.1204877,0.5118789,3.3618267,0.47061986,2.3615398,4.519145,0.64850056,3.6490436,3.172177,5.9577146,-2.0073817,1.3348603,3.7532012,8.388529,0.09601303,2.289844,-5.05605,5.552878,-0.004351912,0.23025995,0.11274991,2.5323799,1.0953969,-1.4691408,12.88939,-0.02021708,6.9294405
197,-0.49228647,-5.117327,-7.130617,-1.999904,-7.689244,0.5353688,-1.684927,-3.8335452,-6.3175154,-5.17843,-2.3203986,-0.10364941,1.7285764,5.1693397,1.6349683,-0.8548629,3.1714432,0.19634551,3.2626698,-8.209878,0.3861267,2.4016514,4.9211855,1.7520242,1.1119264,-3.5199354,6.3984704,0.42528567,0.3625536,-1.3807977,2.8994899,2.7234693,-4.0141363,10.404302,-2.613017,6.463143
198,-5.6563926,-4.9992266,-9.59833,-1.513583,-12.738926,1.2421538,-1.9174044,-4.520867,-6.4483137,-3.3085437,-5.132134,-3.955727,0.27845982,1.9190395,0.12593473,-6.086967,3.284664,-4.5888486,-1.6722044,-11.068887,-1.0330958,0.91222066,0.045006603,4.019055,-1.409397,-2.763767,5.063593,0.5598976,1.1529536,-3.381697,0.95706147,4.1401167,-4.702588,5.22727,-4.028295,0.23621432
199,-10.535849,-6.034005,-10.365829,-1.8059844,-14.33795,0.55692786,-3.4247987,-5.811885,-7.5282345,-1.3175119,-6.357532,-6.228223,-4.580318,-6.2806873,-2.4412055,-12.277337,2.500714,-8.835092,-7.5211873,-10.4422035,-2.8703136,-1.7078274,-4.7898583,4.925859,-4.3470416,-3.0776646,0.7607848,-0.6518281,1.5376319,-4.541687,-3.8806548,3.7430122,-3.9139178,-2.8932881,-4.931539,-7.9892464
200,-13.154908,-8.352105,-10.81513,-4.225143,-12.7157135,-1.3660593,-5.926756,-7.517556,-9.282254,-1.2153237,-5.8474298,-6.6261344,-10.540778,-14.012362,-7.5764475,-14.936192,-1.0354967,-11.005957,-12.44328,-8.775641,-5.119254,-6.453347,-8.35835,3.1589177,-6.7517886,-3.7397065,-5.9317236,-3.449044,0.35185796,-4.400993,-10.183715,1.6561779,-2.5346801,-12.83551,-5.2176747,-12.965551
201,-13.260279,-10.660779,-12.063632,-8.223307,-10.044817,-3.3788013,-8.4816475,-8.844225,-10.438379,-3.417098,-4.71624,-6.457586,-14.04654,-15.992209,-14.097204,-12.019821,-7.140991,-11.226825,-14.980374,-8.969534,-7.6950126,-12.7384815,-10.372282,-0.658502,-8.059076,-3.7918882,-12.776441,-6.520738,-2.4818614,-3.6221125,-15.346782,-0.82809365,-1.8663203,-22.262325,-3.9124563,-13.105423
202,-12.076131,-11.107005,-13.863957,-11.862132,-8.587666,-4.4920273,-9.959794,-8.944034,-9.883444,-6.3999395,-4.084194,-7.039447,-13.161233,-11.395622,-19.074015,-5.950024,-13.01234,-10.658075,-14.907056,-11.986953,-10.236834,-18.287731,-11.447032,-4.3962073,-8.292919,-3.0691028,-17.031908,-7.9388084,-5.783759,-3.1825225,-17.57581,-2.7900426,-3.0397787,-28.617203,-0.94563013,-11.649333
203,-10.830393,-8.810816,-14.715928,-13.456605,-9.218239,-4.775596,-9.754231,-7.5964036,-7.787916,-8.099454,-4.067968,-8.176607,-8.972795,-4.1935306,-20.327835,-1.2896656,-15.36787,-10.111367,-13.215405,-16.058107,-11.93837,-20.753672,-12.403103,-6.1560307,-7.915462,-2.4554288,-17.413055,-6.9572806,-8.119183,-3.452125,-17.143156,-4.324477,-5.9250064,-30.273373,1.5133063,-12.632418
204,-9.522368,-4.728757,-13.082385,-12.68829,-11.101005,-5.011786,-8.143153,-5.36734,-5.472381,-7.664526,-3.967186,-8.273784,-4.446209,0.59113395,-18.041473,-0.38032562,-13.325625,-9.261857,-11.123409,-18.024353,-11.728215,-19.542078,-13.535981,-5.7154074,-7.367028,-3.0364075,-15.063819,-4.7836065,-8.939324,-4.049617,-15.73282,-5.726933,-8.627071,-27.24461,0.36990756,-15.966052
205,-7.139213,-0.97159207,-8.717022,-10.328319,-12.266194,-5.5296597,-5.927624,-3.070501,-4.0210834,-5.9097033,-3.2730043,-5.9990115,-2.006752,1.0198773,-14.216718,-1.430141,-9.141901,-7.1658897,-9.000134,-15.703336,-8.956168,-16.11111,-14.442016,-4.4213977,-6.640316,-4.8851757,-12.414686,-3.3920894,-8.74678,-4.418951,-14.608483,-6.498622,-8.603992,-21.1921,-5.1675572,-16.99544
206,-3.038463,0.92334914,-3.0087264,-7.2196903,-10.5661125,-5.574864,-3.6351833,-1.032212,-3.0165784,-4.1452637,-2.2934635,-1.805652,-2.0343885,-0.97068703,-10.800946,-0.966018,-6.0232253,-3.4842298,-6.2609825,-9.422038,-4.1491246,-12.497785,-14.404989,-3.7578795,-5.286791,-6.643118,-10.848072,-3.5054164,-8.221653,-4.3131337,-13.443695,-5.60543,-4.841623,-14.624585,-11.770443,-11.251341
207,2.004167,1.248677,1.9833974,-3.7213569,-4.7711744,-3.9756079,-1.0600039,1.1285799,-0.8004776,-2.6642144,-1.6894366,2.284928,-3.2194438,-2.2924566,-8.235865,2.0946374,-5.154658,0.88568366,-2.3161428,-1.5990304,0.96585864,-9.487546,-12.844765,-3.9697294,-2.8979173,-6.397573,-9.423513,-3.820321,-7.2943377,-3.6461232,-10.85555,-2.7902157,0.95958513,-9.424473,-14.024372,0.42190495
208,6.234786,1.7521012,5.0434904,-0.012040618,4.438407,-0.43543693,2.3450081,3.9676921,3.799983,-0.4604769,-1.4784133,4.4730186,-3.911501,-1.719301,-5.429831,5.22269,-4.867588,4.4429245,2.4455347,5.1328793,4.4875426,-6.1132092,-9.436812,-3.9567087,0.35978004,-3.2041576,-5.990538,-2.3401277,-5.153461,-2.086393,-5.9390597,0.68324417,5.655619,-5.469393,-8.974705,11.779141
209,8.412014,3.925659,6.5680275,3.3996003,14.206032,3.9014554,6.5325375,7.40363,9.88124,3.4996474,-0.72581816,4.73886,-3.0788805,-0.2026645,-0.8746126,5.2329865,-2.722121,6.332035,6.6783237,9.601802,5.6766667,-0.90528995,-4.0654755,-2.4345422,3.6596813,1.9997095,0.34883827,1.468145,-1.2010466,0.8236087,0.72953516,2.9317493,7.432365,-0.6568742,0.9888515,16.474215
210,8.764064,7.4762764,7.8633327,5.711305,20.577662,7.1950226,10.301825,10.39046,14.639746,8.688127,1.5380701,4.5838265,-0.4768199,1.1736573,5.9811745,2.0967278,1.6219548,6.9027205,9.061753,12.189742,5.3476367,6.2497506,2.943851,0.73107105,5.969244,6.8607183,7.8653054,5.8385844,3.975181,4.888549,7.3695436,3.1534793,7.3430567,7.0007405,9.831722,13.559842
211,8.399822,10.356319,9.565166,6.3681316,20.673138,8.215034,11.801355,11.455529,15.354441,12.728339,4.997708,5.2590823,3.3835583,2.6875858,13.86217,-0.74565774,5.644763,7.0106544,9.213663,13.497115,4.838012,13.306144,10.301028,4.176883,6.6436667,9.113675,13.312458,8.053925,8.568937,8.681178,11.998813,2.2441456,7.891328,16.499342,12.776087,7.757812
212,7.8829503,10.370251,10.716787,5.452531,14.584356,7.0048494,9.854054,9.763233,11.521266,12.905038,7.766096,6.3834696,7.092317,5.025588,19.80006,-0.08915628,6.140797,6.8754067,7.701943,13.1370535,4.5356646,17.10999,15.622995,5.9576697,5.6991296,8.007793,14.48801,6.734419,10.586295,10.126527,13.240703,1.5898755,10.0008,23.023752,9.925159,4.3981795
213,6.658786,7.021118,9.596248,3.5420713,5.503929,4.5051365,5.076749,5.9083586,5.3215303,8.3576975,7.708273,6.4463296,8.568333,7.2753105,20.51973,3.3834636,2.2970476,5.8487124,5.40157,10.096018,3.5451987,15.620962,16.408707,4.9877515,3.6874442,4.687984,11.859776,2.9941378,9.176556,8.107098,10.701811,1.38847,11.618825,20.996498,5.385738,4.312709
214,4.093187,2.0809186,5.7268553,1.3461956,-2.163738,1.7916977,-0.16932675,1.7918057,0.09071304,1.15529,4.361183,4.666293,6.2937083,6.851718,14.669982,5.76929,-3.241344,3.4667397,3.0871377,4.4289026,0.9903574,9.644189,11.827443,1.901262,1.4416186,1.3917611,7.895117,-0.46622953,5.2777166,3.7077813,5.265863,0.47029114,9.696522,9.258623,3.0330842,3.8484182
215,0.96804434,-1.5624207,1.1117468,-0.40438294,-5.359471,-0.2810388,-3.083642,-0.43826506,-1.8656865,-4.752979,-0.32200536,2.16927,0.9708451,2.1825051,4.4911547,4.5321746,-6.3623133,0.63798445,1.6049968,-1.5704224,-2.3621216,2.6451576,3.888643,-1.3178784,-0.10681941,0.101463474,4.9641185,-1.3983841,1.1083235,-0.25175768,-0.711988,-2.0722127,3.7001412,-6.2650185,3.1763415,-0.2744246
216,-0.4786372,-1.8774356,-0.8732496,-0.88666064,-3.776277,-1.0089757,-2.1178575,0.27026236,-0.4136878,-6.090488,-3.2628198,1.1060406,-4.1226926,-4.595681,-4.772216,2.024473,-4.772705,-0.55917937,1.9796818,-4.3893447,-4.0717645,-1.4443526,-3.3822505,-2.69231,-0.14614633,1.4999368,3.829023,0.5519368,-1.1710333,-1.2676787,-3.9884062,-5.2706704,-3.0826151,-15.837278,3.206887,-6.5866194
217,1.5455549,0.97895837,1.6447958,0.5637023,0.64229363,0.07606275,2.0982792,3.1540663,2.8914664,-2.4991448,-2.615055,2.5215514,-5.1418667,-8.409759,-8.010458,3.6343126,0.32013592,1.3590745,4.7443247,-2.0641642,-2.0279083,-0.94850606,-6.5523767,-1.6353463,1.6070857,4.7461867,3.8086607,3.936936,-0.76546973,0.9095896,-2.1656857,-6.6588073,-6.1398435,-13.336178,1.178296,-9.716539
218,6.2984023,4.8727703,6.95234,3.774307,5.3484435,2.7199087,7.1947083,6.101213,6.139907,3.191844,0.82730424,5.203571,-0.81452006,-5.560581,-3.8806443,11.862561,5.530642,5.578536,8.906855,3.8027263,3.2853162,2.416195,-5.170147,0.66130054,4.5197535,8.080636,3.943686,6.710969,1.3408443,4.19265,4.4097753,-4.492637,-3.8757,-1.5070311,-1.5930835,-5.658121
219,10.575896,7.2216544,10.737999,7.343609,8.611969,5.631956,10.536728,7.0828238,8.110458,6.959505,4.418131,6.8132935,6.129214,2.4632406,4.1655073,22.384916,8.332025,9.247601,11.9332905,9.022977,8.653899,5.0937634,-1.7814566,2.1886082,7.1898313,9.88018,3.7969365,7.4934855,3.1936195,6.035523,12.437639,0.44413832,0.8882601,10.230817,-1.6208508,3.9951382
220,11.335919,6.7478127,9.750367,9.339998,9.96886,7.0671725,10.770689,5.5924416,8.535233,6.4684086,5.9472203,6.2254777,10.961967,9.840644,10.706456,26.761215,9.067617,9.831651,11.492886,10.350544,10.648775,4.8883214,0.6116381,1.7677264,8.337114,9.592234,3.3859909,6.1931453,3.40258,5.575989,17.914297,5.4094963,3.705651,14.107775,3.1171777,13.233658
221,8.565344,4.268961,4.9767723,8.841221,9.902253,6.1290655,8.4798975,3.0085819,7.855075,2.7329638,5.3883853,4.6618643,10.936803,11.62693,12.793604,19.90401,10.203133,7.4942904,7.7727084,8.425522,8.634982,3.1498098,1.4138944,0.093526654,7.8495045,8.005732,2.8730214,3.918172,2.2842991,4.12071,19.216942,8.126095,2.8346758,10.979852,10.713761,17.01114
222,5.4849014,2.0024326,1.1735144,6.8951573,9.293908,3.6241791,5.580314,1.5027088,6.854635,-0.7383754,4.5741267,4.36628,7.61541,8.340366,11.999157,5.26974,13.578957,5.105721,3.9920845,7.149135,5.365405,3.7951324,2.8826551,-0.76821905,6.962266,6.6307387,2.6462018,2.3472111,1.6258134,3.6322591,18.149544,8.54487,0.6683354,9.107313,16.5245,15.353621
223,5.5679345,1.8496454,2.7022576,5.6808286,8.883973,1.463515,3.8827877,2.2438593,6.239214,-0.7490618,5.1696815,6.1099753,5.2106123,5.18193,12.095228,-7.545046,18.187847,5.5846386,3.987273,9.726684,4.3887835,9.609215,7.5534687,0.8373573,7.147061,6.5185485,3.4892838,2.735951,3.0772536,4.73496,17.702276,8.149966,0.78106916,15.442237,16.89361,12.21778
224,9.024443,3.8595893,9.200239,6.35076,8.747168,0.9761379,3.7915812,4.322127,6.1202636,2.9634683,6.8728075,8.10508,6.3742785,6.4280057,14.599778,-10.930245,20.533672,8.916659,8.5851145,14.987035,6.5905285,18.888609,14.96588,4.5166664,8.542356,7.3394995,6.0721493,4.935175,6.39962,6.121136,18.53052,7.702305,3.7126935,27.636068,11.9327545,10.65428
225,12.17332,6.037848,15.169295,7.5980773,8.010149,1.698669,4.0515666,5.3598475,5.704305,7.3975954,7.53764,7.5483947,9.457101,10.611207,16.670427,-5.6315556,17.36465,11.733385,14.132623,17.696192,9.171752,25.645626,20.91654,7.8050046,9.429697,7.489324,9.820773,7.126038,9.157153,5.8251886,17.75348,6.06124,6.0238857,34.857323,4.9535117,9.56159
226,10.537221,5.771721,14.266154,6.6053777,5.2499347,1.870312,2.7656755,3.42641,3.6749175,8.603571,5.131785,3.3482082,9.980626,11.598016,13.639809,0.5208565,8.486031,10.076878,15.002075,12.996159,8.159487,23.757381,20.320446,7.9587703,7.4934382,5.2803006,12.409509,6.8156514,8.404781,3.065826,11.645038,1.5559014,3.781742,27.325933,-0.6149899,5.406019
227,2.9383173,1.9038105,4.765762,1.7836586,-0.3798514,0.20182623,-1.0235257,-1.2900417,-0.71754646,4.8352513,-0.25780284,-2.6713324,5.0055113,4.8124647,3.8396826,0.13085127,-2.758622,2.9667869,8.265877,1.0820376,2.1845942,11.900733,11.430663,4.1704154,1.9408524,0.36716264,11.0072975,2.6951962,3.1773314,-1.0772533,-0.14220475,-5.4928474,-3.0787883,5.889905,-3.8321598,-3.1182904
228,-7.1871533,-4.155445,-8.620245,-5.2449484,-8.064381,-2.8264635,-6.3903923,-6.500699,-6.675084,-2.0340102,-6.204406,-7.3241005,-3.7837622,-7.5115795,-9.086774,-7.200523,-11.785941,-6.4756446,-3.5398135,-12.281175,-5.990783,-4.899291,-2.2483025,-1.6694963,-5.418118,-5.751772,4.6967473,-4.038562,-4.3275,-4.673504,-13.062581,-11.956122,-10.15586,-17.529995,-6.1916485,-12.657866
229,-14.50593,-9.276961,-18.295141,-10.518301,-15.3548155,-5.4408154,-11.02027,-9.575954,-12.018825,-8.00763,-9.729259,-8.876725,-11.266362,-17.484684,-18.830845,-15.223069,-15.944198,-13.4147005,-14.175246,-20.108143,-11.633147,-18.606634,-14.1328535,-6.37226,-11.255847,-10.651531,-4.127771,-10.203965,-10.072746,-6.5684237,-20.7862,-14.025736,-12.589787,-29.427,-9.408313,-17.783604
230,-16.064203,-10.883841,-19.685364,-10.924701,-19.569145,-6.32908,-12.839745,-9.5778475,-14.651201,-10.103948,-9.542251,-8.386572,-13.239634,-18.336773,-21.581005,-17.421694,-15.943992,-15.074974,-18.560413,-19.623075,-11.906993,-23.76506,-19.09382,-7.8650565,-13.172072,-12.648493,-11.107728,-12.854392,-11.107725,-7.106477,-20.365517,-10.461323,-9.725624,-25.617167,-13.411205,-16.053293
231,-13.291748,-8.857829,-14.44646,-6.8739257,-19.533527,-5.870451,-11.527596,-7.8272886,-14.168861,-8.482739,-6.8364034,-8.315765,-9.862289,-10.443511,-18.776094,-12.98997,-14.496572,-12.5823555,-16.496496,-13.979668,-7.9828434,-20.821215,-16.676056,-6.586884,-11.410912,-11.895036,-13.250013,-11.45122,-7.7299547,-7.4259043,-14.688394,-3.828625,-5.671486,-13.7877445,-16.361456,-10.363527
232,-10.135093,-5.4941974,-8.407943,-1.9657029,-16.182522,-5.5865135,-8.682201,-6.550529,-12.12912,-5.8367004,-4.0724726,-9.872877,-5.108491,-0.88596046,-14.972233,-6.89171,-13.55845,-9.424247,-12.093892,-8.938505,-3.6704588,-14.724147,-10.614579,-4.749558,-8.383421,-10.036888,-11.336353,-8.101846,-3.0897071,-8.164583,-9.842447,1.536474,-5.0992966,-5.8209205,-16.408121,-6.15153
233,-9.312246,-3.5246105,-6.373871,0.06769621,-11.530575,-6.4078817,-6.4965277,-6.8516083,-10.603748,-4.754524,-2.9341137,-11.737135,-3.0117226,2.9484668,-13.209278,-4.5857944,-12.7299595,-8.178153,-9.719509,-7.769227,-2.0649576,-10.440206,-5.471068,-4.2371454,-6.503234,-8.774966,-9.062273,-5.6259465,-0.6122992,-8.843789,-9.782304,2.966258,-8.472322,-7.3949723,-13.37145,-6.2439466
234,-10.203343,-3.894839,-8.446159,-1.6393116,-7.0486903,-7.576874,-6.0382495,-7.8275023,-10.288915,-5.4982667,-3.2252173,-11.380645,-4.34821,-0.3877781,-12.567896,-6.949188,-10.174645,-8.550702,-10.323927,-9.025182,-3.2859845,-9.405413,-3.4120612,-5.054751,-6.310393,-8.568286,-9.540199,-5.1855187,-1.4440043,-8.413159,-13.1900015,1.184313,-11.499135,-14.273783,-8.871659,-8.462317
235,-10.066087,-5.1998234,-10.797113,-4.7704167,-2.9785922,-7.344657,-6.560926,-7.560798,-9.95212,-6.121408,-3.4910185,-7.6296973,-6.6360874,-5.969853,-10.098248,-10.125337,-5.02041,-8.286867,-11.333506,-8.844951,-5.058335,-9.60595,-3.5478659,-5.6164355,-6.463628,-8.519418,-12.383578,-5.5989227,-3.981616,-6.3246536,-15.24056,-1.0025631,-9.380364,-17.778904,-4.995258,-8.212371
236,-7.05821,-5.1945596,-9.661745,-6.2295446,0.938814,-4.77135,-6.3690734,-5.0068693,-7.776901,-4.622962,-2.5833802,-1.9603744,-6.9616346,-7.7471232,-4.720486,-9.807523,1.1787095,-5.7470455,-9.748395,-5.1375494,-5.1559653,-8.465804,-3.7328763,-4.429997,-5.3758316,-7.409818,-14.138514,-4.842129,-5.623817,-3.1142964,-12.336157,-1.4615922,-1.645814,-13.34321,-2.8112173,-3.289185
237,-2.0702493,-2.9442222,-4.6814785,-4.8485036,4.343259,-0.81344914,-4.4152217,-1.030643,-3.3378274,-1.0009818,-0.68534285,2.6552415,-4.641859,-4.0863914,1.1687251,-5.33564,5.4048147,-1.5753429,-5.202349,0.4512116,-3.2691946,-5.4373097,-2.7548187,-1.5353725,-2.8172386,-4.8854103,-11.662508,-2.182419,-5.0014,-0.0420799,-5.2938104,-0.26749754,7.1390214,-4.0034304,-1.935907,3.8911934
238,2.1779146,0.3435797,1.1869048,-1.9886975,6.116448,2.387464,-1.218089,2.2954152,1.7025913,2.6919854,1.0133375,4.1716504,-1.3625739,1.4794925,4.00283,0.20784812,5.6961465,1.9702212,-0.16126145,4.3656135,-0.8120206,-2.057466,-1.0241446,1.5634053,-0.036783908,-1.7691911,-5.228165,1.1107886,-2.7750626,1.7964456,1.7132531,1.0845687,11.38419,3.5391028,-1.2670107,8.622582
239,3.618896,2.4813719,4.5839143,0.1486685,5.44173,3.3091354,1.6370023,3.4091244,4.8750205,4.2134266,1.5008914,2.907352,0.824716,4.318715,2.6849394,3.3674169,2.8507156,3.1250703,2.5556927,4.5838537,0.69483876,-0.0008554583,0.3627941,3.2516282,1.5100056,0.66314304,1.5752419,3.043315,-0.60953015,2.1201594,5.006526,1.5132037,9.254671,5.433115,-0.062130667,8.24281
