Timepoint,12,13,14,15,16,17,18,19,20,21,22,23,24,25
0,-3.2442058692781295,2.086789288691112,-9.47060894479557,4.058437728304035,-5.761617786422068,-1.4659999279039246,-1.19710153949504,2.840670561303898,5.213592631476266,-9.53293449781379,3.7731871191336186,-0.224130140883582,14.326191026337293,3.323768868016041
1,-2.1313791892358234,5.430222856755159,-11.920176802849284,-6.699560771183092,-0.2999983347800313,-3.8528440971763764,-4.809703142059092,2.5818663348956985,1.684864523459454,-1.4631497070041237,-0.05910802404491269,-1.6572500759241533,5.568549055682153,1.7875870717119198
2,-0.41234124679954687,-3.02879262426678,-3.3531928485287925,7.07578973107192,2.275119021344854,-0.5154539152067534,-4.52993854484996,1.653557806598897,-1.7008253524498063,-6.177650595197872,3.2020667633231805,1.7651149469370744,-3.300186876131564,5.961183047112153
3,3.0039536466403884,-0.09601720133606269,0.3275881433973507,1.032247459934074,0.16837401307967245,2.1878782969956494,1.421734746013369,10.032698039497648,12.098211524437884,2.624441623687744,8.451445420785825,-5.014048131144777,11.126506203899579,2.5061642094230163
4,-3.2364797779187864,2.5554221765119203,2.218625218892584,1.5401617434560035,3.876637721548275,-0.5657985035558136,-4.0811331600559,-1.4473036819574785,1.0216209195098098,2.2482899792340336,-6.245981758954573,2.7679260044681784,-4.76400174839156,6.174735382047235
5,0.5788006501234307,2.3710709366263174,-3.0538073835172215,6.8891368465764184,-2.7711104203243644,-1.8843492464143403,-5.290537983483198,0.23055504961889617,3.4436187172422605,-2.538852641168906,1.6660307067997602,-1.6442961802287979,4.401174239206071,2.9862808525866393
6,8.278724598033088,8.046594317166173,-4.193079997576317,-5.416556359553824,4.54259962208417,4.159575296908009,-0.9416254941298037,11.273253477349574,5.3417606134803925,4.482232274753707,-5.578114619972754,4.971050731989802,3.668947887549899,5.126367336785306
7,6.679013333620731,-1.987714644293396,5.732150457343277,-1.4920611466680254,8.255444559819844,6.938676824375075,-3.0450170575355995,-0.8259537843417148,-3.3550557025841306,6.3513323433545175,0.827768297219763,8.684038989397944,9.962556753839765,-4.167500021506329
8,2.7782168876455753,4.689634593165651,3.4259207481138256,-7.331591181609095,2.1492315409134846,7.387102266355437,-7.2294546745869575,-4.905229898131624,-2.982077476929645,4.105535479224458,8.833779837403979,-6.334561261595512,-6.6285949921121405,6.749415822175084
9,8.15177340038615,3.101396413634018,2.5635647016520404,14.896260088803817,8.40799873352659,2.1069601062229095,-7.217656718833106,0.8514591297324823,-0.8249185498879881,-4.776534215224032,9.610029001625216,-1.5403626994514952,-6.385266505942052,-3.65405947943123
10,4.611657324494148,-1.7678314333363456,6.529123247886191,11.389088719475026,0.8019724941375305,-0.34277901600818245,-2.9401341493488573,4.710949855191367,-1.320823148805268,-5.6002479663916995,-0.09159224130669419,-5.003505609169299,17.620818438578624,2.9420144852935053
11,5.583851662825565,-10.31369879294415,1.606605245142567,2.823598723022305,11.6107798668803,-0.2612268158367702,2.888375143007356,16.313798884347992,1.9138276555708476,-0.7975131851069781,6.738330606903348,-3.817823770094891,18.276763122908925,3.38568355872923
12,8.40883428618616,4.6132483263405,16.478741346573344,-2.656099393051498,9.990218443529946,2.606071782355406,8.714504080159324,6.713356198096762,10.187884160906684,5.056093905045062,11.834892234023737,0.9582001262781571,21.244407012759307,3.7881338900449326
13,10.922263368146913,3.1455782816118125,9.008478836626841,10.25185187860411,15.729536711105279,1.9412447652038263,6.981963213609189,8.968611213625694,19.39709230831691,-3.1490771452687225,14.756818598934583,6.232932272006054,9.227617210271408,-9.128709266076283
14,4.601036863971729,3.91833439955906,3.5106060734512856,14.165030571575068,6.784988064242869,-0.4233812860080174,5.825694052540526,-2.138014834526242,20.626809913893137,-4.723640475650223,6.081716395458397,-0.9173208511605555,6.9929643268792,-5.869626660736239
15,-1.1882010211749954,1.9735610898660154,2.594910444615751,4.049047527872786,-1.601267965168369,5.089354184817295,3.639744272645639,6.283146339411638,8.620232498767425,2.2889705350508494,-8.040606568054278,2.7583463350120856,7.586588606694523,-7.135856237946724
16,3.6741237719448243,-8.448153097410591,-0.17678105101293448,-2.6430032466139113,-4.3783321977421945,-0.25287080662591116,-0.5591997139307917,4.536556724991117,6.789222230716628,4.349369641469449,1.443684224267395,-2.57508078764896,-10.09841288109215,-9.099555674864321
17,1.1160882702287362,-12.311460490889695,-1.6523996237285283,11.74265000771503,-0.7789091556047907,2.3078519738450343,-10.916563693053869,-3.914036028543297,10.751660474404996,0.505932846239635,-0.1660567789661641,5.060067704137491,-5.125977024740102,-4.734325538332365
18,3.9164611271449496,-4.467898625424322,4.340589770248958,5.360553488439443,0.6268356500991753,1.0653085246378062,4.647852738901061,-3.1932881675204454,9.8758230874581,2.590500529931516,6.020565257996929,-0.3562651372381619,7.024652631079056,-0.9762008342207694
19,-2.6496447561954963,-4.286015259330066,3.3929391069223684,1.8271159067445872,-1.9921811107470064,-6.288150532741327,-0.34733095521829566,-1.7987545692190832,13.92882114314303,-4.7368578780062345,6.4588402990175755,-4.959612038062543,9.001173936590856,2.2012290845111924
20,4.698628424381723,-1.2089663233075822,0.9253883261461647,17.923582008298563,3.8945867090809103,-6.379208532979294,0.9654213208325055,5.217314904555678,17.920370638370514,-7.927557488789364,-2.987014877856994,0.8148174103425474,8.518241415826642,-1.1400325304391432
21,1.0161870502847798,4.721368865090973,6.651438601162969,5.154625851280835,6.204089054647757,2.7034919207193413,-0.20459454977998928,10.173824210708238,15.237156241828082,0.36451624926863885,0.7152546899659293,1.4057303879942213,1.5108259937592916,0.790273571767065
22,4.6467326356440175,0.7703625450328905,6.903286871861439,11.598251586057701,7.875929694698781,5.772758629249067,6.44296674793396,-0.29720912752102835,15.518890641173538,3.092320987156459,-5.94244866438058,-4.735981493580098,4.310730363945572,-3.5247068271345023
23,-2.1209920866757024,3.642216052327837,0.8940839573588907,1.2664302836875527,0.7573937550187111,0.9630640137712566,2.284193816841865,8.701892643558736,6.8234580901204325,6.762421591853609,-2.267463038162309,7.968477946154925,1.124823541057353,9.426454555623385
24,-0.0958965816059891,0.10855949533228972,0.818159778659441,4.103076153871965,2.007886293515259,11.833461735321551,-3.3805119322270762,-3.9415600974949037,-2.307978229863303,9.509903295915954,-8.072684610984764,7.187401477779661,0.7608159427740135,-9.094673980255516
25,-0.491032889759054,4.666146706865758,0.9164585620925134,-11.682081891565907,0.6437211158324261,4.038953789794932,0.9964318585639097,-5.568104622923598,7.066621588657097,10.657047013238985,-1.0888325064918216,3.9180726457615287,-6.466055513036494,0.43812255348478046
26,-0.8060425925543722,1.5344665500582482,4.0379033118334355,2.4054672572077536,-2.9855320274221655,1.7362197588901132,-1.887955672278696,1.1892367902458931,-4.064625375124873,1.066840040440462,-2.6457057145177103,0.4148269967765224,-3.643555787144875,7.646251972840757
27,2.0167849942737694,-2.41994030165429,5.087722676901185,-7.544711324633385,-3.754832353823039,1.8452674886211753,2.6245734476560383,-4.746282789171959,-3.3421949391462364,-6.269496753811836,-1.4680083844126488,-2.7223210456419964,-7.356088908047092,5.949372115792061
28,-1.2754274551965752,4.6691847601715395,3.0688376317218857,5.530259537453554,-1.1209193699213924,-1.3575558175846023,-2.087303872011146,-6.90081643571659,-11.597312406617768,-1.456810713954726,-1.3773460169227756,-2.836878648521949,-3.803774361707726,2.6235062078553804
29,-4.317575135401317,3.021566797199906,0.877221836119282,-2.598831440721239,-3.281538583186208,-2.1702721921765074,-6.75377221740022,-4.891444527220969,5.075256167625894,-5.481751088052988,-0.33037361563468465,-5.253649679145643,4.423802931698001,1.3291295012649225
30,-0.3878849945506271,-1.5296789465510114,-8.411908130940734,-1.463495739868709,-0.19887150611196244,-4.511505695021882,-3.0541454431961994,1.7848036730167818,-7.83128063654413,-3.694945362149453,-8.771094560014959,-5.834620490366099,-4.290381610393524,-0.32129775087482165
31,-1.35693995498729,8.927105566676783,-1.318752605087903,-4.403017822577029,4.094228592606223,-3.488649459517732,-3.1406850983597794,-6.317848751131369,6.1924652241322455,-2.86084839671242,0.23055005712168558,-5.321169822647864,-0.9410153229017647,0.4425991724188231
32,-1.929752033583972,12.012338055639852,2.9244946971231576,-10.380438860667375,-3.100363481409696,3.90276432463101,-2.8139532168908996,0.48245151827529986,-6.115322750441882,11.579715039657087,-14.623690222599068,4.061834926964069,-1.9474477436469526,0.9035461338198915
33,6.669648244976997,11.622510245868138,0.4027608949310926,-2.3121495538828323,0.9737411958678645,6.356148744039998,0.6533599945963645,0.5981479138896173,-2.4460838400587743,8.751844602579974,-0.5646476873329708,3.403015690342504,-5.672328727585929,-6.88224717305631
34,-0.07447979553621642,9.13626913391814,5.97391155179666,-4.807729574794672,2.8431239137235953,5.081234158910051,1.5501925565910584,-8.93428931917463,-6.694647979675507,-0.5989265265513439,1.93238542335374,-4.643921029811003,5.983792864394431,5.269487092993697
35,-0.8681607510970564,0.6453459788950122,-5.8011830041603165,-2.73046044062595,0.9139963333704033,-5.0249641744457945,-2.6340880448720894,-2.437402158975601,-1.6246484949880717,4.451143983675509,5.117970012888616,-1.7094921646069507,1.1689935022470903,2.088135016816003
36,-3.307520275821491,0.6024196115987641,0.78423865914953,4.272279421285707,-4.6930501292250595,-0.6261986816415981,0.223375602644317,0.46918276621370897,1.2917068717735154,-5.184370995214095,-3.47447548730641,-5.255113704472172,-5.629272888509595,-1.4297387247182884
37,-3.031932667886116,0.1322309358083472,9.38927106468045,-2.404994505096455,-0.9832617166090984,0.12412671805644522,-3.1750836880231392,0.29486873913176204,-2.3309045666638686,-1.4856026689617001,-0.3756979946997397,-8.258481344702293,-4.194934297885213,4.928750219393749
38,2.509174188180846,16.936285513396165,0.4702297568093149,5.836994385232731,-5.701274991035461,-6.3444659685602,-2.2179818810248864,4.4818891104386775,-14.114551185345164,-1.950657686408685,-5.007933368488234,-5.28197817337148,-2.5516486776118374,0.8429804036811906
39,-0.09466884330827363,8.751816172989047,1.4772248020281598,-0.2663831534434338,-3.576528649549095,4.531287974240828,-4.190846887930316,8.362827967624275,3.314722416960463,4.850480128307732,1.3616421896280075,-3.9775704419126314,1.3140539271490914,3.050173135436311
40,3.523790623460497,-0.36379825095741114,-3.044207363104334,-13.988738404244792,4.004159134869673,6.281968482903072,2.6186245731553255,-0.0975727676889118,-11.89932323748968,4.053294256025431,-0.7500181936335807,0.19339320063591003,-0.3781309025932331,11.820131273293981
41,-7.478636969108971,5.68183118180961,-2.4910624100237477,-6.196767745577559,-1.9106353126010116,8.733564280505691,-1.9631444282677708,0.9409801987360935,-3.228585813726698,8.056725027609845,3.524913113298161,5.953703669032881,-6.124886199527857,1.1944032116812102
42,-3.168671426116204,6.4641486080933594,-1.5706562424192623,3.6057146836300284,-0.1926944003421433,1.2346818562673063,3.484955189179401,3.9232624282642288,3.455840920003093,3.2049738348898837,1.5990436557604342,5.4268324697504235,4.461955692086901,-5.1539323225009195
43,-2.457900719983237,6.434562661209885,2.520553778628914,-12.85032427554228,0.34418135029929026,-1.556769487200951,-7.045696255465855,6.649053805944871,-15.03467907695746,5.855039852006095,3.3933566857357413,-0.43938671995182427,2.2219378641065286,0.25836093936647686
44,-1.0860007770207463,1.6060628331437403,-6.89364606681831,-6.806601234236542,2.0265212603369536,-5.782391146737702,-3.7226664338793074,3.4793212048861446,-7.58370548851636,-1.2581201283907404,-1.3902172250102978,-5.39564017981899,3.458333433890829,-3.9703320143174152
45,-5.560369486711463,-0.8246722987719944,-3.433002637585207,2.251540055080336,-3.7479931906777986,-10.21736226763044,-0.9794568091022725,-11.747946482531878,-4.304442683044745,-8.476676659924644,-7.285987575747529,-9.198385369412753,-0.44497713051280197,-5.440129889289335
46,-1.9958850447164507,-3.9224619445752125,-7.17315008879012,7.450759712226537,-4.9170040783225275,-5.004377833738619,-3.7401334874484005,-12.98047697604919,-2.3259884371441237,-3.9269536730586267,2.376574227168244,-3.2810003149266147,0.1587365561602067,2.2565584620650934
47,1.4722435828678462,-7.988069700343268,-4.80030538917196,-3.037484782082694,0.5984919354015467,2.4464991384623,-3.2219419835173353,4.449099744765126,4.217951624065029,-1.486742736581637,-2.77114550480429,2.802397793805113,1.7526471355587852,-3.3920601160474577
48,3.9796377805118657,-0.1050392509419091,-2.186163488547413,17.76055710716173,5.606423384224882,-2.708848622380471,1.0270099700713644,10.964586251244253,4.624335743943039,2.229193836450577,-4.882132028438607,1.9457138577590183,-4.3903045800267435,2.219485560850221
49,-0.21979753429792365,-1.2779692812841765,-9.701757649986112,5.209672162271276,-3.9061094655522277,3.273170066731317,0.315025625180225,2.8997917528055153,2.504975574357169,0.6854308284058863,-9.087280867431236,9.251551589795522,-15.410949679965876,4.913337708127742
50,-1.9030260445968228,-7.1522557654855206,-0.9617988150946948,-9.768302036791432,1.5096673934568403,0.8677362410389647,1.6834545281468605,-1.9156642659586303,-11.342347119364659,12.72371398976871,-3.7502008384587815,9.799208086972333,5.029963308147022,-4.834329688883558
51,-4.12841244741362,-16.739663036502137,-3.927858640496828,-10.161526027990847,4.603978493992163,2.969818576258056,1.4773144861873315,-11.306590749292958,-13.244156763261678,-2.9553838724992714,-5.99769436583227,3.771382783140455,-6.574961081831431,-0.5329597087538972
52,-4.317101756528932,-8.753801974715019,-3.260235070878146,-9.718144357523986,-6.84045029173092,-0.25397962757519316,-3.4339048594844583,-5.762628230513359,-7.643282234060521,-2.599953126542422,-1.0501294304065558,0.5090416943540379,-8.348799917162681,-2.788861918510223
53,-2.676652267879369,-4.736582661161617,-4.041892716775135,-0.007071594802700743,0.512629858693298,0.6091898777046982,-8.588346849518771,2.989176702742674,-4.695486504204419,-4.216539899305421,-9.998468668029016,-3.5002899718831997,-1.6097127199172974,-7.519488018386218
54,-0.8771885682125481,-5.6846990269057605,2.3069341563220536,-3.815315533657463,1.1295164779436833,-0.13992538257521026,-2.924050613743614,-7.7915913170697735,7.0221547533054745,-0.01301575254420845,4.280164664193076,-0.13775435652659865,-4.172068131213286,-7.460457653415446
55,-5.1553405930801315,3.1254143827423757,2.2850048219671053,-2.312712795880376,-3.2212334174890906,-8.581954131929242,1.363984896212208,-4.020109604816048,2.794607853707002,-0.8860000104320293,4.851896253699551,-2.251499871210176,1.5876275173255376,-4.860631866062212
56,-3.906498776254605,-1.7160637184065215,-4.63166118245952,12.205909977153857,-3.385264146084688,-1.6841765398881874,1.9291649682789433,-4.591685350756256,5.282491295617454,-7.6347775739066455,8.31702432218863,-3.2781330267993773,-3.15568731018171,1.4283691924445483
57,1.7810189407698962,-1.575779990274079,-3.5474055902082093,10.497205497354877,-3.850721507808384,-4.400839798304499,5.882521092891693,14.305192455953481,5.241307387546617,-0.004018591982977731,1.1050844321749649,-1.020131998524374,6.142808166693668,-0.5452765042380411
58,-5.435706825128624,-2.497074612549373,8.659940620466154,-0.9299052594875803,-8.1546260945651,-4.801998581319135,1.3838432467713648,0.15699027265821183,6.534563463561389,0.5469761259701788,-1.5174851356720438,-4.056155960778801,7.759579612113232,2.5239007834877287
59,1.0809648067367321,6.954430997979884,1.181530598322956,12.278049923935715,-5.466874146111766,-7.404300567446922,2.2625074289282976,5.951336634782504,-0.19076744390993702,2.78269560300574,-5.288656571689917,0.4798577683312552,1.4458638633392296,-0.8253689731794353
60,-2.6327029369315325,8.22872924318119,1.6731585593399954,-1.2683870743732064,-1.4225669284256137,-1.3403080266957381,5.921590558120182,-2.9894009086550497,-6.253107160938029,1.8560990441818626,-4.437380283158653,-2.8798131377113108,-0.8829151318997753,0.4556688380484678
61,-6.211722111215397,3.1762813281039803,0.31772820590710155,-13.618671697013232,-4.202859871393564,-1.5284429648701026,-0.21876850845862408,1.9163458201349999,-1.4878101099510581,-4.966301860553878,1.4155700084544263,9.593717944257113,-3.9413907690619934,-5.854578327767703
62,-1.2154898728643144,-3.2290368645775076,-16.06837032522474,-2.18226359662961,1.2680644414254598,-1.5834714113449564,-0.17952220476403527,-7.347824395615227,-0.8200371970935744,2.5952405005085226,-9.481856848512377,4.136223773567044,-14.173161228852612,-3.7304469984100788
63,0.7771775229853026,0.8026526898753886,-8.220487750306422,-13.588025566874718,6.984630107879639,10.343752547186249,-0.5118353835174015,-1.330404588610542,-9.817284756777237,5.042068081546803,-7.708310702625586,6.966826852487058,-2.6650746835737813,-2.5287176562207088
64,1.9765234970278582,2.717691715882749,-1.06948964328182,-11.637932774363732,2.749525566490329,6.130087469913522,5.444288477301598,-1.3683262388316952,-0.3931753635406494,4.57799469907673,-1.3850333529467485,-0.8690566533074087,8.98005320952863,-2.8638446033000946
65,1.182810079990601,9.429777653849854,1.0390916827077767,2.682998311762907,0.14231476605850824,-0.8213754874102923,1.0021130029321172,-10.657340408892047,4.47993591366982,-0.8510570051718731,9.182880272670667,-4.48907373146135,-5.219081050583294,-0.44522979581842614
66,2.6425207272856213,-4.600274167498764,-8.53127083387606,6.923055401870182,-0.36349928014132443,9.60780295440737,-6.656804440619082,-0.8064542285033635,3.9098023614104913,-0.598316139104415,2.694366531104458,1.7504859882958081,-4.708807136939496,0.14642467053324384
67,3.464701990691983,12.27834310013877,2.198828859900942,1.0994130397329525,0.9012506552876867,-0.11006494200959498,6.352215935989302,2.9396505739007677,6.121382385492325,-2.649395923225247,3.2854885163964056,-1.0247733612753906,-1.8585639194566377,5.805704720166265
68,-2.7790137407731037,3.373032334507728,2.738506502490871,-4.417674816384608,1.3151130566791611,-0.4307020543789377,2.3600003804479326,0.849739463657749,4.326986896748445,-0.17616247096840215,-7.4611541756561826,5.169944216402209,-6.297294600885742,4.115721795023704
69,-2.4617116274882336,1.1255459913185664,6.971443881793898,-2.5121825091084657,-1.0135146306485545,0.25975654806409565,8.677633038037742,9.428487217243838,6.95379407673466,3.9070823660918643,-0.7995403110980988,10.98160504443305,2.1422556967151407,8.889878816750585
70,4.3591354647461245,1.4041215521948678,6.877988710695384,11.64903834644629,3.4986319359467952,8.077248224190303,0.4752908434186663,-8.624288500571737,14.202205825216916,0.5640840329582048,3.038420344493827,1.6524904753480638,-2.8420010805130005,1.1357628897744783
71,-5.3799964256432595,-3.4594984311534436,5.230288615032118,3.324728405293153,-1.5310742873318341,0.992620055468715,4.687431170928235,-7.787669663526574,5.179419285484722,-6.984374958670185,4.111763788121087,4.332861078028777,-0.06251984211255093,-0.8767273765133352
72,-3.540636902560993,-7.744780551414101,1.9403960389294186,-4.649851646198302,-3.4248962882830174,-1.9769791130508696,-0.5917304845488801,-2.7246852775617523,4.372668463356641,-7.24049779352713,-0.3254407197237015,1.2624430528708868,-11.510777158396584,-6.698364457913807
73,0.9843716280800956,-5.050176915541595,-4.943033235413687,8.045907774750066,0.40192384500892797,4.277537775891168,2.0408322531349805,2.9081233599964453,5.870583313916411,3.3110025099345615,-0.25119179122302,0.7881294005379385,-1.9524151384830475,-6.888425776468856
74,2.9773054232402725,-5.524711509444276,0.39009147061377153,-2.275559909945848,0.5499745663635585,1.4024198955419112,1.287315335808968,3.437873522846066,5.281057919166526,-1.13852836921507,-1.623625503054687,4.173412413013224,-5.715694617251961,-3.6400780507496426
75,4.267025732720385,-2.933035565882313,7.3174978713600005,-2.9255982495996418,6.074646980178599,5.58276282068418,3.227401830712143,9.84063329562849,-0.007587674929171192,0.4620915511432959,8.019008944229205,-5.939315390830138,10.334750246940827,1.4543129546301705
76,-1.3528021724172392,-2.233546549568371,4.613051051996192,9.983840156574638,3.144455527772709,-4.084819526088481,-6.441737082995931,3.051208067305234,11.638946168276728,-5.888705642551792,5.372357893659144,-1.5855712196504583,1.6831774212876145,2.1527552917903785
77,3.334612119562772,0.07421497179537404,1.3593140637540087,-3.099677650295958,10.330366641283035,-2.6213516918372135,5.030669445133939,-4.188323861330139,5.379006017227562,1.5731330100370913,0.6872124148114603,1.9986178984447402,1.1040284457255383,2.435031228147599
78,2.496511145513885,10.427035635983458,2.493910000640519,1.236791116242506,-2.2367727966332924,-0.1808444188565624,5.095545595397755,-4.997138180903026,-3.1750205572770565,-7.585080952668677,0.3974738642858455,-1.6280955988533643,5.877800870306638,8.374554940100227
79,0.6119935731498563,-1.1969579342676668,2.0931080842048537,-3.7495957685976613,-3.778684622018921,-4.362457314316107,-1.3557265081575938,-4.397951199996228,-7.986022313942715,-7.644079040507881,0.32717910523013194,2.2679321534779606,0.04113605831350599,2.0688492962900473
80,5.4076817511599895,5.218058696206735,3.5589978792229475,1.6873882805206337,8.104015054751416,-0.18700962179169364,0.6733630664494573,-4.643296489910203,-12.96489331916887,-1.3568085507223648,-0.8492795133355017,1.0501055906013566,-9.147110132538543,-6.822661797306975
81,7.07350201752721,3.214288249459802,0.6165064658437457,-11.023268273898534,6.296992477105588,-0.48110521660775557,3.3193225367945067,-0.6659194334429137,-13.127240870680128,1.7988937080514675,0.6865696298832796,-0.4951907371988102,-5.5440007654988035,-11.084513051169258
82,0.5892031984973927,4.106670804093687,9.56666291368251,-6.503949155612868,6.462922742324216,5.759871859635625,-0.8830295674959008,-13.305376131619726,-20.013043263128825,-2.8778573630415663,-2.6543624636394028,-0.7941902842448683,-5.21791848935643,-10.098998764339758
83,4.455030662824913,-3.161060544909263,-4.348796137437528,-7.563543517674718,5.706599234166194,0.7767376425314922,2.21158307844925,-0.504207715696218,-8.419819218771798,2.5803515886773867,-4.498311436297942,6.509087709748015,-10.602320437528649,-10.523473800445089
84,-1.2797737017806088,2.343052418864503,0.8056224009820393,5.330838896790329,3.7956587748259913,-1.6418073481062845,4.067986790622983,-0.9957474491425923,0.5891514408345125,-0.5374432892671653,8.966122783107531,-3.4642507488630256,-2.957809188688288,-0.6328430467722367
85,-0.2642157698164181,-1.9434317377757053,4.060862491021351,7.622604205900309,-2.4762959535024605,2.489289085475766,-4.257945296107506,3.4546681180292245,11.501244066929331,-0.44506416028859663,9.229745166034114,-5.667539707860168,-3.215977897525442,6.679503264475842
86,-2.8352841503766117,-1.6321872971495803,-1.9661652700671433,0.22745100819334693,-0.90885404352935,-5.864476539650742,4.39216699162308,1.675932874484938,7.328478266998213,1.4410209838224917,1.1915424174192,4.69289217265893,-0.3456677733635416,4.277821902717863
87,-3.316277113496041,-2.55965385509997,-4.443269753790632,-2.6312431674830767,-3.055780127948644,-3.108112389335827,-4.31170098513973,3.5078170360351097,-6.20921939216098,1.5866973193324343,-8.376948779334827,3.09867556434961,8.229088872367022,6.229119082190553
88,-1.3405128011898118,-6.943591399384396,-6.1857040919819655,1.693071306968222,2.7337090067413388,-0.2020899919241819,-3.6385460593262495,-2.8336361920347017,-10.191742377621788,4.10433323650944,-0.5408490721364411,6.522091771266898,-2.063670667762659,7.33797658706198
89,-0.3748130910858816,0.9227057354790824,-6.5847446649354335,-3.864394416614455,2.941924048625693,3.225434244895468,0.19582137891224452,-0.09105767400897279,-3.6463936664620222,1.0706696286797523,2.7402617519303245,5.235236989600318,-4.440826615508722,0.724151860694496
90,-3.7782977235560513,-3.664980802304891,2.4210820882296074,-4.3969987119947165,-3.8559195402325415,0.8345504871436528,0.8776133844286812,1.6589085435380742,-8.422734946620707,-0.046815055061359793,-2.91816536154674,2.701135061225113,5.9048612964700675,2.7394874945130883
91,-1.051529412366906,-4.228630576814924,-3.7425509417543608,-8.041443396587761,-3.185853851578978,1.305904061286425,3.073193190961468,-9.566184197153364,-14.141632569687706,4.88001671615912,-6.709234077103284,5.5403377669198175,-0.8014798687428845,0.5694529325986395
92,-0.09213256189713673,-5.652705296569941,1.7765877207322998,0.8239948895512795,2.0231285211915266,2.779395339440326,-5.318666785347219,-8.971633304138573,0.04609267930595242,-1.1529044247403437,-1.1040728031372538,1.6137835079309892,-1.8782871037113422,-7.301798012791847
93,-2.548188269914562,-8.349562360924118,-9.853753835571055,0.4313454992917119,-0.26139808712261065,-3.5797926442963734,4.824269594434573,1.7962947034714174,0.07220314716806217,-0.0401894997577278,2.2778318721268858,-2.3201760196564147,2.00938326485303,1.9205947822454024
94,1.4557020357068704,-11.10371905686904,1.8131011760964686,-3.9270410764278196,0.7444693055384013,-4.637425597833127,9.440883551325117,0.5976462257759911,-4.140815082861453,-2.6757867658624845,6.180258227246148,-4.900292290108545,11.42832595657329,7.954277032492112
95,-1.1065697682147124,-12.011294536292553,-0.7483716400302186,-2.926643880046144,-1.8047843517697588,-6.92182154679785,7.291876227880011,1.5957889733265858,4.716476881990627,0.828843737135128,1.3686403084774406,-4.776676866472984,-1.0755006111398036,7.6475748911271895
96,0.48220288510225257,-10.48175724306885,-4.562456270261687,-3.455041992421053,-4.386774013237077,-8.220405259302684,1.888196506337928,-2.500710187517867,-0.34473780709870006,1.4530058220332982,0.9463458803235268,-4.75027807467446,-5.708212295357062,6.694471946784428
97,3.2380862047477645,-2.7956123595335045,0.17448339208352323,2.694888768147449,-6.798581450569387,-4.083509340578196,0.34815816702891367,2.938050229026347,-13.12795989215374,0.1699651376325257,3.003878656698733,0.6565429835903401,8.331956290468877,0.2023112408968867
98,-2.356896792139326,-5.538612067395327,1.8432477478470122,-6.000447854703786,-6.333911489619284,-8.532842307066431,9.997592860338639,6.87627125542839,-2.906399037308839,-5.3789621857660155,1.2151728527886527,0.47358986218364874,3.449217246731325,-3.699868482974719
99,-6.325108483661802,4.377457141876221,-1.9671823078272295,-13.215498953449483,0.2841945138512825,1.6189088906560625,4.295691758280202,3.928056442615937,10.156419563658384,-0.569389036343414,-0.6592240756263539,0.6792625263333321,0.07056875161978664,-7.429938982335889
100,-0.629919060030762,3.4917236250274035,-0.9664225718386623,5.978338485773729,-8.711759175573077,5.171348379896977,1.3528923448555323,6.048021412321499,-0.22362682071267342,8.073482321233165,3.4062519888488616,4.808748641792609,-2.015773633913118,-0.8933618659039542
101,-3.552561084226686,-5.182041081238766,4.029561169293462,0.8209223303259635,-2.7800557649865443,0.14185377651331377,1.6619650745878414,-1.1550612659478674,0.6872951871886546,2.272946990266138,3.5691614100063336,1.7249153966122135,-3.345044814810461,-3.6770339062323374
102,1.3160092383623123,-9.787685380906474,-3.4780485018783684,-2.761479448907229,-3.1016731000676447,3.051915783054975,0.5900339630185342,-2.24701143040949,-4.022099300306671,-4.7009968049063975,3.601897644145148,2.308606292368198,0.06779713138025634,0.8614552237986758
103,-0.5458231367626969,-9.045519162197502,-2.2900579127730154,8.618594804588628,-2.289690745120146,-1.6192714620609672,-3.2653681368243936,-1.0748712636378346,-2.2831680981480345,-6.397881995050275,1.4938009357726088,2.4314779592107754,-4.976489615683653,2.1269152796998316
104,1.6321206415186122,-0.1532848562513079,-1.5172559411398001,-2.392809343581297,-0.47235969712539594,-3.444796632747261,0.9542521148996086,12.624819450232447,-4.3943322953787085,-4.205720455062632,5.2736187396304945,-1.185132301583582,6.512727017305335,0.4102225887532137
105,-1.3988177983128294,-3.4107224311755626,-7.760106610400336,-12.186364977943654,-11.846559637055105,-8.846128501454178,-8.951120332795746,2.324406840971538,-17.64974833264643,-10.46098391498838,-6.144460602226306,2.9902395718559927,-5.564783955981233,-0.08326823614081558
106,1.4993335604667664,-4.387073105695296,-7.152982467224783,-10.159603374344963,-2.616913544888399,-5.768246030320927,-7.885282765845863,-7.345216302239165,-13.394934610748777,-5.048983732048346,-4.944695909412539,1.3942890118579476,-4.696104227888341,-12.305715667958163
107,-3.253252081725062,-3.1501260630938472,-8.020086947600452,-13.16166537665591,-4.161906013683397,-6.119124241629425,-8.34030525538386,-3.7149972410834566,-10.00039362483563,-4.410356262356651,-16.60632039089592,-9.746011559756434,5.409669628328815,-7.510612318710405
108,-6.126126860477487,-9.45735585932829,-0.862446952839287,1.0923227552248507,-3.6514646988742205,-6.8577926587693545,-1.3415403341760441,8.8758566771843,3.1905514740822265,-4.8141981065273285,-4.284692275280855,-0.9410371030775868,-2.17584943383628,-8.278015399465756
109,-3.747394800794368,-3.0268899214511014,7.592861319074825,2.708858441530575,1.9365771525368398,-2.2330651629944236,1.0072289851247047,-3.596384968684644,5.5302616740976065,-3.7339288124016354,10.800759764958402,-9.522567174872574,2.014813191827615,4.528511565558764
110,-3.224292198614198,0.43064083493485744,0.7391486274344581,0.6872590573466554,0.9041941579507322,-0.65623391526086,-3.334062750090142,-3.417608172309642,1.712589548558605,-0.5403671590041141,5.427643335595423,1.9793939157104006,1.9484404147583612,7.531947660202882
111,-2.265940275271328,6.49980240147941,-2.937685478706749,-10.378908414317637,-1.1613907290964711,-2.689411741130206,-10.022041583547788,-0.2810776586435279,-0.46120537787067645,0.23251016346775755,4.716885560629319,-8.167984395611043,-6.01977889178967,0.3456056540717884
112,3.4062200614384244,-0.42712246885105054,-8.004495355927823,0.9516278085659962,-2.6374779747304866,-0.2562113525916119,5.356308497336446,-3.1209288312464345,-7.203664856297629,1.574425916282498,8.53453532530337,1.637715062772741,-0.765479073232534,3.2150647396944008
113,-6.354883038876008,-0.9471969067746279,1.332811952549584,1.5638075908836053,2.259943497424223,0.3920210134618136,-5.524421829768285,-8.656031709544513,6.1753533519044215,-4.741660972639006,3.7580749373502877,4.807240186297164,-15.816437422012797,6.861125067788727
114,0.7808406806113769,-5.295614251068661,-10.16250982576487,3.983503373301759,-3.2755896134340032,-0.0613415180420389,2.236957540621563,-0.9850163605748391,3.4077848463642355,8.596454292231677,-0.8762382607983084,1.6333863245589393,-16.118647204369914,2.226073731003063
115,-1.7514380760947053,-3.786889848052239,-4.587099179929616,-4.1914373794380495,-2.105659748826708,-2.1748952670973174,1.774858490849028,0.9803330229253185,1.375280083442221,6.296616503170559,3.25811036995479,1.6219383466000459,-5.186173520526108,1.4730192495852101
116,-7.338597202787594,-0.9317413179241881,4.467818479148709,-2.8569739984006297,-2.2522095925345713,2.376213954419506,4.20087593961127,3.97828271985054,-3.502960102898734,4.266267480138613,-4.625903875319933,7.885649250326108,6.510842967398313,4.641409740460162
117,-4.78149422790323,-3.7394059069302616,-0.43522431686216473,-12.376788226925598,-1.5145232364231227,-0.3413237041356612,0.4462528730533561,3.4270366673566857,-0.7339049602041439,9.878142838347323,-10.019560416742246,8.787746934258209,-6.298903016183449,2.4287352610607535
118,-6.201139473033194,4.502751917255168,3.0504745649439946,4.701016148742364,-0.027981573829845507,9.547382200250821,3.501749373850061,-8.233600392633555,0.1687211698415328,-2.301339955050118,-6.3500194108607815,3.733647869253645,-1.675289432613217,0.15633125831278002
119,-4.625978810142498,0.3160241099302562,4.656682843152358,7.801413544282621,-6.492555659036247,2.7201953040702,-1.553587591997823,0.1977073878658061,-5.5106304239253605,-5.00435978539136,0.9287209729759061,-4.479363152415169,4.218959102217032,1.7338866871230456
120,-5.292634350152648,-3.0721422227061526,-6.062652741159711,-9.50503539552494,-5.26980679907969,-8.860451617411204,-1.2277762673947277,5.908557568277631,-9.384655284638308,-3.483993464586686,1.2552481264408146,-13.290632002511803,3.8442266242844716,8.131291020205435
121,0.10738770534493486,4.401944038667241,4.773701762058297,3.02677445630638,-5.9496731614427905,-8.88655059678214,-7.097343435092848,-0.8539024986782853,-12.294205104818149,-6.036485723999082,-2.4665881535228418,-2.2554540646319485,-0.8574484112311382,5.944164200704925
122,1.6175009900209856,4.5725585027616855,-1.993468127688583,1.2340718045526622,0.06245713574545724,-4.0520454044548835,-1.3713619240692683,-0.41445690089342546,-13.505063392678085,-6.1951655797204195,1.497179623769254,-5.518655818639969,-0.42879487756563694,2.2635371865970746
123,2.0233090641547222,6.003391829376318,0.005975072481194321,-3.958078379533729,-5.343589268016572,-1.4614388687270028,-1.0292480162211828,1.4360355080998675,-1.6892640353465567,0.07344700487292542,-3.1389445475473696,-3.920859593213821,13.200427653838178,4.644924129150351
124,8.814262689376363,0.019541172804881116,2.1948959115816624,11.692413051517642,4.278669670528295,-1.2346742469437268,3.2430791261853003,13.146969066894783,-3.9118895628014387,5.477483974427593,6.678029932233752,-1.4890478998422623,1.3200156345051162,12.886312793826265
125,1.27318489825239,-5.902471947426698,0.048289191357943476,-13.381602019983895,-0.24477467427448352,5.941828588746032,2.8442486816523025,-10.105337741219305,-2.9522315969272537,3.7542177658832196,-6.829287779574492,8.958203176150517,-5.0366727131970075,2.6578925418458423
126,1.194639189206824,-4.028339053827281,-5.105090011595463,-13.923872404104593,-1.962446768977204,7.832577313695635,2.2470651974483413,3.8357169938330746,-13.2928830049932,5.9738302747814025,-4.874148348460392,1.5143574357640988,-5.439903385785161,-1.7977863915112553
127,1.5712736817266868,-6.249593959779156,4.935621389320919,-10.442262985268417,-2.444490731484732,6.634656823373267,-0.35864577526036573,-6.1145294582357215,-13.766359084722946,-0.8081442496112111,4.327863389131974,-5.391463655218178,-7.001114199356157,6.6037472729780236
128,-3.8837034471180973,-0.4592249429955774,-2.672920514126213,2.868392988127105,-6.671408879513643,-8.130220614829842,-5.358494509239586,1.0279600665885575,-3.211011823342771,-0.2604640460744196,-10.624984953172353,-1.6292960145035569,1.1217281806225678,1.0877183256100635
129,0.4948617265540726,-3.373439291302039,-7.743570665923917,-3.492642657793298,-5.44297116265005,-7.387746270213809,2.2289110823553435,-0.6553833720331289,0.8741132969758949,1.2576899558913952,4.0110491100622685,-7.258109589696539,4.95555691626303,1.674732730704911
130,-1.7984505551201957,-11.613554188183375,-2.2128416768142154,-5.51679819457385,-1.3775060832196353,-2.7833048488412584,-5.228206664475859,5.470804812956829,3.6437624327990474,-4.075700973065532,-2.053185732388983,-6.5186483061739375,-0.19643584441165535,-11.628565219592074
131,-1.5065016813424168,-1.2854442669420827,-3.232281130795576,7.673371947541529,-1.3587479036377401,1.5523427962040415,-1.0822347475557912,2.6570640327979107,2.950675533742321,-6.768885576603364,4.393007812451343,-5.34285164077063,1.3797398508355325,-3.991095668199111
132,1.7206763813690262,3.1644460279114393,-6.360425122538391,9.30026868533115,1.4153628288483133,-0.4565927994494535,1.5013927896412051,-1.539195222209911,-1.4388000505919358,3.7639006817219207,1.9774957107646125,4.802087414021394,5.330560357899082,2.9128818404005496
133,-1.8526578290121896,3.750042127103222,-0.8394703950200763,3.3715922903193505,2.725433069832471,6.506676788232764,5.517887922269957,-2.6389367954463374,7.975377951349531,-2.01510289767567,2.317261290793516,8.35423068246063,-1.306385106578165,-5.067776656880671
134,-4.318490305725409,-0.9094116517475673,7.507646241662454,-1.442696855992687,-4.623585291054784,6.760230772349299,5.107869302131692,5.953008210856695,6.899091163308037,0.11684556244587412,0.5551480079183773,2.6772602127522838,4.480325549232717,-8.130528658628464
135,-2.8585230647301185,-4.768691997138822,1.12162093149156,-4.6227409292240536,-11.202028722483284,-2.9740092936827214,3.567984225038363,-4.705309533647129,15.437291380854285,-4.845100529339849,-0.9610235295733627,-5.979821292341364,-10.012178320969854,-5.657512983497308
136,-6.397641351028365,-7.210944061376611,-16.2706396725713,5.493338797165423,-1.8445277924896504,-7.65501799236755,1.8452102809536213,-2.959116301974472,-2.937217017825769,-6.348378422004836,1.6025305074088427,-6.4816642768529,-7.449730758764306,-0.05197861243267449
137,-4.853344567576233,-5.27703771846635,-8.218798606371394,-0.7814817671873131,-4.1563608378780135,-9.747121077715134,-3.4884557894298007,-5.077575726168496,-6.792739599334951,-5.806911444177433,2.2975917461575293,-15.428803700269485,1.782344750603851,-1.222591066847042
138,-8.093623615649282,-14.196342986457202,-3.9397923070557264,9.996940140821495,-9.906940772825358,-6.116555388484683,4.332982107692835,-7.036860423124566,0.7797847165136921,-2.339700554098402,0.3360278959176978,-2.7145559951967124,-6.855136377936495,-2.1887356194914602
139,-3.7044494532200756,-2.009886794552511,-5.5032378994688695,-3.1406408983225726,-9.358137080255819,-5.025813013923411,1.632760147202988,-0.9465982737589855,-4.066187693148243,-6.66328478710992,-3.266152103944701,-6.866208082007966,-2.105578597711057,5.296742518641511
140,-6.280933854227164,-10.064081102001424,2.2311516988034152,4.642381247209043,-7.264210920552818,-3.8548532222226566,-1.131821645005625,-0.022603399899541115,-11.3912374623576,-4.987201635326658,-4.74366723213877,-3.8389110930111943,-1.5717452758429002,4.361423115949242
141,-0.45479030633459283,-5.868280358460485,-11.342973703936655,3.2854062434361904,0.7128353848749277,0.3283136468760821,3.6455665072616266,-0.2419663108125025,-1.2297562725689946,4.508168894417432,-3.852562359401158,-0.02923452823745961,-5.133733270119648,-4.069486717788541
142,3.24033553867924,-0.96074747491856,1.8462112168876492,1.1277941732990497,-4.530775323662223,0.2676500519927667,0.7408218541923834,-8.672999207462583,-2.688967748564117,0.7714613432786903,4.636835324216862,7.280860713550022,-6.7441671207851295,-1.5295577122240651
143,-6.544049494424645,-2.3231729560968826,-1.5788029736402083,-20.30025302269021,-2.4581877178683573,-3.239822060477977,0.6826748568184522,2.3546148280099946,-17.560095481726588,8.261356110779607,-10.180574671650419,1.9565327640394776,-0.3227157191354401,-3.759995895228824
144,-1.2547687663107503,0.8616689404054564,8.872424646299713,-3.4609603614223245,-4.990983004472693,5.050843889615973,-4.504117009591083,-13.415737406939876,-2.26674222946167,8.59323696123094,-2.0018796996992765,-0.2477350907058132,-7.210393638635169,-4.0663341733874105
145,-5.117925322481564,-1.4108806091303727,1.6593818214474891,6.565297943596938,-7.95328395950551,5.754199597414355,4.6359057949703875,-8.061868210228122,-6.539281825630033,1.50101716056162,0.42990447611224897,-6.191351919453972,2.363009218962825,-1.373437382128774
146,-7.617617439250557,-6.0935289288053704,-12.854308957956276,0.062255850251840085,-7.180660544609537,-5.651970390230417,4.431264221668243,-3.751039831918113,-3.543889643586412,2.30344187392264,-4.930486564125333,4.414003909850607,5.331062810761588,-2.3880775443145206
147,3.5746834515308845,-9.457527652078745,-13.627095215554748,0.7609510263618158,-2.4062995411911787,-10.26921355967619,-1.3459256808368527,1.71042181581867,-7.746693678960508,-1.3345956388784914,-5.619803704017279,-3.327998809060272,-6.566053120001238,-5.483944326030965
148,-5.917583527005449,-2.3438204526901245,0.05736386715149393,-12.950308058943067,-2.1250939661142776,-7.783516655162889,1.2542163924295076,-3.8940803916478646,-4.964513579193427,-2.3059546606881276,-2.404957043881319,-3.7770189250610313,-2.3131010745252882,0.17643689379400138
149,-2.790287590756708,-7.021906116787268,-7.757067000379368,-9.201610211206942,-5.545487333317192,-9.273859034387433,0.4815978736293559,-6.435386275758549,-7.1518557241984775,3.4238083520714118,-3.099711299854882,0.27748221280623453,-5.08034423905976,-3.6454479794721215
150,2.1019183558468915,0.6804690044753405,-2.5681909310574436,-2.280869033871865,-2.2113504362653713,-1.2122443205848032,-0.3123890857915489,-2.185234510929001,-9.529392185259839,0.31013765284905626,-1.4357332164535717,-0.778883903610463,-11.851199490683419,-8.305336954642316
151,-6.102391115560824,3.6986201160720418,-1.8316299599044177,-8.040170692211511,-1.0411889735533266,3.0759752526575204,-2.5679924403488332,0.2477250658735937,5.13676627679747,-8.063131750846395,6.969381010425942,1.0606389501873328,-8.523135642616117,-2.8023527999009405
152,-2.164080022549143,2.327540043133254,3.3445781458701407,-0.8111110585076469,-5.496627734631908,-3.4450392029723345,-3.820353371452312,-4.18644920721346,3.34800994639494,-3.96601316271996,-5.754709706014516,1.9436899219848671,-4.9644149554019075,-7.601426773229424
153,-2.0624051957714316,3.927334947853672,7.003382689490611,-8.855325662359899,-2.7274821323095537,3.591589706284659,0.6044830850192479,0.6063475037107662,-7.3390355377781145,3.5344306516404056,-8.731389060312388,-1.6674372471716938,-7.00002220166581,-5.747919041283277
154,-0.8815615049430302,8.834379524600749,5.560272231698036,-14.425885446673753,1.1896028070121396,-3.348161969257861,-1.9616547293808995,-5.840818555379401,-12.963643625074504,-1.7644915328342088,-0.954707780662848,-0.32872040661013857,-3.6737195552298227,-4.148089779997054
155,-0.23864558643224287,4.77957635996293,2.0188625515723717,2.7023554088509814,-1.9536984821458405,-4.90805342352512,4.442655301823908,-13.412309535303894,6.184797250494665,-7.358989814106299,2.9803835482013468,-6.094218955660353,-2.1381261999509773,-6.3920839072718305
156,4.309831471467505,11.53331691269972,9.523316817320122,1.0089892331434756,-2.3656666601190763,-1.7749639655254326,-1.2237818533060503,1.1039767350469316,-9.129421788818982,1.2340295977738438,2.6329530903271268,-2.451666530939199,-0.7593133315748098,-4.342693120241165
157,1.3596462878037472,8.755609314660637,4.375779635520006,8.139255430169252,5.916031123424063,-0.5881562080918527,1.1744320496004454,-9.94584922766199,4.132306337052462,-13.709402798389903,0.5225520359010113,-5.561241655933614,-5.847105630806515,-1.8901464888749986
158,-0.29836350633781783,0.2276951418239243,3.1711198042850106,7.05312563266073,1.2261873897241087,-6.746509839077385,0.8552998949070366,-2.408786037746741,-2.1507675672064024,-7.085421376994678,-4.065650926560772,-1.8089392124390116,1.1752530920262239,-3.9555356198427627
159,-1.7103144616952963,5.879962876134989,15.604187450238637,5.297572472265789,-2.2825051904941094,0.8937518523663891,-0.6150002710673274,0.7026229792711686,-5.075071989273538,-10.085799444086698,8.591959483769475,-2.577047487910913,3.009490193152914,3.5677469968795776
160,0.06079271602995542,-1.0951472107244997,10.392353029579532,-7.432732346106548,3.5592473453404954,2.9614514811914794,3.179184878382794,5.907348433319403,-13.476344705844411,2.4607882769588305,-3.6831816911545334,-6.940330774200206,-7.18437736983202,5.63871926829523
161,-1.3879687165727421,14.204700828814993,11.837120983065391,-0.4853999407923951,3.2010635563305447,4.1408639586701685,-2.6456385376502056,-7.434466024974779,-8.20856379124583,4.796346336489125,-2.64288957173727,6.991314083603876,-0.7970806782951161,-1.0663468560241922
162,5.807149672386598,18.615641709797238,8.703608117845594,-1.1334977137799165,2.163949871549801,10.691724149548278,3.627098407064165,-1.4662492962516085,-13.208590360966568,9.42010105142788,-1.623769042443256,17.814328685706975,-9.387445213843366,-6.7953435254036165
163,0.8720303761715792,10.992903904039032,12.02491073228647,-6.184848722146482,4.176088943469281,8.208190196630905,-1.508685545653713,-10.290922795023237,3.293004927586536,1.750887245395962,-4.497154350183448,9.898218851308433,10.469480880669185,-9.638791434618891
164,2.5667026946891327,16.15663994331749,6.423686748256489,7.643097842834433,-2.7275883672207746,0.05675111619793639,-3.7601172925562274,-7.275576964324834,10.104773382371178,1.2708885692516152,2.902790613320409,1.2903404570355708,-0.6963292481947918,-0.3122027492036625
165,9.431110258005104,6.107997484657229,6.052402160605606,20.25928968191147,7.493446635348456,5.154138573882531,-0.5729354635185125,7.9171547676835745,0.9944078256281055,0.8096239201876582,3.5171708419006698,-4.851626813411713,1.1360942003678303,1.5861681578110676
166,-2.8491330466100147,5.947923236279463,1.3872993522162111,4.203912901635072,-4.42911928283925,-0.7450845160198455,-2.1781444199839415,-3.2626414020754853,-0.6256995833649928,-1.7990630798954137,-2.700353286704239,-9.400121893201556,9.058588287203897,-2.9914278109767
167,3.8407524760280336,2.7682830545367025,7.635581400321454,0.37879956376795865,1.3056561665571467,-3.3569566439837217,-4.033856551866142,0.35262907159571744,-1.2441058125422926,-0.01861599407025746,1.4383711632417173,-6.643839842202712,2.7282086289962946,0.4975666744368417
168,2.910493480915926,-3.7983860069391677,-3.511532324613357,7.26967832141993,4.56753359590562,4.31488505036247,2.3912713807456347,-4.614267665208603,0.8946069618877099,6.311021612615002,-2.9142372717662735,3.5150575747295303,6.221302842607304,3.76821362173983
169,3.284535811985938,3.1523537248068925,-0.6319885442451555,2.7523476371959763,-4.343508956383686,2.9256305463079895,5.927425964754455,9.734312637576036,-13.347588404100769,12.318191826134465,-0.9274318098869859,-0.131920725107193,0.8608018214605293,7.516210206917354
170,0.5591955598519773,4.744327370001345,4.394966245913992,-4.439726742706736,5.501637851097146,2.596048490125306,-4.924179402237036,4.513315502478152,-2.0334968256707096,7.154879610757439,5.539184733312958,1.8209979268057006,3.268657386302948,3.3106620579349753
171,1.414178609543917,-1.4319333275970147,-5.96279332528309,0.39023012044478433,3.164740519103955,5.31358694726107,-1.6707258896560084,2.4784081730307364,-3.622198516008805,1.1389848478138447,1.378829502937745,3.2985922577125684,-10.045247833339536,2.0120377236483047
172,1.7972018385724144,4.643301730253259,0.38602599684073,-4.2437935301235745,1.4642941660570854,7.018324104498844,2.9074521113415153,9.27912831793026,3.0205883444571984,5.1729121098713,-2.224122767545739,5.469068938372087,-3.3229291134951064,-10.0930479088304
173,-1.3825091008020907,1.055470928853872,-2.5266954159478145,-1.2406148877070875,3.5214260007653917,3.0212303412203885,1.4610104706822609,-0.9680131150751697,0.9200866824510147,8.436345293813822,-1.77317856282604,-0.3540968596935272,-2.5094477181531945,-11.431778383498289
174,0.9522565092359271,3.546749026191478,8.620238597295723,3.2725905249921645,-0.34220343341632764,4.000581043107169,-1.8028076242427438,5.422134726631398,6.010443356572365,-7.869048029184341,-0.3356073451589565,-5.147606937860956,1.5229793251777182,-1.7296815399004488
175,5.331155480170737,-1.5405450122697013,0.49028570189767956,6.176484679689213,2.301556056859542,-1.3371561619700219,3.432396421018912,-0.9049005137034216,4.412313458965901,9.481315443102194,5.027892214303114,1.9145124010285552,3.376005508461777,-5.878718626742461
176,4.40560490318707,5.053328277505174,5.10267113544503,12.404953875103775,7.394148205159878,3.0021063058960196,7.248229021624643,-3.4063654067564983,15.661114818587595,2.3751346496294956,4.881337211210737,5.67755068846199,4.069754605390588,2.635255477866348
177,4.23959203824705,2.1143795416063194,0.49853622822128996,7.398465035217149,11.393325356652541,0.14145488991421096,2.4520710063908173,-1.2430616963882835,7.038359157893122,-3.761454029198812,2.35874819186307,6.187860065120823,-1.0722132373829276,7.643543181370716
178,3.836873491199649,4.83145416786476,-4.415368327262755,10.871763672147479,7.15517287625342,-0.04418381714091009,3.743962972748036,-2.8064958967116413,9.960339637435212,-5.830118197263504,-1.4800787118016456,-4.095128519194467,1.497780408178057,5.75651765842827
179,0.8867581243417701,-4.825307758182896,-1.2522092273040695,11.819184607389023,-0.6071432032147233,1.8804231541497367,8.058413098889346,1.0280625108553438,8.221536175937068,3.0174039942877635,-2.4787618769522832,1.489106754867398,1.0891885501997811,5.810723944586151
180,-4.39895337912235,0.7268885142949163,0.32501627474415057,1.8708710308585847,2.393940965740048,3.8510879847620214,-0.9469074866905505,-0.69456021153197,5.358856182925555,-1.858726561373594,-3.6019954048857397,4.044254365016003,-5.024674410722693,-2.424909536935845
181,8.057800224849156,-1.921846811298509,2.253469025602146,4.57051656684097,3.7772547791198807,2.7277251081351115,0.7029494156642836,-0.39414281960652797,0.9749796019524944,-0.4311810106951363,-8.035885296305832,-0.7647648584477755,-3.916509006704603,-5.518278851648983
182,0.6697203219697183,5.583581660094918,1.0262398979797656,-3.8703593599553012,2.041713164168961,0.9788264787318756,5.156614446808223,2.591851377897725,0.13523274173541944,4.824137035073067,-2.998505281702596,-1.526662533988758,1.1193285286426544,-3.5579361099065565
183,3.974948633272125,3.4376204320970847,-0.381252261296827,-4.911556213333899,0.8478511001544111,2.757989198273542,0.22543036633608293,7.626728534280342,-1.9705727246342872,4.656972123956193,-3.1933977822868194,9.18384941218763,-2.759813194372216,-3.656833252888553
184,4.653277382558706,7.120593701090131,3.3403960904296564,-7.703295849719826,-0.5482117801296468,0.8555512016220969,5.986982962458717,3.369635819780583,-5.46988169453582,14.876803790884358,-1.3816373032346672,2.638391118876788,4.803558629386279,3.2422801806610457
185,2.3548978524548665,-1.2287678171177299,0.28868796509139394,-4.822882765409898,3.2582873689885044,3.2965105997056376,-0.2310452469130408,-4.163825191405355,0.2429811775076146,3.633075874070732,4.933445186031108,4.987050660258653,-3.207310579413054,8.61044255355183
186,-3.8753177511448764,-3.679072689036934,-0.3031616196112365,16.746435369764054,6.6192386892377115,-1.0391799892698015,-1.0491348158340066,8.035819308490169,15.504414349186177,2.9614740932474333,-6.25329730644518,-3.145290571512008,9.60448808866382,10.384294371215665
187,0.7983149113703747,-2.8434726851327077,-4.904972223907101,-0.22617893681234244,2.2767273266704713,8.711040931088585,3.573550307933165,-8.489628693278956,8.841055199503899,-1.3146932608619029,-4.6064788443701605,3.122011480662896,-1.0874080220047309,6.758307401014834
188,-6.944446577709549,-4.295078036736469,0.052904625328219664,-1.481825860787411,-0.2767115484695045,1.7011572901083498,-10.112391997356804,3.6377154278511905,3.9505608610960903,-12.134313910135202,6.924396585445015,-2.411627089490696,-2.1009888831450017,5.810424718663705
189,-0.4983515550895613,-5.805289767226395,-8.02774438672528,12.917127126333664,3.4270928739380015,4.993259357554572,3.099434244693542,-4.926585881077513,-4.870072286956164,2.2220682222016004,-7.933478263567905,2.2922370640598997,-2.2060515254127737,7.369711856452787
190,6.217409194732199,-0.8244136620541008,0.7986577627610187,-3.8956250171272124,-0.6804718547405637,1.459111258691671,6.37438096653442,7.234519488349253,-7.637873576611889,-0.2101710122458789,0.1031068317135986,4.123369441652785,-3.2832323026900387,4.381526087619821
191,1.4394664928621175,-4.6798950263432095,5.214333068142284,-2.6349417120218277,6.3598568489661025,3.6312057138705742,1.638460740142939,-4.273113827316129,-8.083893757389516,4.721157409706894,-1.6407631307232136,8.249404974129735,8.623594170930435,-0.10667841531792466
192,-2.309626510556863,-7.357767693850459,9.941749809956065,-5.5672429337793465,0.9128358473583144,2.258717267488947,1.6246937075439765,2.1142078017701906,4.557496783684711,3.878607277055176,-0.12760294502486988,5.34833851418629,2.7122869965981464,-0.2983803560539168
193,-7.048880285146285,-7.8116986240659445,1.061266325946365,-0.8659817643311559,-2.522131202248286,0.6222293474236313,-2.7270225274319553,-9.797614070833946,-1.782181660739743,1.3311175083627507,-6.282511053036671,-3.211261124635229,-4.453152033747459,0.024009395010617315
194,-2.196119327934421,-5.3687639528391315,-6.765649394721401,8.40563919653698,-8.523507084165301,-5.77907155180464,-7.054889069527996,-4.613664013998849,0.969908137710727,-7.335785698221654,0.9297544293257655,-8.869174933555175,2.6907352021306146,5.369342117893453
195,4.779161689536912,-2.9568750298753077,-3.839589295338611,11.118624054047526,-6.761797856919619,-7.727242551896037,0.6177576610020229,-6.395843460243576,9.42450388232056,3.283238263762727,0.614942982944907,-1.6527101768522847,10.946964401979836,2.407899689765609
196,0.8167782024461396,-5.469109488385064,-1.3347728112522437,1.8775896758449322,3.843896846534038,1.5484138562971232,3.672305094952486,5.75872614067428,1.7404527908229097,-8.640810001565486,8.954129380231,-9.185044528878464,1.3371035809419594,-0.19586298781998304
197,0.40538158526225965,-0.5128990691535327,-8.257713234546234,-0.8509300059201766,-2.5799506203252442,-6.677110742283415,5.289534391797319,7.010842359795863,-0.5734839670512141,-0.7829565155719008,-2.4594832001900184,-5.43473896201776,-2.149721655158364,5.864697178141499
198,-3.673177970307214,-7.822087097532895,-4.602647842245404,1.1590642910830828,10.879209822537948,4.778973026543247,0.2111733359645824,8.217396308420872,-0.9006550847267618,6.322170186407712,9.305904127961519,1.5594981083152246,0.6092292794159481,8.29021633340388
199,5.37672285157807,3.9480632253143253,7.053207020370328,5.1762771101630465,8.630134606847959,7.679641671630801,5.301041454076767,7.207836203619229,-8.924994677913432,4.076020769926966,-1.7558095795767648,18.109008267521858,-2.7590767175567392,13.046353004416641
200,5.80379717568962,-2.772689867232527,-2.8943129826565177,-17.770590364933014,6.60594906536292,9.875988475066059,3.410940446871884,0.830203999366079,-11.673626101746851,7.572276900009233,-1.0960141542006512,12.425611693031934,-9.757527261744348,5.7918446328567
201,4.8220381581661655,-5.410888450562346,6.034498496931427,-4.977360204774506,-1.2026641493549153,4.816834493559234,3.762142257194738,-5.0810770787754835,1.8793820151869132,5.20048107298053,5.186606299968398,-2.0282080395489324,5.992650759463408,5.789664491098755
202,3.7230968232057533,-2.608801802202147,7.695887635557019,-4.958603088078754,-2.5146479145148577,0.46987362540498073,1.1284697238279848,10.629739390344035,0.0912110002673402,2.93183832448356,10.447944215365819,-9.091976845751004,2.293801954206155,-5.020589008927345
203,-1.5583149912405987,7.780122885898668,-6.58591933639682,2.553010653476326,-0.31617102087760457,-3.079443754476248,0.40086536656837074,-1.9755588064388352,5.714389540925052,2.091834559732554,7.084456356204286,-6.965918681147147,3.482289743666746,1.2236544745309013
204,7.385760875532822,0.9898023176938295,-1.5923544907448244,6.493411191263977,-1.946681099886797,1.2598922167505537,4.669779411688143,11.643629015708456,-8.984094446106832,-4.728484982130479,2.8942325480130253,-3.227588398192002,1.837064608627436,-6.05112607564245
205,1.2417729253671608,-4.651395667572411,-0.48761218664597494,0.26340547873049364,-1.4688400139614028,-3.603941726441286,-0.3468688033065017,-2.6010834337497246,-10.122325975067762,2.4165798136774375,-8.188545787821012,-4.6396351192070515,-7.066344268467962,-0.21265173201658288
206,0.7433388938709181,1.832092470052291,-3.1308705499585794,4.296146154665027,-0.5096856726675617,-3.285273156071804,1.4487438606364387,1.9928906876213697,1.4491024674201498,-1.0561993207250322,2.1714983285993945,-12.156949994971557,-3.0226630872609666,1.2237317951358095
207,9.834698857093343,8.86514231136867,-2.8814775002550106,0.45128704090507665,0.7089091324988677,-0.43987733125686646,-0.9486765545241687,-8.739512655655949,3.3529878678370495,2.0115775164900995,1.7209584184599167,-5.805259815284184,5.70341111020166,-3.240043742620215
208,6.392971334408741,8.551637102146538,1.3787751501920271,-0.22971500669206893,6.47216791112204,0.8581327640888642,-4.213879811520479,-2.657764266948311,1.3120267108386876,6.892490992740709,6.440107202043339,2.6344453145046622,16.27221502941482,-6.291814369206526
209,1.0859996664280793,4.588537200373047,3.432433325417188,-12.726652438543281,-0.8676653073302337,3.160224687346086,-0.8878666788947825,6.612545300503166,-9.297836714861344,2.9239769213053646,3.17404407597318,4.783365330525807,-0.37657250737657355,-6.554626070571189
210,6.2938331979878095,-7.313618594286393,11.61858533596506,3.149605317991607,1.610438517161778,0.9157108013727226,-3.320120777402605,1.2241612380864668,3.9899696725971845,3.9113180430567995,10.657260943888401,7.720279201561091,6.135144799947739,-8.562298239341803
211,4.090988723599181,1.6374636693876616,3.0617713088891945,6.862098070735834,8.013806700098272,1.843744461633721,1.0318995397918078,-3.764414242943939,11.377040678141068,0.525418376436039,13.965074019772667,2.5851627539615243,6.700874751927901,14.607324367883255
212,3.416551637406252,5.6209840032519125,4.792246104199059,13.545693929706301,2.9787382599042385,4.313537297808394,-2.0837851032918815,-10.768382855132698,19.472145462370648,0.6025471427306837,4.039572063757449,2.0357111461308537,4.969306086399118,-2.7173570735113963
213,0.7359863122811123,-5.951825877841638,0.6920098850921709,3.939644211409043,-2.6078016663692436,-3.3879991231524214,7.7120592241384545,6.734327465447844,4.884167323915326,-1.4639806370345914,-0.587849135301551,1.2876160473239666,3.112733716867408,-2.4951359860751094
214,0.603367095090905,-1.1134567712338603,-0.49909645927195645,0.29395427357177345,0.368630516285799,-5.508833561624799,-2.7519379379797955,-6.22640461581094,10.51938990807655,-7.772252667391179,-4.960211833824917,-3.6690534286353054,-2.158164101291676,-10.857046321946747
215,-2.562784130475959,-1.4477453158826243,0.42995554087113363,16.742177428031454,-7.912752065123344,-5.784080457930663,-5.310042803688925,4.521251023423915,-1.503191000344802,3.944917182685161,-1.0334786535525808,-6.475039603758831,7.898495113439098,-9.911638286648964
216,-1.350367898539621,1.9619601031347198,2.4540840180552737,2.9809951709241282,-4.065111568881845,-9.347541744003491,4.040421891775326,5.08757504212613,0.9125503325948909,-0.2828954658946212,-0.3437212812049048,-8.071627924941025,-3.4231265430547753,-3.2905886598995755
217,-1.3231123673672578,6.700801859096605,4.010908936967655,-2.0531575947391745,3.9849887800459958,0.6273257708062931,-3.827047817561091,9.216285453158982,1.6914021166003481,-2.6910171727744903,-2.502406191384914,-6.221019069151002,5.240588356341634,-6.046751235212598
218,-2.926851999926932,6.076852955456291,-1.0222098365121959,5.540296924357512,-1.288199055559781,-2.8627937338790117,-6.3216948411902605,-9.78751498308717,4.07939600944519,1.3725083616315101,-5.536659082587884,-0.2785584960056811,-9.563314426310209,-0.7120720975253046
219,6.62793168486381,6.911160105345201,3.1984979540717844,-3.447726850606957,3.5642434708317934,2.1444673039475264,-3.4299716593659655,1.411655109755847,-9.797221236082972,8.762849942914077,8.575254786987694,5.785140198104235,2.2884098969551983,-1.8864587739262046
220,-1.0925981125661306,10.53147159608043,-1.6724753027059593,-10.211433994526766,-0.9024284034967422,-1.6503744618016847,-4.666363797625717,1.634144398934987,-0.409419660665551,5.14506496945206,2.4889949633150685,2.3684598852177055,1.7613911878089517,-0.7608613268453248
221,-5.544967973718838,10.475276591826459,-0.6515652683316445,-7.602302446657298,-0.49071081803769484,6.861352069037301,-5.073081501588529,5.178656194891248,-13.55706969329289,6.36761949139134,-3.422584759945772,5.114538008613246,12.560178212973536,6.526174109961305
222,5.263307002125954,5.757957948713886,-6.827791289559433,-3.2858068310484594,7.952659035215572,4.923981987396065,1.3141847453555282,2.2136368575144787,6.77427245646107,4.218053991241114,-3.7763279570000514,14.52534242552154,6.74250633984196,5.9917236922346815
223,-3.3336054025864112,-1.645751042842713,-2.7055955808989856,-0.6709789907445713,-0.6585939198124166,9.24875298416128,-3.3501261436209386,8.512487139628858,6.7250854181391855,-3.0125986507960727,-6.82774051415677,2.950157521026475,6.109397292137146,-1.1704285023163776
224,-8.676175511613184,-0.22349990022425748,-6.997936787273811,0.03420097973881936,1.9063331484794617,-4.0421364489866765,-8.06616620050401,-0.7617451388921056,11.66726230541054,-10.43484685372333,-1.559376097303264,-1.08968801036173,-3.118835441920222,1.56145243251777
225,-1.5235800244370286,-2.231328611471215,-8.851878669797157,0.5777210167476109,1.2715867034026556,-7.513863332721652,-4.163317405447668,-6.640535556236092,-7.559461854550303,-6.148616396650976,-3.6614116047109877,-5.876816821341612,2.0009091476700744,-4.579261559612897
226,-12.497998444078377,-12.875912274633135,-9.103564264214768,-11.2084059715271,-4.667865910092178,-6.658320738344776,-0.8721753053975349,7.5518321542411435,8.771844706973251,-9.879546817468137,-2.776674364085252,-7.2504536162833775,-6.523480055283527,5.574334900446084
227,-1.876492368931673,-10.781703754347198,-5.242798167603965,-0.4768039091509216,-2.8737120841230666,-12.535763020418129,-13.61634894536466,4.621910318580209,16.283055009890575,-7.613008387234746,3.7430564937542896,-1.726032795346513,3.2571370917923597,0.9503806865945155
228,0.25251510860968607,-1.677879412867585,-0.49886696055835605,4.275174763737892,1.459003598410256,-5.571344904449521,-2.03037821759983,-1.169082942057629,17.853183702698775,-8.790263993095378,8.183212434758945,-1.583041979342091,-0.42872140063353037,4.6644081090177805
229,2.9994810247907835,6.964196742797385,6.336500950157642,3.7816803704719155,4.65850069480283,-8.142342037084152,1.7130205665467952,0.8184968439900145,15.150332722128654,-0.6451517893191503,2.4662813038698266,2.612060468111719,0.7540504062662319,6.514066896116247
230,2.5267365319388255,5.722285798313666,5.758142720071637,-8.332846993086289,4.431087892274467,0.8389440628947044,0.8076109113741894,-5.4730483494242845,-0.26583773019362467,7.831245621856378,3.3475520158452645,9.562048290457044,-7.371846584337098,4.6276702716642495
231,0.5134561420703421,4.081739220083977,10.37209020707072,-2.103774927100357,7.353147801087827,11.12981049001825,1.477533415264013,-3.167543807808234,5.090339245388702,-0.8673986008020156,-2.183249196227716,5.021890075839296,5.792281878237822,-4.236454623086112
232,3.5280821318833198,1.794096617674341,5.558128820846275,0.43897415910448345,1.1422868012165537,8.064018636181647,1.203759026770689,1.155775547483746,2.2613769422988503,0.15929171260522337,6.453406319326284,6.998794451051829,0.9057263306209019,-0.7409218458496795
233,5.361908568411457,3.8194772224037017,1.09247027816517,1.7768184390603279,3.7020471048902492,-3.8541353162454097,-2.9566332199135603,1.537328663529182,11.491920072509318,-0.40188234284216046,8.930562030295937,-5.460012607428492,2.360435644734879,-4.484139994395022
234,1.7570130689715853,3.9435829325598113,-5.837426807807416,7.55325627935176,-1.8092240034317484,1.1702916013951203,-1.708381409547767,4.9734222055697925,6.185589437582055,-4.106973794003834,-4.40193479645009,-5.417364818101027,10.344846687754806,4.027617079018121
235,-3.964808458576397,-4.624598274425584,-4.790540824739301,4.295950254387393,-4.962191314113383,1.404409066450839,-4.3298032295947175,1.3495755232110316,-3.9383183206830705,0.3588718666067841,-2.9441733321136967,-1.0667198166555287,7.778534950042258,-1.8143274133302727
236,-3.5162484010263366,-1.7260339035063375,2.087681271591965,-0.15757621551046566,-1.9695225637786242,5.209676169619268,-4.062104894190418,2.4629936653132343,-0.16638362590147524,-1.969554104367081,-8.320586944112973,-3.1203517901654148,0.08661414591633544,-1.780807038350981
237,1.3830650016969563,-1.8382999229491974,0.3363718074195239,2.4445038754112867,-0.2958470934203693,2.068203179811945,-1.244707661319752,6.271506370330344,0.6576889275896306,-1.0517455988459061,-3.094569757276652,-3.2266446601371377,2.364694123365441,-0.04962130225434595
238,-0.42788521702192267,-10.376113126472552,-4.778092973618483,0.7003666855850998,3.046548235173128,6.196707455460363,1.3504492518853168,5.110849156367536,0.32458497553455584,-2.834027674733376,-3.978996127387699,2.2369527074755453,-3.110212985046056,-3.610740303993225
239,-3.47661096899181,-0.9240843097926402,-3.6372976236197414,-8.685688469178823,0.3699366632772952,-2.128176042011806,2.108945187561366,4.14497644252771,-0.05208308933948984,-8.545540252510381,0.9173900612762996,2.031939864766841,-4.054717136889088,5.516964664264601
