Timepoint,1,2,3,4,5,6,7,8,9,10,11
0,-8.830313346215657,3.3356887296754487,-0.5745065019142871,-11.223863237366384,0.34883992267506464,-7.9415601029688,-1.0651679910263236,-1.2013193212297497,1.1337598270299483,0.7347862027129348,-6.945396740825808
1,-9.00805619054911,-3.3400767056309446,-3.3750011166747735,-17.615110370577597,-4.4039181349228835,-7.665986512692607,-0.9145313495275925,-2.0781751451443653,3.340791691322716,-1.562263162768617,-6.568018801358281
2,-5.772441014951589,-10.54403928104712,-1.5791609929684474,-15.466750486164678,-8.257089975537086,-4.331501140886424,-1.146955899133974,-3.205575699100689,5.584136506732629,-6.372928451518623,-4.995459794389959
3,-0.12949728235906485,-12.529590740951956,4.133798606237587,-5.402435282967528,-9.644967545660174,-1.432028177441383,-1.9368724810833833,-3.7200320755340615,6.59814437554807,-10.350701597272133,-3.033481792527802
4,5.022193555929223,-7.0718345574426404,8.987412288480876,6.129194777458906,-8.237475088664464,-2.170530005985377,-2.9675248606624653,-2.6719213397223123,4.6785268783189204,-10.240895057211118,-0.5196846127510071
5,7.532801904240433,2.746107739453413,8.568861691319213,11.769265498433795,-4.387302221084128,-6.734956326533337,-3.417006422898599,-0.3779990883658127,-0.1077319622949735,-6.024812437137779,3.178963689779749
6,7.982093772717884,11.018609862850637,3.1986625451518567,8.949141599694077,1.0644472472521724,-12.384748162207554,-2.378636040249649,1.249565570938344,-4.8774252308874715,-1.298763250818058,7.814173504101987
7,8.96430283936919,13.537174455023237,-2.2393983639016444,1.549297344927885,6.412805231250062,-15.816754044318685,0.5793926241446514,0.26157599182001184,-5.70932617357799,-0.16400321892329625,11.770063057769926
8,12.267621442371485,10.492232445095267,-2.9271046269152845,-3.738974029008223,9.293085871150298,-15.302192795033358,5.105591718031436,-3.117307157540808,-0.9890447076486082,-3.3651565386324513,13.236232597000745
9,16.666978648578635,5.3658113710734305,1.3792492865907902,-2.9607653996470025,8.280256642826966,-10.977078784637305,10.143732218718043,-6.024014796529498,6.829535349595304,-7.42135713082187,11.895144617070956
10,18.558421794553194,1.5027109928885285,6.342201828652499,2.483224954228012,4.769588976490255,-3.9872894311437803,14.25691154302687,-5.248018359955476,12.901448943177048,-7.785760580276956,9.242001964425555
11,15.02397031686744,-0.3103926181793213,7.303509218352182,8.015254827178254,2.84950389545791,3.953269440300611,16.04924851534318,-0.41807001099294544,13.702329090663365,-3.120297851002946,7.056267456132538
12,6.6654183108701694,-1.2910197574873359,3.412181039245761,10.29810793637013,6.332696994044343,10.449692098461853,14.689135111108119,5.1355850994586945,9.50068442675532,3.483573239676806,5.610342732345571
13,-2.2500516151895327,-2.2237675116986644,-2.2515081818006477,9.649984062934408,15.116166946383155,13.110222439984886,10.48858962451317,7.1292305746857,3.6909921850476946,7.633794282163892,3.6104474432614384
14,-6.466467703179437,-1.9701848761463652,-6.061117196569637,8.644671420661771,24.373379545248284,11.57963176649444,5.166814329672833,4.350705977605314,0.09749797594790556,8.094138447119265,0.03538816315787179
15,-3.13800432548231,1.4183295247506122,-6.861845588197514,8.945791030416684,27.876758772499706,9.060066791213288,1.259994550627105,0.006988578000847174,0.8137022901554497,8.075093381867116,-4.119508213230541
16,6.452549826429815,8.12741075547374,-5.790661544215922,9.820489750832927,22.842590408361687,10.69299641069101,0.6187162399291992,-1.2154026016288875,5.830571923290893,11.857776689286135,-6.27426127237933
17,17.738842825196226,15.296206868424708,-3.9644770372887046,9.550858640397081,12.003545860854947,18.93302427262676,2.8784928105923595,2.2575984846572488,13.574595262809675,19.89611198433808,-4.7218049448363635
18,25.39158613071302,18.61306620617302,-1.2694345977993644,7.721122804344917,1.0628750664847237,29.92251623319272,5.278080507808802,7.1519517719897685,21.139951429804977,27.272274440648605,-0.6962402917596758
19,25.920949337433797,15.603091758124682,2.386681206220267,5.607029725398336,-6.006913800647824,35.25604935507385,4.440598100632886,8.36003377349401,24.556418947115237,27.368874746925975,2.213095469742405
20,19.156213489722234,7.722251710234856,5.416572214890633,4.300451335858326,-9.453261837667348,28.85189245671642,-0.9362222299892076,3.9145359749696693,20.411370715924672,17.667667821962006,1.0203352540123218
21,8.121541872316477,-0.6308019404508629,5.2558732008447455,2.9662972713003355,-12.021387679236275,13.04068617431485,-8.657654977878746,-2.9321011164966895,8.701508916914463,2.4351611015748005,-4.004355981641886
22,-2.5866768384466368,-5.3544915714586265,1.2171401682556893,-0.41849803802918417,-15.20348335620092,-2.4384016306044494,-14.351319419486183,-6.626439151715259,-5.6439478543339945,-10.208336688426076,-9.466385436909539
23,-9.253756613147502,-5.4099806814777605,-3.8238968587651545,-6.383164094418896,-17.422485012028897,-8.604164618010424,-14.768082689265816,-4.436094345486894,-15.204953172377177,-14.305580310827615,-11.628400087964778
24,-11.080354748939982,-2.981812044065826,-5.512541769718637,-12.394268481098877,-15.861303996066658,-5.345055277250251,-10.423904015701645,1.166835870061602,-15.673260409613045,-10.01573663463398,-9.294664780096133
25,-10.443410289530851,-1.271036750808054,-2.322189026949357,-14.624894419342887,-9.857129706411946,-1.4868767312822901,-5.251485839182017,5.05278970514025,-9.954091280090566,-2.457638128983731,-4.358778661611129
26,-10.968207386683444,-2.0372713576166,2.4352514378878536,-11.731220896146736,-2.316619873046875,-6.149094281756148,-3.3899344050762603,4.265036429677691,-6.335181467387141,2.961123838716624,0.08708244197222652
27,-14.623411002207776,-4.8105553595387205,3.5096604091172314,-6.781004019233645,2.2720690426625767,-19.38094061978009,-5.760966961481134,0.42254940576243155,-11.398146387265653,4.342767922245726,2.066242025948928
28,-20.04554636867679,-7.913477259631059,-1.0097278423455296,-4.921051743079205,1.3366882144188394,-31.310437920142192,-9.355434488277046,-2.366209153784439,-23.74758295733862,3.2546564778503106,1.5207220754367585
29,-23.54096958831865,-9.930431164040858,-7.444530496791917,-8.609783182338793,-3.8908777090967916,-31.097118572312958,-9.842839816205052,-1.6529126082147871,-34.625062871952444,1.76228743609117,-0.4933967906601575
30,-22.081827544816296,-10.332328590963568,-9.901998299040965,-14.982077500649861,-9.49361803093735,-17.36145536753596,-5.250866126041023,1.3131331959549262,-35.34636409185371,-0.028119289145177723,-2.858544874860316
31,-15.888070815679978,-9.18494859581091,-6.065475333101896,-18.146486764051478,-11.772718699763017,-0.0363436085837228,2.397031574376992,3.3164297330136203,-24.89965464387621,-3.534555359762542,-4.6610530487128665
32,-8.453763456673038,-6.768959252201781,0.47882445977658644,-14.477961131504603,-9.638282637206876,8.29986201439585,8.733631329268825,2.4501625713036983,-10.616554488941114,-9.208898990738149,-5.000230222104156
33,-3.9707707628911857,-3.658811395873829,3.80043228305116,-5.9520914895193915,-5.098329324427308,3.449144414797121,10.409186438638336,-0.47752141222661854,-1.3411744735678848,-14.911171352376742,-3.266882291253732
34,-4.21582131939275,-0.9136840053358857,1.4303535612262026,1.6366123046193803,-1.9284944890104994,-7.352624182798425,7.32467797155283,-3.3925488810149993,0.2895237322972745,-17.090473695677154,0.050216139579305846
35,-7.3150623423494014,0.27579063177108765,-3.5004545279911587,3.8357638874832465,-3.3803689978560625,-12.876403728309942,2.166506980754891,-5.155964530244166,-0.8710447492039933,-13.827517283510188,3.098550486929563
36,-9.218604135270022,-0.534430019101318,-5.795331086583284,1.1821997019709374,-9.957445166092747,-8.37168282635358,-1.919693603807566,-6.0277166178031845,1.5441708721372547,-6.872666447746511,3.7947377483455504
37,-6.655218962960097,-2.4821994304656982,-3.4995856358080495,-1.9149594915156463,-18.44406485557556,0.8218276622344036,-3.3683891557917303,-6.331791889910796,8.524724249328886,-0.6410408327165915,1.6671555455850096
38,0.5768736540054789,-3.9045005890787863,0.5521623160766096,-1.6280126304042584,-23.26088348213507,5.304409297753353,-2.5408861369502787,-5.460227193881054,14.85650435090065,1.149750001576482,-1.4220286461771752
39,9.435944686130602,-3.617841499800585,2.2479318441176903,1.939355157771889,-20.017557445837525,0.8300389075765804,-0.7238306415324308,-2.741249436018418,14.92927546403846,-1.6004835872017606,-2.7177628108433316
40,15.527329112194023,-1.8191593811296078,0.6735693891437686,5.473733917182805,-9.093695029920461,-8.121021760969747,0.8987331661034603,0.8917677037569941,8.946035726338017,-5.369991679580844,-1.061237327345856
41,15.78691977262497,0.2360481692820179,-1.2906175714974502,6.035012493936383,3.8673115473012536,-13.069645072732653,1.4903196340844946,2.8414536760169633,3.0375455054169405,-5.976745121333064,1.9743964425763305
42,10.333069092156936,1.4053550018947951,-0.5889183757256489,3.727469106109775,11.773423789715281,-9.270668356698387,0.3543056176633251,1.1185270052175134,3.1690033114686305,-2.097617835414653,3.5773719086938973
43,2.3768414003508433,1.4873169560213477,2.4743099297795976,1.0844852024195146,11.634392510871498,0.8201383236719637,-2.9515281386521397,-3.242656849780861,9.089409169950047,3.562993690067408,2.5043897771713683
44,-3.8062591373692363,0.9839497997748609,4.760739941378029,0.3219872579282644,7.090846947261265,10.569081660436124,-8.013695702260854,-6.488493446184664,14.451022973778297,6.508235919232271,0.4444145937355197
45,-5.5940549312805645,0.30180622713298216,4.11559934397133,1.4975773716459468,5.306204018582191,14.736608111736725,-13.136709734493373,-5.383073568040011,12.935620972088405,4.367136044921923,0.4777914018047099
46,-3.5454503212656294,-0.5278907625042663,1.961120287982785,3.171057781090542,10.671601498613553,12.439676101414525,-15.80582219483901,-0.3289043230897918,4.304594263130305,-0.7436768814009063,4.021512384545439
47,-0.5344125211847072,-1.2822590366918214,1.6042528772840694,4.337984499274468,20.991440611834427,6.180954766516783,-13.969891031177676,4.887915859112934,-5.381998014693358,-3.6129032422085197,9.219434669811507
48,0.8920762141292192,-1.013460984035414,4.151048545478558,5.339248580592019,29.704555847206894,-0.49887500733745344,-7.294111648384406,6.652019499516,-9.233787027244665,-0.29279201249687037,12.399493696738263
49,0.6986369454130834,1.3992602345058505,6.750098510664337,7.010395287859197,31.969911923213882,-4.262658124067346,2.4852873135586173,4.839795579715651,-5.235868679701674,8.027659333482081,11.262036583557421
50,1.0493701900146446,5.805894866281626,5.375847714287894,9.43568915417608,28.707203125771212,-2.442791322056128,12.300368245767087,2.539046623325926,2.874103535194786,15.10833340138197,6.801822333311548
51,3.6630155033603007,9.98970190724548,-0.7086999939412487,11.87430992418406,24.791137286594935,5.627475685002852,19.102641964445308,2.535989546958281,9.52196013197607,14.172318156884641,2.2212549107415334
52,7.3742199576630885,10.841739793213046,-7.649508245137273,13.726453537843666,23.509439628951405,16.739471571786062,21.144662506726323,4.326389014720917,11.660890637003646,3.5041422631059373,-0.0137549669158702
53,8.58010901480305,6.951029908900359,-10.371314345573893,15.051136337980932,23.07890163635721,24.08507814820932,18.68097159327293,4.816784942636684,9.7760007198976,-11.549310370367401,-0.14083543883598582
54,4.6350904532841275,0.32699928052571353,-7.156800182498231,15.836576466657677,18.69812300497172,21.346666062972982,13.791068604406046,1.91386121207354,5.787860627077063,-22.194222775649052,-0.3539140460138418
55,-2.8434794496516793,-4.660795768855938,-0.7812797086579459,15.061151345165408,7.7931740448182945,8.117691915254204,9.264681228569575,-2.9035355582529183,1.0121519821030753,-22.727187724746003,-2.2875255224656086
56,-8.245511469792346,-4.617925375091787,4.659662964392681,11.16906960886352,-7.070097607009265,-8.480821149689811,6.956898232503813,-5.842722016329668,-3.7193607256120567,-14.616694455852313,-5.286764542667234
57,-6.2569024620615705,0.030605334408429205,7.578264460575824,3.9651724173098195,-20.423615240320867,-18.528066348056402,6.591484822332859,-4.588692592418924,-6.847921828834378,-4.7132969510798555,-7.0855589709719835
58,3.3032344202606048,5.266304055646974,9.38625286010151,-4.102186645780291,-28.58945651200353,-16.932593366929463,6.036914801111027,-0.6254942724291159,-6.231293793843717,0.7281400129503134,-6.10991858858235
59,14.548907169273921,6.7155998270122375,11.628662006587398,-9.191328611909126,-31.82683817221194,-7.220915665431899,3.14037308400991,2.3287912601110885,-1.176579902366716,0.8675422692785457,-3.1306666743998623
60,19.758371854314998,3.1562302270714118,13.429532133803075,-9.244542025485817,-32.17430098324406,2.020459517380413,-2.197947541061713,2.057775074121903,5.8472941481337255,-0.1753305415717923,-0.7387739447306614
61,15.42102028931282,-2.674208233703156,12.274266565332608,-6.1408518887296015,-30.173163873808726,4.649209303515298,-7.562700275255709,-0.181658751502329,10.234318042288022,1.8693228655931902,-1.2099694784502595
62,4.9933183778609544,-6.505689780322873,7.13123311999501,-4.432354568218698,-24.64815969856418,1.37222002477062,-9.852022883843402,-1.3687338762137355,8.680986655609948,7.20563880582245,-4.709349786254521
63,-3.9486410812645847,-5.9565337312464814,0.20727627861256503,-7.4776928271262015,-15.688161002852175,-2.6241601656894296,-7.983688134319928,-0.054726975912950476,2.007379758874981,12.399895891851308,-9.29074231580812
64,-5.668203512016608,-2.083246954849788,-4.7579015858319345,-14.446306044958076,-6.701367203678403,-3.623153227248362,-4.021487920868154,2.320981794474076,-5.35523612192851,14.592596944497556,-12.45390620432338
65,-0.3831384571231141,1.9098703082726927,-5.8255608604878795,-20.974671402756048,-2.1297906989953956,-2.4903146945396246,-1.5114481287951371,3.363031372123835,-8.838235398944544,14.710923868782666,-12.792710425902387
66,6.5076282352817305,3.3153259215914472,-4.27544185093471,-22.819019395477916,-2.6288644707932765,-2.1714827430491543,-2.4043006711468404,2.492976265902422,-7.10509358559336,16.040229537049118,-10.480805996121193
67,8.880280327355983,1.63641530396987,-2.873655748610594,-19.11165048029958,-3.298086320867344,-3.151490157660173,-5.400561960984249,1.3601723903295946,-2.574318343279313,19.628542924413875,-6.541562222932675
68,4.14529109822244,-1.6586290731721995,-3.2259956032645944,-12.46383342694263,1.9485985892159599,-2.539212285407952,-7.311971328392321,1.5425990155460882,0.8817228163991656,21.744870225081637,-1.821056575799475
69,-5.655523225969198,-4.572958518351827,-5.054433281932559,-6.325725054862548,13.494325632951698,1.965797248695578,-6.1480397294674605,2.3906837562289165,0.7348560636140862,16.83672050310641,3.4230098278959322
70,-15.836239920586955,-5.781680501237208,-7.533796796385123,-2.390078114611762,23.905525416744,7.920358326970314,-2.9317847143630593,1.728562308209283,-3.0372210508402513,3.6442410386338526,9.13693670229036
71,-21.92735815413144,-4.9072178869831315,-10.34143162016966,-0.1966869520897768,23.870448438488708,9.222241382209623,-0.500393192378842,-1.247687646320888,-8.60456948339635,-11.751226395976786,14.800615286340518
72,-21.488219400297623,-2.2136008035467594,-12.90115935583504,1.455398066919677,11.23974730956311,2.2470276100294932,-0.5714420883023009,-4.308847802025931,-13.509816456814201,-19.79276834337079,19.124044736429138
73,-14.568361792637377,1.6601237387073284,-13.269798113375295,3.242191455802139,-5.722433829794125,-9.153006245895307,-2.094718706851103,-4.082175587513009,-15.513990410736628,-15.37727783529126,20.427948752228094
74,-3.4626274656276315,5.765336382145784,-9.175179567872261,5.298582651177231,-14.771204952074557,-15.657255250580457,-2.546166293779198,0.17551972914715203,-13.176687686114896,-2.574103885767411,17.552728664966263
75,7.9440905682894645,8.962973848897583,-1.0505926633367733,7.727680352877598,-10.260931671882162,-10.53291286376058,-0.7306738535360414,5.048378508918139,-6.546488806149181,8.58608121288066,10.783461233448921
76,15.502648440550784,10.253408855321457,6.440253755267785,10.45026057167929,2.071379763131239,3.7059010632184086,1.9302279739355555,5.793677892611951,2.3954445245314617,10.584167523119522,2.1568590828350613
77,16.690606783847418,9.148767789559704,7.37510926139598,12.515307497613284,10.714974223350993,16.753651436494323,3.0260421302245586,1.0512391642040135,10.35957252431889,4.399388758503661,-5.2636714176255825
78,12.014656947583568,5.86244408451781,0.27117693819561783,12.166918288384165,8.976328830405766,19.205415908171204,1.9323480223514595,-5.36926080408145,14.502680234763087,-2.422419638049846,-8.9588389883236
79,4.695288683686938,1.3052816828902887,-9.226894406031589,8.269937628385971,0.4234008910704632,10.553475407617432,0.6324375870884681,-7.764467554889163,14.094119613876147,-3.489886506783719,-8.47269044938136
80,-1.3974233117638801,-3.04339940085703,-12.473839661600639,1.8352478718271061,-5.679338582772381,-0.9197098266105262,1.5087169746355134,-3.9176966110054328,10.647640089599454,0.48522273739989924,-5.741990333917189
81,-4.065660147034392,-5.513142999660756,-5.782277865069253,-4.250881042863641,-3.9107096876416887,-6.10076254750697,4.358534056921394,2.675742843169339,6.404201405388968,3.085848634340325,-3.758611635285981
82,-3.6271517009151224,-5.037555040753618,5.480832511064958,-7.467352808738242,2.4178402569829203,-3.2672009030166937,5.965037275333794,6.010823888438089,2.6230656522877362,-0.8302722884988298,-4.358844372842993
83,-1.9013334147784176,-2.074729323995357,11.367284204278674,-7.715330470277339,5.520176408850417,1.0100355123987004,3.0639758401987502,3.142851774789849,-0.7617287854759061,-9.697571264237773,-6.808878006983776
84,-0.5480165594086355,1.2154241550941856,6.687187155898736,-6.9090874356274705,1.652696603034832,-1.2474248397107026,-4.055506751245382,-3.2339926203902887,-4.069624662399292,-16.659803929377574,-8.425735845857737
85,-0.2168797186898942,2.203777841235302,-3.8195005101816997,-6.394895139321381,-5.0553906401809385,-11.49881039833536,-11.025098606944084,-7.542115747928619,-6.803909461109006,-16.171653685521107,-6.87340336855577
86,-0.8116023780740037,-0.12307040423763041,-9.824576335293907,-5.070271606043893,-7.233706846833229,-23.048493856374098,-12.800051273740067,-6.533747078964905,-7.841984513082674,-9.100151692726174,-2.283754538516609
87,-2.031220484753044,-3.9744153935082105,-5.203382214721368,-0.5946382454463414,-2.2953935934572804,-26.868579161714536,-7.964034215680191,-1.9029586655753,-6.61211330975805,-1.4684401282242365,2.647227573151491
88,-3.438402629248342,-5.9002183736587055,6.342833504993088,7.283281582350633,4.624132749985676,-19.27964181133679,0.07255254989984083,1.9067654950278146,-3.85445912577668,1.4799432109813302,4.7802819603559925
89,-4.278026570775071,-3.720558631785062,15.268583278874962,14.943320446172539,5.932576054212999,-4.697203020660245,6.042590824316959,2.121879071605449,-1.0868310703306783,-0.2615759418326981,3.1138787623874995
90,-3.7591573571672243,1.2400103594575609,15.481655568492656,17.14978323724805,-0.33161720451043575,8.434727693090634,7.0904651247725194,-0.16110462376049586,0.6071978330003972,-2.682427141131187,-0.4130270844515489
91,-1.8526735816683089,4.872293917500243,9.484296843713643,11.690286582830002,-7.939653948861725,14.384714340677066,4.452015727682381,-1.7974999613907872,1.1416771582194738,-2.7945565459679584,-2.6224874233712954
92,0.2809099475948178,3.6590424491738784,4.572539081378859,1.9151484443216908,-8.295751839267965,13.67741943622122,1.4290540102793245,-1.1070275594081198,0.8772838229731638,-1.876932359471613,-1.8155748245059227
93,1.0047766408141778,-2.2013793919159443,4.759909805898764,-5.6137771229354705,0.8910683959114308,11.052163905635172,0.13110168004522518,0.6295222786008096,-0.16406199700978338,-3.584364100378387,0.8914956943112977
94,-0.4055890550418776,-8.84515005471755,7.223872852568724,-6.434214954473535,12.581133046320506,10.445510341196645,0.23779971258980886,0.9237861791435553,-2.235808713095529,-9.230217603130304,2.753494374606074
95,-3.1070482937657102,-12.037679039702123,6.654066604619124,-1.5671462778534209,16.20416975751215,11.678265852587563,0.475654555826771,-1.106572215654412,-5.038745646878165,-15.53181395725328,1.9494882727764091
96,-5.557573077630024,-10.716817277122518,2.0425576008096034,4.02852467371493,7.0911438513775265,11.396160514987244,0.5664515969704609,-3.8640862458518574,-7.30417187572742,-17.381029576063156,-0.8629107422062329
97,-7.033130200541749,-7.534968759332385,-2.0500950618666045,6.137180937796223,-9.092910250838923,6.882102976039964,1.2508372215896237,-5.003234015435589,-7.590514690900336,-12.804765122277397,-3.358317650702535
98,-8.083931913789439,-6.0294495602043305,-1.210288798322483,4.514857232570648,-20.934339051039853,-0.9081316781895501,2.579400438435224,-3.7022088905986474,-5.619461302854577,-4.954101321800631,-3.829190883101249
99,-9.339283507697436,-7.244893102013335,2.861808272648831,1.969858592870284,-20.70210799878957,-7.747515915607919,2.91349651922985,-1.133155609880175,-2.6497577343668257,0.9209520062621759,-2.6964282308306013
100,-10.03854520588505,-8.996977663770014,3.4585367501998436,0.9221261228073616,-10.253921689427628,-9.568241875998828,0.34532048750896843,1.0453966284284786,-0.29733986453134187,2.3733796039406134,-1.8233690146280794
101,-8.222187964283691,-8.229284805910927,-3.5249247490143287,1.2214665656187096,1.5255948183487873,-5.960466744948406,-4.70378056837588,2.3010124374105008,1.0627929811574974,1.5962059923580714,-2.4025958423711815
102,-2.7963350025974973,-3.9205156078143997,-13.771151574290528,1.0503783761238565,7.011733193786776,-0.7010571543051272,-8.747858757875404,3.2729410322345034,2.5956252059158014,2.5875046657664433,-3.5868644203458513
103,4.5922209139989345,2.2620377837186108,-17.5740001907154,-0.7512717094956612,6.17059695112462,1.3197349078801213,-7.812456349937284,4.524212152298007,5.608633327849057,6.8672336473756905,-3.2721934087992626
104,10.16695431300572,7.830472517530529,-9.463617076983256,-3.6994747604642595,5.342595951897757,-1.6275563081916498,-1.254377000642066,5.645392774623268,9.896697038898663,12.227492794698598,-0.27464826252995705
105,11.034644147571253,11.60365607178941,5.35109592578849,-6.645977523862099,9.931440820499342,-6.273560405689842,6.942519424521193,5.7241542984028255,13.59276214272392,15.531084176837181,4.269890004883007
106,7.857108347574059,13.921310151109891,14.854788997343608,-8.918544277852895,18.06743043052907,-6.825924051051238,11.028249039941905,4.492517592347398,14.70850917478377,16.22556511358339,7.701622124837369
107,4.411368426011533,15.156581741396566,11.128816910696273,-10.062191233343007,21.474709053428807,-0.04591555619726376,8.144034630409918,2.72415867387032,12.782552742228216,16.646618032942012,8.084333028416244
108,4.185045378548758,14.650378720492732,-2.3679841191184763,-8.994018958539378,13.172303520903295,11.29166679479638,0.5854065503392901,1.438934678629953,9.01940723827907,18.854574981392645,5.754856593754827
109,7.168402975919295,11.525091084898735,-14.296877892345798,-4.562594104178098,-4.887063123741928,19.81047701006945,-6.291518084248718,0.9077950083479589,4.984859821747761,21.630072802913432,2.771657220411057
110,9.964350301392225,6.439386625070961,-16.05705703734135,2.3580637163653666,-21.633381332669938,19.07863504546029,-8.41633413397536,0.6270710679949546,1.413983481879137,21.14172582237088,0.9659296736425284
111,9.132866650211568,2.007295464982792,-8.941403964800495,7.8304977611619595,-25.21107558024173,8.82214206335496,-5.630263122977043,0.2001540511086279,-1.6439103441579002,14.816027838204588,0.5996544846162504
112,4.499847341556938,0.9165197163820267,-1.2404400426514295,7.265602743139072,-13.068269563572747,-4.681329407862255,-0.6473138010015294,-0.05180898460806632,-3.8016952045109806,4.372896694407171,0.8290348770667095
113,-0.7645630061018224,3.360852367111615,0.8497326308671309,-0.037755057519795944,5.185629703560654,-13.499852255899079,3.950658012713705,0.4218376374670437,-3.937359318441274,-5.302295239604249,1.1704164062227522
114,-3.2298490587545903,6.412527850087808,-1.2206134732280458,-8.839617383723356,15.30285501966671,-14.087072421093376,7.471226361333107,1.3894404446592137,-1.1398425467160282,-10.472794652593379,2.1340264866546708
115,-2.2716585221339245,6.222237844552312,-1.5645520854361203,-11.555460900980599,10.289078728276856,-9.314276415474561,10.298219836488062,1.6425063877689594,3.960380796267062,-11.67876366556299,4.245503875065823
116,-0.12974045227984993,1.2046901425536798,2.5572297183834776,-5.071663410231775,-3.642200937076491,-4.984547040900406,12.139076580806654,0.1065256163782003,9.025541509900775,-12.437222775756096,6.659632653910286
117,0.8382810658338119,-6.570943202899427,7.461340179552837,5.710537703669801,-12.515098139947774,-4.287621237793747,11.730095228370356,-2.816170950325168,11.372129732248734,-14.839258707299525,7.250888653555695
118,0.6691887226639962,-12.856735226603186,7.472693861747275,11.7229311806815,-6.856046696098483,-5.340107399590162,8.351630921266517,-5.212771305928425,9.625325348912453,-16.685709909516937,4.54742081980316
119,1.456933697875665,-14.1306784232052,1.7570090698344367,7.930973804726893,10.026095139737032,-3.842712941218396,3.1727978866927478,-5.210940450581969,4.237320810708464,-13.39164716613536,-0.32000742335708776
120,4.666554727876673,-9.625418002508125,-4.278138849200035,-1.9294220184793278,25.0587934085301,1.9915517325303993,-1.4429283878024743,-2.692382544165059,-3.217914340447406,-3.072414686105081,-3.924267299321233
121,9.076754881411183,-1.4243775216900572,-4.651791486585019,-8.937161372632396,26.82020888036611,9.093892860777524,-4.1233696919314715,0.5331139126602484,-10.84979780839414,10.196074521055026,-3.3259846799227657
122,11.60710044448473,6.756089902045775,0.711575241417301,-7.561702155945253,14.905642762476084,12.006184604703163,-5.7141053577770995,2.298202801419764,-16.5873049534097,18.502056666782924,1.0634610440049852
123,10.211613857624481,11.073830193402816,5.853515753636555,-0.7500937701183923,-1.0052225547177451,7.786462544178476,-7.993596210771678,1.8721906664420147,-18.23303490390583,16.160453564658457,5.397584548714209
124,5.854220508312692,9.02797463110515,5.190062728463387,3.5379198023251126,-10.823748902398712,-1.2005000138769344,-11.147301947279852,0.298129209450313,-14.473006436031083,4.4776148601454135,5.522403900720636
125,1.5426383042822078,0.8776226895196098,-0.4864992653304825,0.7113550352502842,-12.877182006835938,-9.071516180525022,-12.874914829524196,-0.8790274505712548,-6.570528061414252,-9.004538038555456,0.6504071452179734
126,-0.5854545430261262,-9.688701394565252,-4.885583423838323,-5.813476226767715,-13.646674432316605,-11.101056845820679,-10.455783661835047,-1.0695028067851553,1.1317458189263636,-16.179522733603203,-5.804105673821605
127,-1.192554743314276,-16.86668888114545,-2.987810876904702,-8.426997790531237,-19.383610691951247,-7.247168360924234,-3.8969445812458896,-0.849714385535644,3.433646706902251,-14.182275750807353,-9.110636917456072
128,-2.8155774729592458,-16.176450702608847,3.5874173541610337,-3.4525076952971974,-28.47103501339348,-1.7877829585756575,3.143583300162335,-0.9433531475310423,-1.7948658600145457,-6.696256419225615,-7.290291906011348
129,-7.0867999840755855,-7.91936614501233,8.31551301310181,5.015920812986335,-32.32231710638319,0.2981835141473887,5.9602842218413645,-1.2630312108263677,-11.288168952781326,-0.18501076710467435,-2.737056257773419
130,-12.867952961094526,2.456982728169889,6.670753150874255,9.531522750854492,-23.877078163380524,-2.819011291679071,2.733698315766393,-1.0765400662714122,-18.2531549900162,1.3671866260012802,-0.029658961052797278
131,-17.060224056243896,8.165589169580109,0.853475098023001,7.141143474651843,-5.181282170877164,-8.508308439838643,-3.8276155457204704,-0.0037621691518900345,-17.430731572666947,-1.1135409900120325,-2.012168980374628
132,-17.233419087468363,6.385000265374476,-2.5537063582819335,2.2379615817751204,13.465870235039263,-11.549787346197634,-8.646395376142191,1.376431672548761,-9.191150512014117,-3.611779054816888,-7.61628950250392
133,-13.594589586160621,0.5179737532625392,0.5846277627409721,1.4251121538025993,22.01414744099792,-7.735200572986992,-8.237433314323425,2.032569930869706,0.9428981042334011,-2.8956949674353307,-13.094077538470833
134,-8.61717798515242,-2.8356369466197733,7.731209801167858,6.01657975389033,18.78049399414841,3.109501948162001,-3.0237005991595134,1.529518767126969,6.928226755589855,1.006931906147879,-15.218928519560366
135,-4.886860217119814,0.29988263912346896,12.163108800746956,10.369459470924067,10.876707743625252,16.53238898150775,3.6057794185317293,0.4369748350308866,6.845290451329582,5.409724855909542,-13.529875356323865
136,-3.1956713564541874,7.851540622054314,9.325465455955388,7.985222620091268,7.15150479881131,25.827862092426844,8.099758573332611,-0.35139560714668155,3.581423418862479,7.523245986627073,-9.969926035601874
137,-2.4190631124133968,13.742828367924204,0.6532431427313357,-1.0791517593422715,10.551513603755406,26.177608380512314,8.827139964517283,-0.6080664387162851,1.4286255829264314,6.5076184385285085,-6.76637329495683
138,-0.96977420911497,13.414910073183021,-8.393529046554955,-9.499539630753654,16.543465492676717,17.96189770406606,6.251056124969405,-0.9467173607981935,2.1790946174641044,3.5247179026506386,-4.690158997567332
139,1.6591947559191256,7.663784435817173,-13.363963976198313,-9.697592555260172,18.067769483035924,6.692633224993336,2.0200925347756367,-1.9736167520892864,4.322259964991589,0.29391760219420704,-2.995727571297665
140,4.563741007629706,1.4064679091074028,-13.759935972641925,-1.471159401596809,11.832728376193922,-0.8702094805027757,-1.7809095508894142,-3.3649637346365013,5.533674010208675,-2.211857504990636,-0.5911928488283741
141,6.376378379306015,-1.1152762490875867,-11.783069462800512,7.579537463887614,0.5892663330447917,-1.7945302657554953,-3.1310968119270948,-3.9485791319487045,5.421298478330884,-3.852165341529311,2.88393438303349
142,6.481462286443127,0.014320635065740469,-9.34042874161078,9.267445075268649,-9.575702234190338,0.8357112772610723,-1.019288998477313,-2.819005313272379,5.631653869030427,-4.552329513491417,6.851296789792119
143,5.413595388130266,1.1188755813910036,-6.827571703159079,2.4179612471132863,-13.785696377559583,0.7456128673285854,3.3096800823600923,-0.3965383012379919,7.480256257616744,-3.8744691731978436,10.231077457264979
144,4.1893289259501865,-1.116860636643001,-4.265300345664122,-6.5082177240021375,-11.197396867129267,-5.789537473600738,6.2915168358583236,1.6794861857684291,9.904020792215455,-1.5692384918125308,11.957482216309527
145,3.2856010587847964,-6.511345068410951,-2.412986102152844,-9.859406905514854,-4.898542437930496,-16.220399343237585,4.314202272162145,1.8357041435582298,10.077738409139672,1.5256812186265478,11.383214684165253
146,2.279033921202835,-11.841174862822708,-1.9938319601042538,-5.538522524022668,0.2137767271119721,-23.492014179424363,-2.8764409355211016,-0.07845369285466719,6.170451543769058,3.4962381635393416,8.683430093891767
147,0.5486088445296093,-13.940892253603254,-2.1274762555044524,2.2686697171658885,0.2537279785895834,-21.958708466315755,-10.82696609533563,-2.5492291488133523,-0.4949361307888615,2.7277831569009896,5.120287049789818
148,-1.607367837915615,-12.22180935922934,-0.5037615043776376,8.047577760657486,-5.208235964483144,-12.246759114216784,-13.205758950844103,-3.4892907027079136,-6.011450206290703,-0.4420371931426379,2.6969597716720735
149,-2.66590723304116,-8.531040591834,4.207887894036818,9.788764763851555,-12.354191405432564,-0.7159140371546453,-7.1179486926721065,-1.7888085072746083,-6.710902650745547,-3.5776850635670505,3.0342043078675562
150,-1.0439319051041895,-5.162300103267997,10.276906492758771,9.089943108509997,-15.174892772825396,5.904784777106679,3.7538179560583465,1.8438650850130587,-1.8147710446192293,-4.164008100422061,6.148693773819476
151,3.0409126847374197,-3.2956630988996856,13.893109628745373,7.6958019842906875,-9.86091975289948,5.745392934552261,11.551521385202603,5.318155506435706,6.105837337824763,-2.2777272710690695,10.238769431503451
152,6.827823157213172,-3.003437956985162,12.665143101799245,5.2614321124036705,1.5619504190221125,2.2644584032954,10.629842947636332,6.5263973527721,12.870666658695864,-1.2699103404064567,12.881868648285769
153,6.620309605890391,-3.97406846893077,8.017968065732596,0.8473121274490746,11.965492772812746,0.014950624534061976,2.372244523305978,4.7229703641971765,15.074825187118686,-5.173974458052188,12.741814854497813
154,0.8972295309816088,-5.648792459040272,3.736233810989224,-4.332706965962235,14.551927671140554,0.1701455018958267,-6.061034496493486,1.0372310739998916,11.593035777916713,-14.575190086754,10.31481962909504
155,-7.715480937641495,-6.78304286757294,2.0406259120422967,-7.014786861988963,8.636603551859759,0.14528474150871745,-8.061696777234273,-2.2343097408207093,3.7360089089037203,-24.643868119284814,7.112388018746765
156,-13.801573471147186,-5.604359330039244,1.4479532515516087,-5.337113592051426,0.25029818044633284,-2.7077834066383693,-3.2095144245089315,-3.1629217362829616,-5.561744211887826,-27.748315771623535,4.177494573349855
157,-13.245212661976717,-1.1265026525575288,-1.1220163690800569,-1.6746221941287571,-3.524221556527274,-7.4639813407343265,2.9283230961585534,-1.548311357899588,-12.990690349012006,-19.184397002416,1.4158404396504771
158,-6.7017965322854565,5.501053847068427,-6.213905889160779,-1.0255687830171414,-1.2983564097358256,-9.948928339140755,4.439458684045441,0.9298711908715112,-16.13644054349588,-1.4270076519068406,-1.7212779497613713
159,0.8266749609622877,11.304091066730265,-10.339873929717102,-5.998770396320188,1.5748081706008132,-6.74519071834428,0.6364798729060864,2.0369134670009417,-14.332825217319995,16.967966663594147,-5.128362881894014
160,4.278837295211091,13.63966578427626,-9.11678852232135,-13.617676752562426,-0.9475682303309441,1.1968233433305,-3.7004839887424392,0.8662470598914185,-8.695303600661608,27.327272767923315,-7.842495376966437
161,2.9678957784662443,12.312889663540588,-1.989342036904121,-17.69970065233659,-8.407317595822471,9.028156709258578,-3.3637696507633947,-1.2851004585319636,-1.3623959914762147,26.939281065245066,-9.002536289545954
162,1.0163082288844245,9.537531326011736,6.46853247953921,-14.767279632237493,-13.162888339283516,12.159870325302592,2.079840528721712,-1.9614079684323193,5.457730843096363,20.268951673288736,-8.873338688393028
163,3.226609498870616,7.709519768247799,10.298187027172167,-7.528789200344864,-7.616113063024015,10.121955058480404,7.968803234854523,0.21101951933636956,10.002926879999588,14.52458447826152,-8.71093813497193
164,10.201625532641703,7.229658071179779,7.349237875062592,-2.289178802650802,7.427590935814138,6.53784517366059,9.186623016182256,4.03874306107054,11.05050152023228,13.661156861757746,-9.502434645380292
165,17.412974962166377,6.575192289693015,0.8067785197374772,-2.860321749838031,21.740004431684408,5.467170244576979,5.032841764542521,6.521173067238866,8.161510516490255,15.988751400490196,-10.882734279243314
166,19.2277838677472,4.425943598227233,-4.26445706264705,-7.083275188292776,23.63554083327858,7.749207333642609,-0.37087541332050245,5.385062526683418,2.294718829895921,16.942472687181162,-11.410044408878502
167,14.08765413079943,1.4397515520757558,-5.616355619868454,-9.269555482329155,9.883844424267204,10.689493504105782,-2.2468228826717453,1.1890393053086437,-3.945934315117038,13.80147386904882,-9.979301110822327
168,5.835581069089929,-0.34152459854982337,-5.015161388990831,-5.80675041979673,-11.352885159302732,11.017507935056882,0.39835764558947817,-2.990771179904743,-7.410088662058115,7.7615398554777615,-6.960032083222415
169,-0.09557446959067364,0.14252306855454736,-5.167435376011595,1.7499210256703046,-26.845598379568177,8.004271064485822,4.291060811402846,-4.145089086525294,-6.621478433511695,1.8709749414072352,-3.919237856962243
170,-1.8769072318563655,1.4665555540396242,-6.1425100200030265,8.760928165395649,-27.84625548610882,3.81162504334839,5.434678071463595,-1.907069820378508,-3.2988219571546935,-2.4071017771351095,-2.2159401889966457
171,-2.734972987247973,0.9146739122818928,-5.330899980603432,12.027957337851428,-14.883601874721293,1.0696053796884966,2.8678978122010523,1.2227302534239632,-1.3442061519136235,-6.168567061728361,-1.8324729325819988
172,-7.237700950430364,-2.6480013752470213,-0.8663359326975686,12.028560276257293,4.6493668312929115,0.3050461885880451,-0.9867013969591686,2.19662104946162,-3.629120804217397,-10.754081591659663,-1.4829598047903605
173,-16.103335155516255,-7.172959246653683,5.4625904949343935,11.212779060918457,22.06370543703741,-0.2825801238721731,-3.2744779957800496,0.12909460493496486,-9.32011579494087,-15.069215598155042,0.2349181868592087
174,-24.677041725236542,-8.940010212970023,9.251824110138173,11.024239928138499,31.050845001425063,-2.686649788399132,-3.581060531188031,-3.069395878789376,-14.43711769580841,-15.89610768337639,3.7461352053345465
175,-26.623258860591722,-5.944945182119097,7.609595715201327,11.074379920959473,28.58056249728008,-6.854096619450316,-3.7747823875777575,-4.588047574217222,-15.383195951847094,-11.21113990551355,8.265818393960291
176,-19.355475352734935,0.037286343014970115,2.130380158521691,10.754458915366202,15.473304412498766,-10.533450168006274,-5.2763066613210405,-3.238436828462445,-12.096892326462026,-3.011598513442643,12.309952279134672
177,-6.1991152045678115,4.7661188980754545,-2.3965512915533416,10.58443716594151,-2.427066961721498,-11.285396643439118,-6.920610984977411,-0.2654030237879072,-7.616505185256199,3.6635716399367975,14.346121852495232
178,6.433669238674398,5.1256707310676575,-2.3039457655074647,11.297425340633003,-15.192379413210617,-8.700605964174075,-5.8547777326739565,2.0900193617051963,-4.4457635867352385,4.980232038972329,13.268203593638479
179,13.932805757133329,1.771593882113087,1.8157188880200288,11.94615750987919,-14.384454401171936,-4.778175525519313,-0.6648379466971572,2.651212589777246,-1.6049492821401479,1.7399912135941642,8.807026627112409
180,16.043209793616313,-1.5130583522271137,5.98541359147247,9.954251452368133,-0.48561255656638924,-2.1900241624335854,6.4538468314068655,1.977670892940036,4.209899117447892,-1.518405258655548,1.8986731159443757
181,15.449397983599683,-1.1435152620685345,6.5326351109816105,3.812255628254949,15.102520929307353,-2.060088877775231,10.81871467058984,1.2582290428025382,14.240880326348908,-0.9972747333195745,-5.381068253395509
182,14.601159835348325,3.1687403382087242,2.9365064708554014,-4.403732387387023,17.842515736210103,-3.2256216564956977,8.873855500805135,0.872124717399782,24.713965946314286,2.6972749367052193,-10.678867374147687
183,14.049843439034053,8.144403048924037,-2.4688581015382494,-9.963032265402832,2.677870363605266,-3.530368809797326,1.1637842010478585,0.21699119226208755,29.000654772912362,5.345619935162214,-12.665890680283916
184,13.250336080181356,9.628175824576495,-6.9278353416189855,-9.565911023896568,-19.930824324792745,-1.876774671734596,-7.869121578274941,-1.1610251248491055,23.430099698961996,3.532167506461241,-11.759206452539988
185,12.016143645559039,5.966090081297621,-9.137896539301288,-4.5594638756343295,-31.615758465260875,0.8391454457020273,-13.025066358417424,-2.6018984938154417,11.149600835326982,-1.7867920350055306,-9.551597218124234
186,10.599060165030616,-0.6587375438943202,-9.180087498256139,0.2392451641510944,-21.91048933291922,2.68350295631253,-11.848781635566633,-2.796548075821935,-0.13787048264425628,-6.165715173799164,-7.412990482486024
187,8.569065454663063,-5.955592406799599,-7.474189003359299,1.1073725494195004,1.9136080401284354,2.5317987154180908,-5.9153551179535535,-1.2881068587303162,-4.780902352564189,-6.099341050094488,-5.5652197660232074
188,4.4457966721787745,-6.922862175623981,-4.399018179397194,-1.3371850471107327,20.637750938838842,1.0048406440384534,0.7014391829772871,0.6617119677212774,-3.823761836606629,-2.542132227548531,-3.444032539556525
189,-2.802036867457993,-4.207980686304521,-0.8025422680134676,-3.5828738735646617,19.79199609768634,-0.3771861812137828,4.317651285200703,0.9707216915427422,-3.095961626695127,-0.022474244541051437,-0.7876637164427309
190,-11.75064160872479,-1.497062254849137,1.8113337624437955,-3.650438108918618,2.029886335742717,-0.8828559335397215,3.8064094003365962,-1.312521791123614,-6.659053207964313,-2.283626722209916,1.8655551646132857
191,-18.512412639296784,-2.3304072083259117,2.237275488522588,-3.4727162417708612,-16.1378303276641,-1.2502040266990662,0.8467290358883994,-4.914752999738771,-12.285501938693377,-8.769910083133347,3.8354174713699187
192,-19.46644746466559,-6.919710010898356,0.8208293963451775,-6.426964149791367,-19.783992642042588,-2.520116408260501,-1.5631074482689098,-7.262691191416614,-13.687322097165245,-15.293515210248986,5.2413559136342025
193,-14.506060116145076,-11.767237142640717,-0.5742151919676333,-12.675547008611717,-8.443082258409383,-4.2375006675720215,-1.211557266663532,-6.614883624777502,-7.349851232706284,-18.01411686381515,6.929493275223946
194,-7.621352441304801,-12.682380174495735,-0.2020689644375626,-17.673807185523366,5.187493933706867,-4.215988898763851,1.8894819961955809,-3.40535086089251,3.009177954145232,-16.73387367932164,9.282320868604037
195,-3.9164189957842535,-8.739781781118744,1.8849361955511326,-16.017824922745326,8.31179376645964,-0.6771360806056431,5.562786519527435,0.38488341259713077,9.135742965401436,-14.457208261197927,11.305327990833593
196,-5.537806959784761,-3.5174113230741755,3.917237325818563,-7.000384750110762,-0.38326650736283285,5.083092920026001,6.97552696356968,3.056607464746553,5.745085928589106,-13.9864864221641,11.336752910395058
197,-10.107341695196775,-2.0706369341636193,4.237368622908787,3.924071287622257,-11.22010593891752,8.54697557553953,4.6338174422176515,4.359549657004524,-4.407109086002622,-15.080328275962751,8.938960977963038
198,-12.983331454043485,-6.048588363491759,2.9603536919671662,9.611196100711823,-14.104327055872703,5.441222816097493,-0.5208198768751962,4.985202215763987,-12.857210461582456,-14.81320968452765,5.913235869011556
199,-11.232989069378498,-11.53305705591124,1.7147027211529868,7.446724409959754,-7.805365160411718,-3.7749122949887295,-5.747475225098279,5.204540197946588,-12.964290431111444,-10.462656022334585,4.941355904754327
200,-5.845125395424512,-12.112597217973399,1.8103471448530957,1.3101711449574451,0.6888235284357654,-12.801668894534208,-8.418622088067385,4.328929054189701,-5.497553926797545,-1.9730070784916074,6.827311893963084
201,-0.5342654476360399,-4.83260429756982,2.8817723861762454,-2.450032092782916,4.461436223618838,-13.769836593647392,-7.713363890745202,1.6688573035050411,2.7782455555030277,8.143747313290227,9.139755096666667
202,1.464573009889953,6.486844257128482,3.4662225082212563,-0.88032237972532,3.0611801938134797,-3.931873694366338,-4.777724258753718,-2.099010142744804,5.746382834960003,16.925710831369674,8.04480610696637
203,-0.22232521933560467,14.08794853152061,2.7751183698371964,3.51200750789472,0.8449298204207907,11.096347565553627,-1.3894638577286078,-4.846975383709888,3.272601355095299,22.86215854664238,1.971007647563
204,-3.2220844189275284,13.068130855657616,1.5889547401088842,5.975457896991652,0.4840684934538238,21.035649275293157,1.5190027526446752,-4.614229060557424,0.43963480239011804,26.07915312903268,-6.381956133915454
205,-4.433135584909088,5.8557399374489885,1.241973423227972,4.27686920701241,-0.2762591869247203,19.03553171060523,4.107859751703788,-1.4871455357999217,2.011767409893931,27.263135153420116,-11.897664610828672
206,-2.1124965928646984,-0.06685011119258646,1.8778721782930043,0.2936858401006582,-4.966660540931079,7.340667711893971,6.593303736375303,2.1873056973729814,7.76673933072966,26.757825951186977,-11.304526146577329
207,3.3077212304485086,0.7548856794530031,2.034639078743604,-2.497170000356071,-12.449247327386116,-4.543856765542712,8.218880946538887,3.692418258409111,12.92237802184358,24.551843603654785,-5.954220023386332
208,9.761739770292628,6.628546268356089,0.14730269439062293,-2.4205674659840914,-16.013538749850525,-7.7585360305954,7.522548069759291,2.3170204989764156,12.705480085951942,20.682518366192067,-0.549950799163507
209,14.772739535539735,10.630311556008397,-3.6200884197439467,-0.4404566069038547,-9.261630636696912,-1.234404293858275,3.8043947268505485,0.016197392070779994,6.471753722550917,15.376831719461752,0.902659501348223
210,16.675839279987375,7.781357667275837,-7.242469574115714,1.689843320116705,7.041250101157597,8.0235269604897,-1.6647083443038317,-0.31882726720401217,-2.140585836555277,8.997857091378192,-1.887213144983564
211,15.37965728555407,0.3910650598759554,-8.622019736742487,3.2634090732555,24.30211908172588,11.411748521182002,-6.073583935444453,2.537019774697873,-8.483036158644424,2.296413842512637,-6.070000174094219
212,12.309349974199217,-3.8907750625999604,-7.44869402963288,4.418994930933933,32.59756610101583,5.96816081234387,-7.0051120598705445,6.975599357060024,-10.25559649053885,-3.1387735240313472,-8.750094022069659
213,9.427000559106165,0.4043172500571426,-5.228874973648665,4.780400842428207,28.301230325990794,-3.8341888140658944,-4.254032190965146,9.805527307549301,-8.346442940283795,-5.140632274199505,-9.285500536159594
214,7.851665234079166,10.82089472020387,-3.5700714734135843,3.237372877038255,16.092314780974874,-10.624999580334643,0.08032573060113557,8.758627241971542,-5.303170192112424,-2.481094596337299,-8.783690737218272
215,7.133593775027869,18.76688132115773,-2.6389560842392394,-0.5173386943583586,4.343140821067655,-10.307266855726438,3.3134028570992604,4.117539178351967,-3.3324827928932343,3.3308656890781556,-7.991129697129434
216,5.9001321312116115,17.240649393626622,-1.3921712466648646,-4.642418781561511,-1.2137628477446887,-4.439394425676793,4.201927722716818,-1.710882261091349,-3.239944555321518,7.953805052504247,-6.324867071393801
217,3.3761743148978876,7.110865512064525,0.8615212489147576,-6.087427226864562,-0.22645609719412668,2.3599504864945704,3.5785635782747853,-6.022931547417325,-4.3480837515422275,6.74834917029556,-3.118879569428308
218,0.30262458324432373,-3.948005515701917,3.4614631493328787,-3.3013916976597844,4.020476032276543,6.578991376623815,3.2063017122599544,-7.419976645890547,-4.92985821591348,-1.6482684026871408,0.6795693204110983
219,-1.791477651012187,-8.566290283689694,5.117262589688203,2.1016420034729704,7.784114258135764,7.560391961311807,4.009324911297584,-6.141452792499747,-3.1156094583625698,-13.785951419752472,2.796151495709711
220,-2.349194356373378,-5.8664931605512995,5.469694100016234,6.666344236962649,8.615464875892718,6.14467981214426,5.244682158742632,-3.382694959640503,1.7079890508736884,-23.59675011768633,1.992785159726532
221,-2.710516462520677,-1.1120263064394191,5.591733077350928,8.137158376829964,5.617380297913844,2.762424608274382,5.222009580202249,-0.5196515479866339,7.817769014713716,-26.732987870975418,-0.09522345388422207
222,-4.951284713891088,0.11619178205728531,6.7098166796625875,7.02506642925496,-0.43800702082867526,-2.6204792151645737,2.834921301919872,1.250599725285963,11.752452004928978,-23.39338864355671,-0.10034848354300674
223,-9.492402032093734,-2.9533019351715946,8.494070107079281,5.171939293948972,-7.024200495028374,-9.113498936502301,-1.402042632656438,1.095166906410334,10.865903322793999,-17.28730002471379,3.6271241903305054
224,-13.860060736080822,-6.624918142143561,8.901613198980993,3.2103642225265503,-11.047233127209605,-14.39802951806662,-5.583350944142713,-1.0741065308755757,5.96234777691413,-11.943118158347753,8.732804707118444
225,-14.202654189297132,-7.360509280343445,5.992284771435115,0.06018102883684392,-11.400010461709938,-16.256426361142374,-7.651364973004983,-4.223325847362985,1.2850277654978695,-7.944453667621223,10.474509152830864
226,-8.608073421278778,-5.377172434816555,0.015223039656269307,-4.869677715155543,-10.494082981226395,-14.552273845186038,-6.707001253658412,-6.45280671013253,1.120276651820358,-3.5533565161179523,6.146010317060412
227,0.6694463558342992,-3.6547715749059404,-6.340394380749489,-9.520379067683706,-12.229693602542488,-11.199983241606732,-3.516284323164395,-6.109365569997807,5.667071233598554,2.286707639694214,-1.8699635306791382
228,8.28985616868856,-4.055149108475568,-9.874642688400892,-10.130028379206754,-17.376276921252813,-7.8534499625770415,0.05844597214338731,-3.0404757316015205,10.168967825417615,7.896540337679338,-7.613779009909046
229,9.616947473958135,-5.195146862341433,-9.22703961936795,-4.932971908121693,-21.034309049041905,-3.8664954256038278,2.2811727231862595,1.141139669990053,8.732920814533623,9.977916364767113,-6.5297211373643
230,4.205109808517962,-4.370549433389488,-5.577293472630637,3.205569812837912,-15.969464448033547,2.8540296457251726,2.6017628014087677,4.1918894727619325,-0.1897568185718692,6.8012039813460134,0.5835680511532998
231,-3.839909150284164,-1.0991770129422753,-1.3189774447557878,8.486704996653966,0.08143355408493354,12.582340091466904,1.8381838340084165,4.9000163786873525,-11.695419133925924,0.23156656659379296,8.267913669347763
232,-8.86114725531364,1.9348657299973526,1.8010071876401803,7.127418841634478,20.00376316479274,21.591003589408132,1.347152800584326,3.83884269242384,-18.002794175731893,-5.475264649306025,11.036826984462689
233,-7.5877064384368005,1.7286424655847403,3.389081670313465,0.8538509461344505,31.12330345596586,23.99475539460474,1.7962407255355193,2.566917920751231,-14.846127597957242,-6.992270998808802,7.689582220753845
234,-1.0774715822570178,-1.553944970424078,3.7278536635698103,-4.653132008958836,25.067445824340897,16.626104087853918,2.527623640563415,2.0769663883126057,-5.075694321369638,-4.272657715544408,1.624850399944247
235,6.451667133642703,-4.4174231047533,2.8957908220437107,-5.002595012285272,5.15621119387904,2.5417264878597794,2.110161425659851,1.9830731433265063,3.743242337995646,0.03836890264433258,-2.6310702823862737
236,10.64555417031658,-3.541516953585099,0.7794969507626125,-0.9511278089211912,-15.667582283214648,-10.45811171920932,-0.3027095344601845,1.1740017177499071,5.569983989152373,3.214510139762139,-3.15591253553118
237,9.608098237338115,0.7241566880625121,-2.205416966457756,2.802496683840849,-24.909699279434825,-15.435817391288523,-3.9684191978707606,-0.8003970313133025,0.4779624370287876,4.453886082890082,-1.3983472111273785
238,4.553161100465424,4.609919466277851,-4.788548097318532,2.466511283754086,-19.79306482599706,-11.307268415178571,-6.873999841055092,-3.050246828672837,-6.16441168556256,4.653052771121872,0.051956823589850445
239,-1.4390090524542087,4.685265794358387,-5.560795151457494,-1.3000829925342483,-7.842628688228373,-2.9941442408123793,-7.232783230230669,-4.074828091932803,-8.709945724934947,4.734952873113204,0.029098211502542302
