Timepoint,26,27,28,29,30,31,32,33,34,35,36,37
0,-0.5363082277531527,17.95604656659523,-5.136079423281611,2.0627159001875897,24.42262810042926,8.586500817035533,8.280846033169299,-5.523738783841231,5.290676458909804,-8.642906550850187,2.650397605813888,-6.43464239884396
1,7.703190110167679,8.388175289241635,13.216600144091917,5.732809115429314,17.16953634850833,5.177194537404849,9.572218239915614,7.243026418801473,4.839717366561597,10.536217580036242,-3.6351340413093567,3.36807697251135
2,2.665567880990554,2.4666845639217265,4.872624691651792,7.632273863316799,4.754932675434619,-1.5502531139218076,-4.80166370649727,-2.0174601832214667,8.347914282460602,4.676348970860851,0.889504441193172,3.2290086241400973
3,-12.453120516271007,-0.6445333836029987,0.612846201779891,5.588041923484024,-10.326794753269274,-11.151608698526207,-2.135459451042876,3.0797183414617058,9.70013721378482,-7.016030849242697,7.26153461361418,3.5219531023722825
4,-11.09899485415342,11.563200485949613,12.948835992691468,0.419142763529505,-4.102800583352848,1.1879128720991465,-9.121231253410937,-1.128742749593696,-0.09131276060123833,1.6169810453239752,-3.4100670625968856,-2.9760673180678667
5,-11.109890944495493,-6.417337248063817,-2.908776480932625,2.076056640975329,-6.861339580039589,7.2653655713918255,-5.205191226029883,2.3623915656792875,1.266857116198053,-4.1963766135123315,-2.452184103771436,1.975543193671168
6,-12.908521040361755,-6.285942191372112,-5.242107540369034,-0.15666262197251224,5.765110040197567,-0.42921414317525164,0.8301007166808966,-3.1523690773316715,-3.1612995339899648,10.394549683648712,-0.39599951485894164,2.3104663813600737
7,-5.736172813542035,0.5281167389178762,-2.7837688472806192,6.409513924498947,13.28176648853993,3.6234537636747164,-0.8934233723854532,-1.0866453018115492,-8.102341357542544,-8.374855962334847,-4.751186027210586,6.646366124250451
8,9.974453072766869,3.3455624677697005,4.845655430336388,3.4347019560483036,-2.9196787804973368,3.9694816404763533,21.086991178746125,4.317461412780139,3.1214190466063365,12.17261126819922,-3.0361844976337586,1.7371937234182746
9,8.098526082780896,9.057479524338731,16.15232439901756,-2.807766922882625,4.996159743289558,-4.980895533245437,-3.1413658471131813,-2.2545610550715,-0.7146604304410973,12.788684202700246,-0.5287490907524314,-9.180657213439746
10,-1.176309040614537,-1.229358575477892,-2.5765861035609734,2.151530068747851,-2.817352013320339,-1.3578170106119039,-3.377396821975708,-3.4125621026876023,-6.5791324894039,3.023316366331918,-0.9044401109674756,-9.175146771937001
11,2.014185372055793,-2.963379971835078,-15.507587741832344,3.182342599013022,-14.99426422769926,-3.0754209562223784,1.558849142522228,-6.584277320881279,-0.37324987017378514,-0.7268003967343545,5.711785387627932,-0.10628669906635674
12,-4.104520683385888,10.443368249401754,-22.051518624534413,-7.1316885283711,-13.111622003876434,-8.557623088359833,-2.3793645975541096,0.12324549227344747,-2.9656968323551878,1.400453685497751,6.834985346210246,7.7268072111266
13,-6.694263189422841,4.030998888520562,2.9723621780166822,-16.93761703159128,-23.380713795520823,-5.378876109512484,-5.151844465610933,5.427755799600664,1.8729299988065446,2.701943655403293,1.7627666072577846,-2.7833588631177437
14,19.807131679234455,10.371546526344455,0.5630106354246334,-2.2167106818179696,-13.435089552584959,-0.8152036143808948,-8.895553849029298,3.7204167258982754,-1.4177008362448946,5.01010203118227,-3.3678976917753416,-0.7975036830318217
15,-1.1188858382555904,-4.653975404038722,-3.520264984089501,0.06653561458295705,-21.457010760599253,3.1118901037440008,-3.9228658907267513,2.412172430936171,-1.2144771192450912,2.6256220097444496,4.235017075222366,-0.3060359160358809
16,2.905280064563362,7.276960844896277,-1.4810816858495985,-4.636794924127813,-0.37551087749247647,2.551274008896886,-4.192376369724468,-12.611504075478534,1.3380905286389955,0.41284458612909125,6.274477205714401,-10.499127837468167
17,0.6242133549281529,-1.8654120831313181,2.664866512071113,1.061479455962473,-14.166577459598074,8.63930952792265,1.0878238392119506,-1.000336297920772,-0.5528691636056317,11.492626039349304,3.1326936662805323,-0.3331811276017403
18,1.5117956795254532,1.9481964354612389,8.278223039240252,1.198144868928559,-4.3615003799905585,-3.0978686137467015,7.633497574499676,3.2795326776650486,-3.0157060808673197,-12.764850725932996,-7.380522516308998,-2.5676383297054137
19,22.00145138404807,11.624609297635605,9.419630431247,2.360614922581887,-6.4448361494103255,7.912415087223053,4.19911143001245,2.9260712101751443,1.4571478990267734,-5.161002927440769,1.6021195978534466,1.194504022888117
20,12.611107969770627,7.734240103741081,11.848739404183794,-2.8859375757830485,5.928284092825287,8.337505659278559,0.7671356815464643,0.2810573693440885,2.52969519094545,-13.925866892143171,3.5960255931226577,-4.785449950062499
21,5.166561496196961,-2.6172927739668865,12.327151577995748,-2.037246816012324,12.050841699297331,7.024035795610779,6.772557920339156,-3.7740620198298473,4.527343903839284,-4.302006147345718,2.1113378469433104,-0.85910472638753
22,-10.466410748812617,-9.146310325787992,6.40355852360324,2.403342692219481,2.277603117483003,-0.2595063551348083,-3.549600229579575,1.3050048427314174,1.2650883938661035,-11.23389960004359,-10.50150978382753,-12.684887308247236
23,0.8192962794279566,3.7898979355790177,7.385020518789486,-0.08935750093387097,-14.345427678555858,-2.5978732239835116,-12.255424330429156,1.9968093536338027,-3.65550229379109,-7.063245495971368,5.309207197354764,4.067844595227923
24,9.608542364774918,4.025556542435471,13.150156585233551,6.181956746140305,12.355870762649847,-4.5490542735372275,-1.570711219797329,5.443308077296432,-5.098061269643355,-10.218120762280055,10.8709033621209,-4.453576194996736
25,6.085095631072716,5.033110194060267,-3.281035658352229,0.700105317241075,-1.6904300098516503,-0.8740906405965893,17.44812279453083,7.49009134331528,1.2097895169744686,9.548008476593056,7.671619527193965,0.17575607068684637
26,10.528301119804382,-10.780659732769946,-2.1338310679610895,-4.6591871246999625,12.14446346127257,-0.7754569558464751,9.385905338793386,-2.6769571021503333,-2.9887782496457196,6.870647547196369,-1.5651611138363273,4.417909707493928
27,6.584305452448981,-9.219733725396955,2.205604601879509,0.8466178130130378,15.336057855158437,-2.199901752325953,2.8305270160947527,2.28598060656567,-7.238752376060097,-4.797509917191097,-2.9979044837611064,1.8306890385491508
28,0.35862161796920156,1.1270115010592403,-4.112978194897273,-8.392266621395033,-14.436479135435455,-6.707423526109482,-5.958973282453965,-0.9273815398313561,-0.49989519800458637,-3.315368196793965,1.0065351782404646,1.5814982458036773
29,7.983649562816231,13.38602261883872,-4.113757666276426,-4.439091909600764,11.159682941680051,-8.454527555679789,1.876120356272678,-0.20667200968885907,0.9307898477632173,10.843464802114331,1.9382378458976746,-1.8469352211271013
30,2.673415961314221,-4.098778105511958,0.5104942565061608,0.5286795618582745,-6.234567089956634,-5.47717498638192,-7.407691681719556,3.275924892069734,-2.6389486923509713,-5.910534385515719,-0.08781529628500646,-1.7708580664225988
31,0.6795312956887849,-15.972236388191885,-8.610417068004608,-6.29188598403517,-18.51532304591062,1.4011992751335611,-3.170456637685396,-10.355771388934583,-7.633231163024902,-2.409974613968207,-5.179769850507075,4.510824363450615
32,-8.254064995415357,-3.9013945721660037,-4.726039048056213,-4.7117805705994975,20.076736369911504,-3.689589734892456,-7.54218944481441,-8.18856553854991,-3.803759436218106,-6.286303379097763,2.722389341617117,0.9412335166517569
33,-10.239591446458077,-9.766239269959684,-14.943284846082026,-11.965640564962309,-18.703724597181594,-3.4861520528793335,-4.444852753561371,5.16531874938887,4.623757991255546,6.255611813798243,-1.534671470826986,4.146418958294149
34,12.760624315057482,-0.04378678239121729,0.050528109073638916,-0.9807622682075111,-5.191506686259289,-4.22481810211261,-8.66907839689936,4.655353829568746,-0.47562675269282595,5.309409749751189,-2.5645488701304613,-5.121578684646864
35,-2.31207731791905,-1.1665130884063488,-21.36330288283679,4.442918355367621,-15.96811334210999,-0.005103331439349116,-7.054483596159487,1.9439170950529527,-5.456414925808809,1.5983887205318528,0.27560614079845197,2.550260621065996
36,6.730362872688138,-3.6658575731348626,-2.3263278960877534,3.7818159649566727,-18.514481520166203,2.210113220068873,5.65848081057169,3.9137197142961075,-0.01514347492508134,3.7047760000034256,-6.695466866602703,2.7889650004858875
37,1.7942295600565112,11.445983457322024,-3.384858603988375,-0.6070020794868469,35.64373146636145,0.37568145868729574,13.912852568894017,-3.646688152940906,-0.40200615172483484,-1.7865021498683764,-0.3041266099530823,-2.8382896963430913
38,-10.202908649736521,2.4865585784522857,-3.759362152644566,0.7198081490944843,20.072078507773732,1.3293116997395242,3.0736365001268533,2.7227361542837962,-2.60269872889835,-6.137374469516229,3.9236012272232648,2.056014081805336
39,-2.701263878418475,-12.65754316777599,0.6240338476336732,-13.354903257623011,-5.452859512397221,-7.348057861002732,-21.03063740140321,-0.060768711323640784,-4.298472440060304,-6.763993083974537,-9.556671079324216,1.7147721873254191
40,-14.414359231384433,-23.50380722843871,-9.005879004999082,-10.995713828777781,-10.9582020798508,-5.604509070211527,-25.865303225663244,-5.903001852181493,-1.754368611744472,-7.493329189261612,-6.272331821675203,5.568006073561858
41,-14.455519009001401,-11.57548046598629,3.8397383990944647,4.935644950071464,-9.86779901142023,4.446678999735385,1.4185514315981798,-5.286405941661523,0.7860828759718914,2.7760719389331583,3.2767407133871194,-3.7021493902620004
42,-9.530802499274818,-3.1919777578845316,9.628375739467387,-1.1772506808748051,17.105141230991908,4.516039590446317,13.046192215413463,0.18156973645091057,1.4349722669136769,5.5239392105413945,2.4572643589000314,1.2490501780899204
43,-21.247036209672082,-6.391325542513205,10.249754045538756,-5.192441129562806,5.79314650173242,5.287063015966999,4.286162291254316,-12.301147337470736,2.245599535350897,9.799144438334874,5.822355005433973,-0.20837494153149275
44,4.233414757008455,-4.460317768612686,8.23875490986571,0.35210300100092984,-2.6601605835009594,-1.8379890310521028,-7.590838497998763,-2.642578422110908,-1.4750845955342662,-12.659477516096466,-4.462534089325642,-2.6379808897570687
45,-3.1444244348272985,-13.965566318558187,2.1889418278421675,4.213001351271357,-10.064661113583313,11.566126781458758,9.552025184339406,10.626321126155707,-4.293367682975166,-10.129746518116825,-0.7059803629408077,0.7967741279197591
46,-1.2268388161853867,8.314651617590261,4.318986556967911,6.650146093295545,12.635125186693456,15.286433471708882,15.798727534255203,-1.0716956951180283,1.6659098595988995,7.6092483656747,-0.9296873771414464,6.173827309693609
47,4.767165996590439,-1.8500497514496044,6.5401316272969146,14.865193919867885,-8.841924129700175,3.238004656470552,-9.6503315766399,2.9594225722308063,-0.5309896171092987,9.23979520949782,-2.0874799447400227,0.9981185438073411
48,-9.419255523049102,-14.459107707045517,-4.754427474980452,-2.8704206362670783,-8.239567853966538,-4.414191595297687,-10.263814349259649,-5.5635747775739555,1.729820894951723,-4.874392548385932,-8.704260420130224,1.9581127908765052
49,-7.335083926818808,-13.206637337499735,-13.922637185271906,-1.5272477506374826,11.929742861767204,-24.721775470947733,-9.640869253752182,-12.670087693354153,-2.29626143708521,13.89870969547738,-2.86758515299583,6.271961605214343
50,-8.866862666622108,-6.384113203506081,-7.918648541885979,-15.233981059522044,0.41016909845021304,-9.112024351650355,6.764033759126858,-16.91984695561078,-2.1588449836993706,-4.543803011884495,-4.259744702553262,9.441443839547585
51,-11.597914539429606,-0.23572169536990778,-3.9203470750730864,-10.553217318593239,15.197085493377276,0.6266257153177748,-2.556025276682815,-3.5013429619828047,-3.530562761942951,5.745916904235373,-5.783641914932096,10.947159376071424
52,1.5889312217430192,-8.894132485195081,7.369196526858271,-3.8644485060049565,-10.659239141118466,0.3916616190452965,-6.071179524216117,-2.489951087504017,-0.7603511849836427,15.319103492157799,5.806801965346142,-5.462047672013239
53,-9.116453102656774,-5.330166717763154,-9.761797582768665,-2.4886439296664022,-11.734918258628067,-5.050843805074692,-1.1918080388283243,6.009660717175931,-0.9493845932337702,13.476517558059825,-9.929122700641045,-5.604226951696435
54,0.5270654072566908,0.6514231314768597,-6.633036674893632,7.124169120983201,-15.446784104619708,3.8375220894813538,9.840282812410472,10.866968300877785,3.6844891733965097,-16.53476672543555,-2.0615554552297204,4.3508278204470265
55,13.723364893270999,17.902731005026368,-12.164606778825425,10.944659651542196,12.17026901853328,1.550709461679264,5.034671000071934,3.534838155824311,9.707763866502411,-14.52284360905083,-0.5016824323303846,-6.413486313454959
56,0.71834204999768,11.953072122165135,-1.4081131159042826,3.8946266077002702,5.968836094043692,-0.8135238893102018,-3.0185189356609268,0.3606828238282885,6.674130928151461,-9.779582508972712,-0.6236213743686676,-0.9821786296610929
57,15.572198917062915,-3.4849884108621247,3.320600080246828,2.9033428789401543,8.186341391838326,12.537926162992205,14.438386267545273,2.5151464960404804,4.072214860088971,8.703297814544367,-3.21209131576577,7.697490463451463
58,6.0714283529288915,4.929312561847726,5.8848163406459655,3.747416088167502,16.779305619852884,6.07451713450101,0.5010286891946987,4.100484579193349,-2.3556962414663665,-6.647483864913181,-1.7562746758363685,-7.721981841082475
59,18.398610624731802,-5.5183660108215955,-8.441290992863324,8.525870079592783,3.402519087402188,0.43394967381443295,13.50351778098515,2.782670000073861,3.374742192881448,-8.365368626555618,-2.782197042387359,2.6903131932628397
60,-8.48363097133685,-5.25591474163289,2.9048667610908043,9.988652628371302,7.843558154544052,-7.273575801478357,-0.41557891028267996,0.6109844324540119,-2.027665685938329,-7.956858718273591,0.7510537079402378,3.075128584491963
61,8.098572919867477,10.072329640388489,-0.21418040184950343,5.204059939299311,6.163965980617368,-5.483691281201888,-17.588695827795533,-9.117122958205185,4.020071277813035,1.2520363440318985,1.9063092017052126,-0.9234665261239422
62,5.079041758970338,-7.178721200370667,-6.685066004188693,-4.4044116640710556,-29.658663381119165,1.9759980516166102,2.2211715454349714,1.9220747138772691,-8.190081666926949,4.545879038012758,5.759073533573929,9.857860725753161
63,-5.275711689676557,1.4780373366511599,-4.886199089945579,5.61431593919287,6.029318142910393,-3.3966045428295524,-8.175725159596423,-2.730381721136521,-2.2416767122946224,21.27894259654746,-2.3123046713215962,-3.9295495529564057
64,-3.4077382665507647,-10.861785750608055,1.0098973804590654,-3.1699753525305767,23.366985904927155,-8.382923585419752,6.823379059227145,-0.9446430498239945,6.25056518036492,6.215722342534941,0.9855382661430203,7.652079599244254
65,1.149932075519951,-10.868239219091377,-3.6280600258282254,-9.250634650186617,-12.752650040144824,-1.2043089869679238,12.03619797862306,8.670286170682129,-3.816337063604472,12.573559525517785,6.385158167809856,5.730262033793391
66,12.106639403469709,-2.9088054424037737,0.17588160475906062,3.3083860053091634,28.395912970815385,0.8220275321177074,3.514820028628622,10.547897624726199,7.337850724594022,4.68776475227609,11.018392113702637,-1.6891769699904384
67,0.8190518538562619,18.015666339470414,-25.194227505399255,5.616590773116569,-7.19988708935526,-0.7552565129435792,1.5699930701936995,-1.5372968547198238,6.900793071912259,-5.253847901310239,-0.5316958874464035,-1.6188234917971553
68,-2.158053994178772,1.995893614024532,-7.169341818676616,8.941081893763371,-14.63468062877655,4.224577262085312,3.681755017261116,-2.466357092468106,5.404574956212725,20.473218803503077,0.9985291792307885,1.211336157151631
69,-3.625398005758013,-1.859531699394693,-2.784873921044019,5.982877619412481,12.742959601538521,-12.026968329840777,4.402730317634283,1.334248658991894,6.697918978576758,-8.179016653372317,2.883342204653487,-3.914995298093679
70,-1.2717962605612618,-18.16554883061623,12.770424181101273,3.7808735991010862,11.342821707530897,3.316053810168286,-1.2032151727043852,3.1739842855200475,1.3426358722986615,2.2955276169339003,4.961505280769601,-0.764617316272794
71,-12.536501115682174,1.7506784772386357,-0.025874559976616685,0.290527411869594,-31.015731962663786,-5.455037523289116,-4.10531682019331,2.397809701306479,6.85159710718661,9.25677844456264,4.407754283778521,-2.161569671971457
72,-10.351144632210536,-4.228947757154095,6.690119400316355,7.012284002133778,12.17216808740311,5.563834664772968,-2.5713308620817807,8.072002530097961,-3.8221066656465434,17.50749891509815,1.084903926721641,0.8351866463009192
73,-12.47435480447448,6.116914755227614,2.1715216186581827,-3.328926153328954,-0.2935363583418788,1.876159140193949,1.207005576211579,0.09262930617040517,10.543707477803133,-10.269458643027715,-6.435398139515701,3.3126020563804373
74,2.8794992493123424,6.287037187693071,-0.005333301972369759,11.280129291573349,-10.6987245526849,5.644891651917477,9.277230272487719,10.149651906928238,6.298157462051937,-8.170075687826897,-2.18482889082967,-2.5299415515393626
75,2.627589781806633,-4.674311533114132,5.531795308906204,4.20152907567669,-9.718674878684842,0.11545466221108729,18.999008064367334,14.574679454978632,1.3029932525693153,1.8910981714725494,-0.4849047682875273,-5.075321221838192
76,2.4725270733541374,13.954668018282677,-2.1440504619053433,3.263358856646382,-16.024114331420588,-8.045404692085421,-1.271950042065309,-4.2263868317312125,5.483128225316807,-17.38428321663214,-3.4500897964652704,-12.274461049206403
77,2.932230986502706,10.66855607957256,0.31589288446976216,11.5621132510049,19.310344698477763,-2.9439148332220406,-0.42043198614704363,11.81333403806297,9.568856730753062,-4.480307008386875,-6.001017543734337,0.3365749558623956
78,-3.3793325241731136,-5.579937146026261,-8.372808023222856,4.950515507435312,0.5049854492654606,-2.170512488453972,-2.09255790527986,-4.238714378099052,-1.1325063510816924,-17.96497662091742,4.710624297054446,3.0231932462478173
79,-11.374008151341458,8.988108523037969,-0.06473576505573428,8.28491099323241,4.945943759412182,6.214556159413591,-3.8008080264743493,-4.432170419060454,2.5959618140240104,-9.775447377136775,-10.42344963482144,-8.822053418171649
80,-4.773142498974898,-11.823833615652152,-8.78299107965158,-7.336826249044769,-2.409303548384686,-3.808488207812212,3.5972166785172055,-1.6667617863538313,-3.5561974383130366,-16.616188804714046,-2.774413045571775,-0.2513294355297575
81,0.1832979725939887,-4.546694434418971,7.232249911950559,-1.2775551016081352,3.521707161956904,-0.35488527161734446,-0.4712366838844455,-8.425673406951281,-10.223130003530152,-3.5376421055015252,0.1980891458842219,0.2041884806691384
82,7.270919444609661,-1.1496897911538884,6.853762173531007,1.4085569783132903,3.8479145801797205,9.696793332391856,-0.898597710594839,-0.8204321617982826,-5.878860933440072,-0.39523280640037695,1.5240813493728638,-2.4119840799545753
83,-13.51654594650074,2.665172221709271,-2.4278636294968274,-13.01810939640415,-4.819394420604317,-0.7364329774768985,-1.1514196274231892,-1.7787298797344675,-6.495445236259577,-2.725225397518703,-4.67744684538671,2.820034302010828
84,8.30198768207005,-22.964241949879394,3.520287276226647,-1.7626992542372675,17.993776929621795,10.330215496068098,-1.51772668258268,-7.1499539858528545,-2.570457944456412,-4.053773853243614,6.240149497073524,-0.6515144596294481
85,-3.6473750228784523,6.632528629838204,-5.858496075382038,-0.2936080183301653,1.539934689901313,-10.760695628973902,-2.744925727649611,0.8338347770729844,-7.359851874867264,-6.629359118792475,-3.6398017369970983,-3.2468778685647615
86,1.3777149743685613,-2.216635070893229,-9.230005627992202,-5.589210890841727,4.578553715530707,-5.882619363312819,-4.549168508271782,-0.3525500550714074,-4.750725475501041,-4.174447203169064,5.360882463199752,-3.726267287925798
87,5.153670556691228,0.1523258588751968,1.7748459468082505,-10.906009900934842,0.2128376328215307,-7.81093923717129,13.036359604524106,-0.9740298341731636,0.5698148589961383,-12.492178058289753,3.545397490871196,-3.8379730664345684
88,5.408531273506125,4.1311715041496315,-15.085223267881238,-17.524214338283148,0.6123744620352375,6.104450245216793,-3.772153596488797,0.023253331379014617,0.37197660730809584,-12.641481431163086,-0.19267570060126635,8.738769482355565
89,5.71985843291088,-5.345404561989161,-3.573618396204345,-16.62739416531154,8.083028600076023,-5.721844475336221,0.12071304175318504,-7.365033177734942,-1.10838227004421,2.6569544125576408,-2.718655901713943,-0.3574904671737126
90,-1.991135223787658,8.569403639329332,7.638945145798581,2.7555664741263097,5.751038990458664,-1.8469349839249436,-7.7371655106544495,-0.16463474229890473,-4.078513945852007,7.665056791840767,4.0258243789478225,-6.6620732789136925
91,-6.934774098955855,8.68494322226972,0.2928257627146585,3.2005202539113102,-2.074323148143535,4.241682492956823,-3.3295090724619065,-0.5705538645994906,-2.083814569881984,11.647759883683555,-6.2042029892303505,-5.268227781112096
92,-8.868356473591863,-2.966238947547212,4.344965652543671,6.509977386618147,4.3156014096980195,3.1750002764925664,9.535576684134346,0.2531399714703463,-0.06671991275281322,-6.048369107805953,0.4990581255786273,-2.9105852532143497
93,-0.2096629057611738,22.45985851969038,15.625683638514305,3.8776010214066017,-0.1771582228188612,7.361832570056526,3.6412352274875253,0.7760348611948441,-6.346324441992507,-10.935166660620242,-0.8163402044043249,2.2100455911297883
94,7.433236443266576,8.312752342953974,4.862886992340186,14.672208893055819,11.904117216394113,8.23389372047113,-1.2785573343233185,5.282726404618244,4.631045909256351,4.660338450451286,4.22542647591659,5.422765343773122
95,4.4244925291562565,-0.6672163970616399,15.528229010348417,-6.158663349492209,-9.016178588782038,5.982770472460864,7.747214329790096,9.966651283964818,3.6209273581602135,0.33118513044045894,0.9743740578391114,3.7284560707796897
96,0.23184094137074995,8.384415750600853,0.7158810949447204,-6.713577550892928,1.7183905620964206,7.873047979738639,-4.567007601869349,-5.71914893267106,-4.280356070520926,-7.03927630246902,6.339808274592672,-7.024120761423695
97,3.5223631201958168,-2.76166363151706,3.4879044823500576,-0.6377356897431369,10.215667392526354,1.9810203265170663,5.132783659258667,-6.795161671024196,-4.505206642710433,-0.014578265803200858,-0.9831736258098057,-7.274190019588081
98,-1.5245668161280301,-5.503942218362068,3.089766266394635,-1.4479632444527684,-7.918144256788857,-5.5464116742416305,2.744952518721016,14.550646173102516,-2.632659917583271,2.3085960417377707,-6.520425808064791,8.063687042466231
99,5.648339634723201,8.178056281136007,-2.348542562552861,-12.335754951044004,0.1650753386166631,3.992863871309222,-3.6151220433566036,-1.876590712642183,0.5667472761504504,4.418037028337012,-6.795442157862138,-0.1767637684028976
100,1.563550849502184,5.304923851879275,5.0547088965469475,-4.809637633209326,8.235196523520411,3.551346534368943,-4.212528542292361,1.2398088878514815,-2.5762282646432215,11.597157449138408,-2.3658529313243166,-9.796061073638954
101,-0.7039466731402338,5.63417945589338,9.543835439244095,-0.2464093158439714,10.922686121901688,7.171527384495248,2.4217462796641858,2.2987221695330677,-4.6035569367968305,8.461439122046743,5.260973173136613,3.6399372548473123
102,4.886480993154097,-1.958021701598654,1.7363171236855643,-3.758077817531873,-15.500831372427697,0.6694105589116106,11.208655490406922,-2.3628043872969493,-2.0758001554985435,17.78338442651593,-0.2587488442659378,7.300998203760507
103,12.324570251362664,7.107516667672566,-12.108046541408617,-11.489481906957772,-18.086000370507946,-7.102455738855868,-3.351715549522517,-5.3395980353258095,0.612930740020713,2.2616243309208324,0.4380415726681145,2.0298193522862027
104,8.68623254851115,-4.708395764535787,2.2288681755260544,-6.485708849770682,-5.1720722548815665,1.944899396020539,-5.916638196731101,1.7061527502171847,2.664202237007569,10.589500843262186,-0.7236149955768975,9.801407369423886
105,3.6018691804944254,16.772242161692404,0.34960113617838645,-5.667216114851893,-4.559400747016984,-1.2403941811347494,-4.782951087367778,-0.05818246335399394,1.651432376564005,-4.462758535633282,2.2161558081909103,8.037556964523938
106,5.6154132567688215,-0.6322026039872851,-4.653618510280337,2.0152901818557662,6.569091164335912,-0.4242272498656292,9.365815710048286,0.6188547799781877,4.561762859626692,-5.582126205673023,6.484078778296101,-1.194851424164918
107,6.560715045247759,21.884219213407867,1.145534590494876,11.321882516753917,22.730764948896,6.566978283986753,12.517673008295954,5.474116781536414,7.652299745350468,9.332305639982224,7.765757993775971,4.6275877486534265
108,5.461784267303895,11.69747638048566,1.93322576308737,-0.07932655802186654,-6.019377191455996,5.837757828284283,7.510745144012023,3.073950179681486,4.3292816390796585,10.432371573408647,4.383395078002798,4.191174877541406
109,2.481270133232584,10.752148341919694,-9.918706022355021,-4.276799392335269,7.239645343197852,0.1887631197364963,12.54102397086669,-11.132415921560355,-8.165167376703145,-14.065880137134572,4.14470606266844,0.03902015333272973
110,-7.553701043128967,11.61268698005956,12.369415670025106,-4.94346139047827,8.30784155648886,2.5699118327121346,-4.672684193189655,-4.04790562269639,3.5134696723247063,10.405371625204475,-2.466925587429076,-2.798971286385643
111,-0.5164882479881754,-3.1043705198229574,13.981507466763865,3.1199431994131634,-6.249428960741783,5.120035766490868,2.6462240886627413,10.236076637798426,3.273006003730151,6.818199439924591,-0.5571037172054758,0.857742655033968
112,6.601296973547766,1.6107779498002968,-3.1985036663863124,12.567358562532736,8.997855067557218,4.46292967699012,-1.8145854765055132,7.48542963971897,2.3352966664396986,-17.88586175563384,5.837184755169615,-9.454441679983724
113,23.713004572050913,-15.728029620890714,32.712855275796386,2.099500483396102,8.617823537515134,-1.3870904445648193,14.922015025299423,3.851469549597526,1.0449291482871892,2.9074008543880616,-0.0445980828027336,2.1816554440527547
114,0.7049833076949023,4.907605976626581,12.990107932869268,3.0981121647114658,-3.5453856891515305,-0.016094929709726452,-0.7754214272207144,10.926157070665944,1.970803908851682,16.402630858275355,7.2877582396779745,0.38772460575006445
115,16.840042228601416,10.83775500861966,11.092022208534942,21.512849350364842,12.292656951412862,2.3407478454161663,-2.596764939171927,-0.3711371002148609,6.0478063934311574,1.8203469064770912,-3.7160593088792293,-1.094211030371335
116,9.504661974858264,3.6764290606488985,-1.104874416881678,10.565709371347817,-4.255316897314422,7.321159337096068,-4.248891640074399,10.061176767154615,5.688626184755442,6.931255426942085,0.5928928801903919,-5.34690965592329
117,1.6733858001475432,10.902546917905612,-7.279068796724385,14.139121396809209,4.218032445226397,-8.727570334867556,-3.7302454807320418,3.344430645509642,8.749112679033864,2.0137337361063277,0.9647519168805103,-0.7262816660258234
118,-7.194863200187683,17.045827207516652,-16.960791258787623,4.557397702518775,-9.113344856670924,-10.224350104526598,2.575810726199831,-6.509849100696798,4.139472308207531,2.785468342961097,0.6318599192463622,8.291386963153371
119,0.6861015290630107,1.3750027420417386,-9.984605877596067,-9.429611393231518,0.6574458242679129,0.4118115117355269,-23.418347300619494,0.6683745846456411,-6.773109130105194,7.740472172900122,6.000402311889493,10.11814100158458
120,-2.360400480883462,-12.401489014528236,-7.487834152366434,-3.4115558455185013,-4.6276320778593725,-4.884292291743415,-15.221263921382477,-3.0861920428519345,-4.782613983491854,-0.49794825485774447,-1.1907957488176775,-5.1721686760381775
121,-17.898106156563273,-11.809883540990402,2.1239748934701996,-12.386074164692236,-11.890124904866122,-0.45675378429646396,-10.818906093738518,-4.007638559049489,-5.466793697707507,-4.355792135608439,-4.027384836131668,-3.8137003791575528
122,-3.6793908926905416,-6.153085597315613,8.288784134752897,3.3961185673061682,8.817117048769582,1.3366588719037114,-9.110812206657565,1.000242467285419,-0.35204880274071987,7.237371432537935,7.166125689234052,1.8180935492320938
123,-7.906600682102904,-13.284141081328295,6.888782422153318,-0.22816944760935648,-5.859159232402335,-0.06685449091755614,-0.9581112861633301,1.5114849951802467,-6.536967427146678,-1.6419425804396064,6.020144710127188,1.6245952625663913
124,-0.04923086020411277,-6.319100927333443,-0.9567866276721565,-0.05927299986099254,-3.925652192563427,1.5539687963164583,-1.0437067503831825,-1.2781059852972323,0.9004426841833153,2.805418222230308,-6.709165233130357,0.21364437803930167
125,-10.675419174894994,8.108193418809346,-1.9439501427874273,9.099899191029218,11.201694334420015,1.1554543258128118,-5.378855219909123,-6.67294763416356,1.7065860969679696,-7.207987950772655,1.891553679291083,-2.793316148981756
126,-2.4084736796057955,-6.21835970361622,2.1331411977203523,4.086751464678317,-21.949912382631886,0.8291193368483563,-2.633250075943616,-0.011704649244035994,-1.4875075646809168,-1.2566786055662194,-2.831828163594616,0.5458216335700483
127,-2.537021054905288,0.10319740766165209,-2.2357867171569747,8.916785009965604,0.43327625475975934,0.7240403969677127,3.1782545824440156,-3.1822125133203,-2.696967110341909,1.0299507598487698,2.2769572978117028,-1.475216109685752
128,4.819392418640913,-0.6559851078354583,-11.756687911721517,-2.1069716561813743,-5.890065283191447,-4.3927305900320714,-9.658343037476344,1.3954577470312313,0.6184932948375235,-8.110563473433864,-1.0943598047811158,2.861338260830665
129,-2.911838192112592,-23.93115166255406,5.913923555490922,-10.848846917249718,-17.35578058690441,-0.5906807333230972,-3.315121148313795,-5.573148012769465,-2.0443292612932167,5.645780632690507,-2.800698125240754,-1.3639314508740314
130,-2.063133955914147,3.2519069751914667,-19.055752920861146,-7.981631389762065,10.012562675135475,-4.273500250006209,-20.668848670258814,-14.547128818473038,-4.316689702929283,-0.20595671631851975,-5.403189539909363,-8.979632269363014
131,-13.609108248535467,-20.115646795350678,-17.392105775828263,-14.946434356120168,-11.104264423555257,-3.486434903680062,-20.748117763168956,-13.078981899485296,-10.500567193542208,1.3900519737175532,-0.6676097941033694,-0.9809428325721196
132,-7.996803353331527,-6.846556754744783,0.11337735093369776,-5.697616502034421,-10.288743986158956,-8.581968550779381,-1.5503039840960458,1.2691180588943618,-1.3903643598361892,4.1772614671867725,-2.699862611537077,0.6888219078584593
133,2.53562022958483,-15.329971684485066,3.9520932837408416,-9.764557112236412,2.931396620614188,-6.453427286020347,-11.016281596047575,6.0997118402500545,-4.801423631912591,-10.714337449900958,-0.7453569116032853,-9.811016917228699
134,-6.93754933014208,-11.789137831756047,-2.6051560990056215,-6.398381205237642,-13.83843530440817,5.52386301345363,-2.969533065752107,4.160494921158771,-1.71523551430021,1.5517509974995438,-1.9798484602752997,6.0936514504101815
135,-7.847326313962742,-0.07768786805016654,-5.357481473258564,-4.888030156797292,9.035459865112694,7.351206281051343,6.931054077586349,-12.216049058096749,-7.923479189830167,5.53256884886294,-10.456486168944714,-3.8229065488795846
136,-11.370948719735049,0.17080782992499216,-0.22354999731998054,-1.3481266998818942,5.517295743129691,-3.2344984788523643,3.0221826884211325,-2.9677319593575535,-1.383954651501714,-1.198365727249457,1.7509305629195,-0.987004531979827
137,-5.267588328342049,10.907691408176811,-3.5880392552258407,-4.840279412969035,7.4779632614583385,1.0753968111714538,-3.056837802334708,-2.4667519793218498,-7.484137187198717,4.490346119111898,6.532160221313943,5.500704704498758
138,8.899696392064191,3.953477691630928,-0.33872426286035656,2.791010011215599,5.784714779759548,6.5113279399823165,5.689281706907312,2.4391499637645118,1.440540183411569,-1.0416166453945392,4.807610487451359,-4.9722488364394835
139,10.326289378866857,11.984152679540673,-3.0355918428727557,5.284722289868763,-16.58779894347702,-11.766918173858098,19.11097228283785,-12.251757854101609,-0.4824925661087036,-3.9983846800667897,-0.513692315743894,6.512088217297379
140,11.97606570623359,6.712726903205016,0.9414237640341934,-7.7635612445218225,-11.962250806847397,-2.1596459717470773,4.280049184147193,1.5317040021930421,1.3225362246133843,-1.9795266490201562,-4.722193988610287,8.215100081599488
141,1.3572244084611231,-3.907887879683047,-3.9512033308951224,-2.461069796158343,17.762888601239847,-5.77009219265714,-11.97063653079831,-6.018916953583153,0.11311824832643781,-17.645079294029546,-4.343413641562267,-3.8256514102828745
142,5.31928430649699,-2.2498612297432765,-10.537567542523753,-11.448418481009346,5.4307173295896884,-5.192371370232835,-0.0725081307547433,-5.819963618200653,-2.7729368818049527,4.127551236931159,-4.654061169648657,4.579090121753362
143,-1.2199301780486593,-3.1736899079108727,12.43622662583176,-1.4460956150171709,18.27258746842949,-0.7687032125434097,10.987852493110967,-9.48115170701426,-9.38211686240167,-6.4390498959288305,-7.163499747612039,-0.12090850119688074
144,14.264239316083946,2.3061331972783927,7.873378391928819,-1.0570008167806937,1.145119574605202,-5.753545835158047,-0.8892039705295952,-1.6768303209421587,-2.996298060125234,5.627966816328009,-4.647048164995349,-0.4190883879758874
145,0.4416505887496228,0.34393124069486347,-9.450627290472692,-3.0029859944265715,-16.78127887130392,-6.996440948880449,12.886478954431961,1.521420914299634,-2.817112423935715,-7.251574220706005,-5.358057872677336,-4.053822223933375
146,12.060714912657835,-2.6823713949748447,3.6882518396085624,3.146528790191728,-5.0673312993378055,-7.803224635367491,5.539577197663638,-0.4720073518704395,2.4066625200972265,-2.456354542654388,4.67615274263888,1.8173121286898244
147,-0.5524404462502928,6.37314701354017,-5.21194198058576,9.565303699246474,0.3309762672502167,5.977610113669415,10.848108596339518,10.95026093508516,10.921171542941307,-1.7542721300709003,-1.8067091718620183,3.599604005108074
148,0.31025035466466633,11.950809561476415,-3.173654801991521,11.56781393289566,6.095975282240887,13.967549411009768,24.70960307121277,17.526678955676605,11.9994160341365,11.836005411585983,-3.555205291935376,-7.564729718833553
149,0.5569468408214803,17.64447162467606,2.0063299950288265,12.244643443701218,-2.4375370004955603,7.7872126614865,3.7344706252369346,-0.5929240669522967,8.119557071705254,1.9049779347011022,-2.9345765746369654,-9.197935336402484
150,-1.032765951083631,-6.662925494568689,-3.5316011212310014,6.5159459418180035,-13.548336659158979,4.531414115383309,9.903994209912359,3.7907116680729147,-2.757956942733453,3.3734633280914657,-0.3700993882150066,-5.263795437861462
151,1.3849758961979224,-2.8103232201264827,0.7812940326272225,6.867024019968753,-2.5117692807499243,4.8504262980149715,-3.5303856815610613,6.3705203045463685,8.275908451907489,0.5669977810918069,-0.07153500707782044,-6.622626406805856
152,-7.092577658137497,14.60844553185969,15.744804670007861,9.939592124248037,-3.8637522592836495,5.993708530250861,6.928518680893645,4.481830633416468,7.20041973082995,-4.4050995695347686,2.9964802873377896,5.2544499517095336
153,-5.826461153370993,17.77436873377586,2.046430712147635,9.315903933680787,-12.325481352757434,-5.437178030305979,-14.11016516752389,11.942632423371684,5.550955076606906,4.916253211546917,6.896192208103532,0.9743991712754478
154,-0.6820994043836788,5.533610454627445,2.078842885640203,16.62712549859164,11.18310231213667,-3.0198374493997924,6.2312890120915005,17.63073495691832,9.77374819772584,-9.759096331134135,0.9910733982616541,0.23590802416509513
155,-18.99820838929439,-1.9562787255462335,15.349993202151085,9.967127977661333,-18.034343998651114,-6.067250158713788,-8.623842981244836,2.211052893375864,7.526010260746187,-2.793374076789739,6.432795198596254,1.4506024638456958
156,-5.870866232988786,0.6178311863724066,5.418652207267527,12.019242785414871,11.353232693459306,-4.135002169682055,-0.22906072772279076,-0.26197693420916185,12.004978210342173,-0.8490346402538066,4.116472232402588,-4.804625884914885
157,-17.31343157680667,3.228147571792408,8.152127887521472,16.039173028906998,-4.239386910078477,-11.55314806711917,-20.52126923750858,7.261397763174408,1.468034772088333,-14.105485365650027,3.40548403773989,3.4238569426293277
158,-5.654719476797143,-8.350110910376724,2.204734898343378,-4.518510541137384,-6.3942393599724285,-1.7016082174923954,-12.848051818657895,-3.0060074718631045,4.509119796196037,-2.3758286225552463,3.853869723726292,-0.7600186281666463
159,4.615312128650899,-1.4768018114323518,-13.141289864571727,-4.748657609279058,-17.162565299442836,-0.6118060715344488,-6.429943291204316,-6.401185449897026,4.908965919090777,1.193594217300415,4.068353013116486,0.1914652604229596
160,-8.120529272118393,-6.407805262779703,-0.5143906267321839,-3.2309225566533146,-2.847428621078024,-0.4210349538705635,8.998462003408646,-8.677239095069924,-7.625204831665876,0.8020703014062376,3.3733064976273752,-0.8393321870541086
161,-4.809488922357559,-4.281894815363446,0.8885384360138251,-15.206293797918729,1.318954560221458,-0.43310695619450656,1.789496236917924,-4.1058200225994295,-6.649642170691977,7.400549477460433,-5.160370173160823,3.6668858175375023
162,-3.037058496961788,-5.082837279962034,-10.101505240615534,-10.131003398068097,7.020609760770992,3.8260733866874053,11.112101183862102,-2.924012916428702,-6.609676706547639,5.0372943926830684,3.57021549526526,3.5859314118112837
163,3.2951978813020553,1.8317314684391022,7.712156541493474,2.8463325689033585,6.799934036877691,5.64524691506308,-3.670372939839655,-0.1565130590176096,-9.342565178262944,11.977893508210474,-0.12149008815842015,2.451809565935816
164,-14.347840114515655,2.2798586913517545,1.764007496590517,1.7749901134140638,15.775136020718788,-3.5768243007513942,-11.32498716760655,7.372973442077637,-0.44932020379572496,4.267059835852409,-0.3539091791121327,2.8084548432760092
165,5.845305498461334,-8.92816899656033,2.8014097543319267,-9.659601027849225,-10.430886776015466,8.059149607711909,4.368354308361909,-8.661755520470289,2.1889994307136047,5.595709964632988,-5.036581644066135,3.69924112850306
166,-2.4804934920096886,3.1381426861091537,10.82454011148336,-7.543224091204453,-6.9418348517953135,6.335477616105761,-1.7463924355652867,2.275723302850918,-8.627039228775063,-1.5416929113621614,-3.8396187435303415,4.898418348662707
167,-5.508527325124157,-2.4306186042269884,2.2052088194355672,-2.086799675104569,17.319176465881114,3.6784912186617755,4.620690218268001,7.772218418364623,-0.6283754414441635,5.795705945744198,2.476921893504201,11.384946012983518
168,10.31442689500293,-1.4791450564350401,-4.057117159269294,3.1375424606459483,6.869545158074827,5.008153428228534,-4.062387517520359,0.5065277431692395,3.3828966413833657,13.686797053230052,-0.6064979665133418,1.8565967314097347
169,-24.2048494791498,-2.070554346454387,-12.836073849882398,6.641880658208107,-10.530227485968142,1.6681916351829256,-7.722950795475318,9.268650740993266,0.8185917777674538,3.9628880299171625,-0.7859176934069517,1.302191787836503
170,-10.58169184412275,-2.9368040719810797,-0.28901546463674427,0.6150095614851737,-7.486928045749664,-1.976951736576703,3.16202037553398,-8.091734521243037,-1.8558822614806039,-5.095341350731193,-6.884487873437453,-6.341087465592641
171,12.823743074163033,-11.870183961732048,-6.129525359796018,3.129372919092373,-2.7638563988160114,8.751027270980483,-2.9784446468158645,-4.796697897570474,-5.665729233652962,-13.958506045292834,-5.495210585545521,-0.7210412730976027
172,-10.881959918202186,-15.318327903139348,-7.754644659100746,-12.94344002859933,-1.8959674324308122,0.8157625797071627,-2.201090802951735,-7.175882415199767,-10.126036893956515,-8.298204989457616,-3.6156169109198513,0.5896868194852557
173,-6.331958627214237,0.3721773721733872,-1.46252391715439,-19.944792372839792,-6.006475039890835,5.884187738050003,9.965898750387893,-2.836115151643753,-2.9741599359074415,-8.78136648450579,-2.877987518602488,-4.096514563171231
174,-3.5431304184757932,-10.308085006110522,0.31045535632542204,-2.075130447441218,20.1663928810431,-0.11799179777807119,16.040478596881943,-3.587130720670126,-1.0857147100020428,-7.58518577291041,7.142033615434657,9.16079485051486
175,12.578255736097997,5.309706488434149,-0.9480496730123248,-13.944199169168668,-16.983651915983277,-1.1023878436915728,-0.8620200420216638,-8.569999952173355,2.8791762590408325,14.678171903503184,7.419880947288202,0.07583600100205869
176,8.646619471968437,20.34480345005892,-1.7147448208867286,-2.6910476854869296,6.373974186729412,-0.9731743114487249,-7.44851061154385,-5.849913893913736,-5.944415542544151,-7.885082287447793,4.925516911459212,-1.9036691612278929
177,11.253742117054609,3.9653217670868854,9.359624456994387,-2.9908649751118253,-3.229712948507192,8.58713846486442,-0.4436003067055527,-7.560058672057123,0.8610720079468221,8.597364138583748,4.021891326928626,-2.283408318247114
178,13.574533100639071,6.772135501613422,0.6367567753305241,10.281699258453992,3.369892196691766,9.293994216286407,3.8105155576248557,0.6827772673295469,2.2435518916772335,-9.179159662553243,-2.689573972504966,-3.19373688588337
179,1.8092365535546322,10.223374929963326,-6.493270409350493,6.3525209177513515,-21.1654228507256,-0.25830270988600595,-0.7831847971799423,2.269382671434052,0.4881528936782662,-4.838655965668814,-7.175331345626286,-4.92725652365052
180,7.084571553736317,-11.13432878134202,-14.440439842945459,0.9029954647531315,-4.221558964222061,-4.527516358056847,-0.2561196229439609,-8.414322097386632,-3.7507132966907655,-0.7768477706276641,-6.0546048046374805,-1.2417226153977063
181,2.6203998452698696,-9.692224611623251,1.3552052190109176,-13.192851593299787,2.9860344439440842,-5.644527382008275,-2.800422021320888,-9.679137863066732,2.0295179328139947,-8.801241492738528,-1.2801175993316027,-0.23432549955893536
182,-1.1757353896997413,-16.948911481974076,-14.621187824375776,-5.728108958322174,4.323560306004116,-0.2619130064030083,6.764452163054019,-4.0058618382531765,-9.214571708623243,-2.1503588399108575,-2.9929458190667995,-9.925296808383903
183,-6.2339675046351495,-16.029602716163712,16.157490810569453,0.9541491355214801,18.846080938164068,0.4423180453631343,15.584969350269862,-3.425009670116159,0.5853270830548539,-11.861145659368866,-11.708844155681376,3.9119755987610136
184,6.610456844373625,4.239093471546562,10.674913775251836,-6.007670628705195,-7.405396940756817,-2.779468451227461,6.7199792322151515,-15.387682335717338,-3.1500983128742295,6.764658052094129,-3.909327190749499,4.945277738631988
185,-6.368256362117067,-2.998809897169775,7.46389178353913,8.3471968818684,5.0383619386322644,4.137723948882551,20.54514558947816,0.5540976619730438,-3.9432290350942285,-8.002615268133125,-3.300758740731648,-3.605768603329756
186,-1.3561471895295747,4.002227621419089,11.790263428675885,3.922290626837283,20.958150926901368,9.755470859761141,-5.519391542794753,9.013493437548073,6.79204105844303,1.7252445074976708,-3.0733367943261958,-12.31376561704947
187,-5.001052981432603,10.740750235562421,-2.9499181040695737,4.676385474752407,7.546599757914641,6.022686957704778,-3.143375038492436,3.1791825124195645,-3.189914266065675,-12.711215679742851,2.9583714860622123,-4.281455002877177
188,-11.317930514715156,7.724583077795652,-9.342103298221316,1.529885092560126,12.769184852132993,-1.7722725673597686,3.75290667402501,2.324850787921828,0.6638304055953512,-17.014893924703404,6.369838837458163,5.408925902478549
189,-5.057993294633165,-10.310923767333128,4.091073607911869,2.2544579822189954,15.815699954118047,-8.547631021893146,-11.472091290111445,0.7075866375650678,0.3437829096706546,-14.091177325201581,9.71815806140705,-1.9825973421031116
190,0.21321011091373404,-9.079733341932297,6.049512975069941,4.041725415356305,-12.295598761159546,-7.20937250858667,-10.903950148699234,12.463610875363253,5.366127162259453,-3.2047861911812605,3.278110988286077,-2.0209072560680155
191,16.109729841047404,-0.5825721116698518,15.62286081545207,6.974613617877571,2.703024240172639,0.3562481999397278,-5.745008235303115,0.2523645199075037,5.729733890112565,-2.8281042186581358,2.173537990268396,-5.499544732424678
192,0.5293630526847831,-7.783880209512248,16.77248199740235,15.735355503705083,-0.8358059841759351,3.1212913375727984,10.318998161627322,10.302657216179128,5.490439200583769,-16.39458747056066,5.656434841910187,9.227347918919154
193,2.356938969724032,-5.802743507283075,3.346080998985135,13.890676922944127,15.35284482702917,3.558505822353217,-6.678904971297906,2.8211101755803947,6.594186166111304,6.20240491750289,-0.32913914068164873,0.9926456809043884
194,1.5946497479263617,-0.07741602160492722,-6.239027113330607,16.086581694836518,14.893902372340767,-1.1797849768582656,-8.230456284114293,8.261836356046249,4.114054001478136,-3.433440008941962,0.32208460447739584,-0.5074036194353687
195,-2.568398175190906,-5.668353517444766,-3.5906089495639413,6.295979409801717,-14.058064443724495,0.35625686815806795,-12.767159908401723,-1.6111552356457224,3.6668896784587783,12.584015242299255,-3.611534150469364,0.8643730614258318
196,-4.720270211903417,0.6598214738223017,-1.8886238993430624,-8.412235303800934,15.355021762604617,-10.07333999263997,2.1248519809878603,-4.847852867476794,-0.2111889841605206,7.311956755436805,7.487390022952946,6.995561203786305
197,1.116625998701368,-6.207466104809119,7.604734206078004,-15.137144743788,-0.5085472330755118,-8.683002581249694,4.815303276996223,0.8026295146163629,-7.522361506612933,12.608048660414559,6.24944318891788,1.228304156976543
198,7.504064173114543,2.900824250007162,-9.256526307183869,-3.3748686396497853,-8.515471392748307,-4.5773205964693,-17.738025066803914,-1.662305043668163,-0.7010005019149002,7.329426935740879,1.7535645621163505,-6.21002594564034
199,4.128887448992048,-1.7560898576463972,-4.268731680451607,-5.183159260117278,-4.159361245680828,1.7328896825676974,-7.703676913465772,3.0147447056916294,2.16466238912271,11.115854204613335,2.211669176512835,3.7969080836189035
200,-2.350429333974512,12.675595057101882,-7.822289087942669,-14.154584884643555,-16.064882188427205,1.6896553513955097,-4.7807115632660535,-1.775911481594857,-2.358101085132482,4.260908327540573,-5.8104128265867425,-5.517380083093838
201,11.421554018040093,-16.21041221642981,1.4126671174807208,4.796982003304613,6.977068901062012,2.6336946365784626,2.7472983592627,-2.111163250037602,-0.5992432479955712,4.475831158307134,-3.0773898703711375,3.7613479130122127
202,-0.32362184141363415,4.366872676020982,5.485880242014418,0.5429708969836332,-1.8042668761039267,3.653460200343813,-6.465382933312533,7.552952611324739,-0.08503771734861088,4.8615445898731755,7.2703035397797215,5.186975360524897
203,6.403090479726694,16.792259575152883,-8.057308734679708,15.131798030162344,0.19477478825316138,1.594593580888242,-4.470495181728382,6.318373616252627,1.3942010475664723,4.597949982069585,-5.148598726914853,-5.5815286679497484
204,-0.9156971999577114,-3.797824745655668,4.978111220865833,7.63044371410292,-22.12888703784164,4.3207816578903975,2.020988252698159,8.084680692881953,2.759604528242228,9.01699261488963,1.5893022868098046,7.8770723683493475
205,-0.3096859795706613,-21.369295439207736,2.738992630218973,0.56545917446516,-3.021854353802545,-7.609951597524389,-15.716015062009802,-6.469102689198086,1.2485425615189027,7.970179566315243,-2.3340732498968744,-8.457320572466266
206,9.88569539663743,-7.84170424603686,-0.9743124013956712,-11.682324900919077,-6.2954332877178585,-4.848785017217908,-2.2654046270312094,-2.149388332452093,0.10528051457843002,2.812498175368017,-7.208606863508419,2.5296839080294786
207,5.425670364681555,-5.074209671239464,8.062005302127528,-12.390658802523905,4.4934224997247965,8.866946738593432,-6.98195329430152,-7.526858711729244,-8.45124824132238,6.674094739008923,5.536927412967293,2.177868201720471
208,-1.2248981874816272,9.901592423721235,-9.875804803809341,-9.277028564287692,-3.2889938755911223,-8.074039580870648,6.145474391780337,2.1055304280349185,-1.4965718230422662,2.627846953820209,2.378856482478429,5.799174053936588
209,12.380153702686028,-10.992535994369156,-4.683590380512938,-4.7135591123025025,9.222959963642822,0.7420298302051972,10.25631108758401,8.959987380522854,-1.8985822909340566,2.057528869838131,-7.718530837370425,-0.3446764933819674
210,1.91842881879028,-1.9210090539893325,-1.0036033901328942,-0.7229763488380276,15.373776404225097,-0.11840856136107931,8.934258384972203,-5.554701587375329,4.6049260722131145,-15.883931431083047,-2.780117475351661,1.7992185938115022
211,-0.7807551196643284,-19.184696202375452,-8.440461631940336,-2.583851178081668,-13.84272082241214,9.255625722359637,6.493578888932053,1.4386712011634086,2.3387236278884265,-5.549924802415225,1.2068941263215882,3.5065556247623597
212,-2.4495799410708097,-2.55658286566637,2.1982540500407315,10.714490196534566,16.296723983725723,2.7770508996077945,-4.97964747584596,-6.380450299807957,-4.0996814662096455,-25.137927135642695,-4.449269413339849,-6.125447642438266
213,3.714184055827102,-19.33399971528929,15.177356723619967,-7.7424866762392375,-13.128140784191842,4.393468845559626,1.7660891970201416,8.87334639138105,-0.7431128402145541,-3.1585498075095977,5.064589108131369,-2.955125811148663
214,-4.046879489811099,2.71154091682057,9.506768236354906,-9.013969884843242,13.764364169568431,-11.99966126893248,3.5952003257615224,1.0127980569187476,4.466486578084985,3.1978397691736418,1.2856674273403323,-0.46507587983291976
215,-12.928468901283887,-12.984999341624123,8.102291844329056,-12.858951606312576,8.729264402876096,-8.0368699574729,4.698156313628567,-17.493326255253383,-5.671437127249582,0.6169233236994062,7.952724316594552,2.986081354472102
216,-3.912920512411059,3.6841117691020577,5.096221895242224,-7.754194806120833,17.574431683335984,0.7953494527206129,-6.874304711818695,-8.22984004203154,-5.70752919267635,4.8547243054728115,5.208513562168394,-7.935073543568047
217,-5.941870511794577,-1.3689332616572478,-8.291913446571145,-3.151162781277481,12.302610540876584,-1.2565146356212848,-9.538845984303222,-5.602603132323343,-8.3409339907218,5.555067938201281,-0.9369227341851409,6.829273657531155
218,6.179111701569387,2.9185433375592136,5.793187620688458,-2.845762153061069,2.653246124179996,7.312498399797751,-1.7507475997720445,3.9856293736671913,-1.3247336258693618,12.351535303252083,-0.1714765009831409,4.393163387264524
219,-5.424976189905892,10.440100092744949,-2.980870754743109,1.3428832681811587,10.074072018911949,-4.863751633434879,5.888001563597698,-0.42845225531835945,-0.8104399150731613,4.726050055756861,0.0844408030412635,3.000977033863262
220,6.984613044529545,-11.071565356789803,3.6416448598005333,-3.6862671253632526,-1.183063726035916,-2.7453143668113924,0.9452485236890462,0.07181923000179992,-1.1183861007495803,4.02735824844971,-0.6936960300924827,2.672080415244005
221,15.79183028364668,-1.4374573078690742,7.6588694806001625,-7.181685229953454,7.422435770533522,3.813648907201631,6.2580223667378325,5.119989302389476,-0.17229654685575135,10.267325322238767,6.0028742454489885,-0.08749079118881907
222,-6.69953424103406,18.978756433847,-4.512019281484643,5.135278293672873,-3.0271993220156554,-0.8299714503239612,4.19684391788074,-2.4774556701280632,0.5084675854566146,0.6234265529379552,-1.9826317466035182,3.22307275752632
223,-5.029234080898519,-12.024350171186486,1.8748314417138392,-4.671609816502552,6.338007198304546,-0.9800678893011443,5.609379226455883,0.7388277989717162,1.5417913350523735,5.73249655597064,9.110696026257106,-9.155456710226682
224,-1.9329854590552193,5.529073657429948,-0.2193169812766873,10.34020071704777,9.935394340631913,0.1337483748793602,-3.72184064436932,1.0002983285456288,11.92188740384822,-3.2213465498418223,-4.222136405961854,-7.448683123503413
225,-4.619216139219245,9.720915163049893,-12.847745180130005,-5.167108555229342,-9.198018095931229,-1.658179031951087,-0.9927036969029174,-3.746810408271089,4.103029511108691,-12.428983630726533,-0.9072529399121294,0.26895262726715635
226,-3.478713348203776,-2.7599476083200805,6.270986077736835,3.356584276471819,-0.7664928734302521,-0.8438944104982882,0.2757026401101326,3.664079649107797,-3.480382497821535,-10.457817323562898,-2.9683187278557797,-2.933076182190253
227,-2.5393663565723266,11.646315713318026,2.3928196646121083,6.721018555212994,11.871259239255165,3.558886710478335,2.966574401214567,2.8099069643993766,1.9590210023583199,2.349642032871441,2.0722060248407783,-1.1142165596235771
228,8.802803612485224,10.720101641453041,-4.037613697197973,3.490271876661145,3.4601223079525694,-0.9404835062367576,-4.005934320238172,0.33039836251005833,-4.5365015995137545,-0.10009433237873779,3.302312049634603,3.7729695506241856
229,9.214979192432093,-3.733309936158511,2.1879068488369184,1.1242079354670582,-7.884102329307673,0.80142505622792,2.1525406399551703,1.8580272532239253,-1.266346700033363,-5.915121803478319,-7.979584045860232,6.137538885583683
230,0.34662960804238613,-4.598352485773515,-10.94167536664374,6.086691556916553,-4.6905277967453,-7.007027769575314,-8.141150556656779,4.681002468478923,2.8827165024621144,-0.8168849537567217,-1.1089802095476462,8.057317873044889
231,8.55483842663923,12.807985144002098,-6.434345968523804,0.5652705285013938,-14.433096526836863,-6.227437002166194,3.6318171007596716,-0.5640159966994305,-0.7039502895608241,4.152416394681347,-1.9449857137337023,-3.6776176583097904
232,-5.012758449632294,1.441262397230888,0.8130371195777338,0.8414281132269879,-12.373015116672127,4.164314911073568,5.686004543791012,-2.4367700121840654,-3.2571594140359332,-0.8374193675664007,-7.776959467375157,-3.6106499252473814
233,0.7054593855020951,4.156581235099203,-11.181965877511063,-0.7177059334151599,-13.658674308231898,1.1811492388345757,9.100875730417213,0.8305413722991943,-1.2107155858253946,5.456767003070944,-5.170937904745949,1.3719938351031469
234,1.4242655164657199,4.783801713464212,-0.37715002529475156,4.94348239290471,-6.290911680581618,-0.49538604458984065,-10.726513123938016,0.9927850818755676,-1.6557064238859682,1.1339390247642083,-3.142293807803368,1.8947306544500955
235,6.96686069819392,5.622641920435186,-4.46610208570349,10.956278495642604,-11.392566566564598,4.213208337219394,-14.094221115112305,-0.7987166141368904,4.330241411468204,0.3759867281329875,5.108757027557918,0.7196529811742355
236,-8.546994890485491,10.886687508651189,-8.673764856494202,-1.5660328378482742,-14.25501875001557,1.5466519875489935,1.5871717209110454,-0.8343910143083456,3.853628227601246,-16.35512093500215,4.274649769675975,0.8914858218358488
237,-12.09593325245137,6.900284227059812,3.3745062412047875,-1.0425667942178494,-4.6590140376772196,6.2471723355809035,5.610905725128797,5.559475229710949,3.5593818097698446,2.6378467764173235,-3.2843324773165645,-6.168861319976194
238,-9.134124257126633,16.46905032530123,7.403873939903415,0.371016686136017,-4.709356050102079,-1.1574197642657222,12.09167815471182,-3.2270151352395815,-1.2423832970006126,2.6598969260040595,1.456823292435432,-4.185340992954313
239,4.313993318956726,5.225430774445436,-8.76750910282135,4.654526778629848,1.0645811168514951,-8.985907470693393,11.309411772659846,6.767892388969051,5.012380277015725,11.710205190035762,1.701955723519228,-0.8063392943265487
