Timepoint,24,103,104,107,124,173,174,175,204,283,304,353,354,355
0,-15.314926533066497,-3.3344743884339625,-8.062346786260605,5.365485103154669,-13.021583204366722,-7.501972724284444,-13.185207319502927,-3.569830704100278,0.6972530682628252,-7.696550661203813,-11.685071906264948,4.675764324105516,-8.170006138405629,-8.20912913643584
1,7.304177581028519,14.320727236416875,-17.899815604394796,1.9977458803629389,-5.488750128113494,0.9375506843231163,-0.4728941370029839,-4.397972604449914,7.007717161762471,-17.220592496469997,-11.893795650832507,-5.6745359459701845,-1.2834721049483941,4.136008325888186
2,20.686842374655665,-5.602320574984258,-0.5367132960533609,12.922214055167776,-0.2124699524470738,6.502669633651267,3.318444560985176,3.172828644514084,3.6184569561892017,-6.071053110823339,-11.450575266565595,-18.11353576913172,-2.8390380971285762,-5.905910290378545
3,-10.175370614747612,0.24900286538260324,-5.536625797651252,-1.349601606933438,-11.324188200490815,2.7194144306134205,-1.8766715593483982,-6.73996530686106,-4.45754595921964,-4.144045295155778,1.081737489116435,6.9553906795929885,-4.951609729504098,5.379034106220518
4,-4.720154792678599,-2.053877886460752,0.4491262387256233,-16.17656755690672,3.5244321969090677,-9.471713278366595,-8.67296194665286,-3.1196421786230437,-4.044495489296256,-6.197857533182416,-6.2623687058079,4.195328109118403,0.9834211048270974,0.083861698985708
5,-11.27812185701059,-7.063871079561662,-13.954822631514801,-3.03919858698334,-4.9463478582245965,-5.926171040048405,-15.929609251265623,-2.315604404527314,-10.554498314391822,-17.256839229136098,-1.608486826626622,16.034767526753093,-11.482684975375934,-4.1739769456337905
6,-3.6181053008352007,-5.120452732455973,-3.3844563328489965,8.292789439765775,-14.473406538671377,-13.67777238816631,-4.289733446374232,5.202455075419679,4.019533017460181,-2.972162762466742,-11.490565532324265,14.44689415060744,7.784402229348007,-7.195192332018395
7,4.1295482710916165,-15.387874737762067,-6.4704504888884875,4.235509626719416,-13.596369743043063,1.0394669942253707,6.181297714917028,1.4224585609472529,10.570799642679642,-9.583168685740354,7.372819871318583,1.3986469300425783,11.937332434313637,1.8292951523041239
8,10.974446857690204,-15.611518358697696,-2.5069802512927932,-4.601529821829528,-17.157518501184423,-1.803486141623283,-6.370826902438183,-6.079727105340179,-1.9489216999131806,-15.231667431033387,-12.957380737577166,-13.19577740893072,-11.286928760762118,-3.9981586093805275
9,-21.922365343388247,-0.25396033634944837,-6.174486469249336,1.5690593768139274,-3.8842577967716725,10.10364581979051,-14.915713463510786,4.791845580753015,5.975075536844682,-7.938675509423626,-11.568628593975184,-8.838356228507294,5.795144736158605,-7.11146228654044
10,-3.5660014788106995,-0.10083133347180424,4.141890379847313,16.542850952975606,-4.451892087045981,-11.99580598364071,0.03126882571651011,-3.2237590794660607,-9.855972408031931,-3.8470219592658843,-2.364153134275456,-7.968030418668475,1.5090550208578304,3.9065604559621034
11,-0.42079005557663585,-5.855288897850076,-3.5448639514494915,8.636834838560649,-2.9342381832550983,-0.004564881932978727,-4.708207769053323,3.021341024004683,22.029719563011003,18.606333194338546,-23.271970449661723,7.14322994923105,-0.1390005144841817,5.615928242553253
12,0.9616850027624442,-4.628689989751699,-8.042125694605769,-5.802416597093854,-12.345602626703224,10.167109949856389,-3.025059304979383,-6.635228478178686,13.201598748868825,-15.92130385612955,3.1905608566439883,5.554466610052148,12.772719850345533,6.818021780374099
13,-8.871911818275647,-4.59036315768501,3.6736914856093272,5.135480552303548,-6.792320090897229,12.565230303881119,3.6861478777564303,5.860163119374489,4.5846501686135115,0.4630366822286528,0.5435479599602369,1.0872831782516168,0.5111266642200704,3.2923371463405844
14,0.32112553168316277,7.952290697973602,11.860422057916923,9.901710622164668,-11.758535222739589,-1.9531207060327336,0.7110157840105952,-0.814043149656179,9.951089682627698,1.9282946163522345,-6.12241835983432,0.847030520439148,-4.291717676483855,3.8163140242805285
15,10.944227233224986,-1.7209974843628553,4.833540994293836,7.780398899803356,-18.992662190478676,-7.130442466054644,7.115729434149606,0.3019839844533375,-1.108496070820458,-8.509759794844657,-8.42370431520501,13.245884210479502,-14.375560364857012,2.9360934508090115
16,7.7627643030516955,-1.8749950694642505,7.788427794466213,-2.0107516123324025,-0.9006300483431134,6.943780447755541,6.687410067044655,1.9649968135113618,5.185371414739258,15.842568280745526,11.374422643865858,9.286114483463521,11.911015472545916,2.3001979971874733
17,8.012820448194232,5.624313953579689,0.6475838702552172,-10.416143821210277,9.096138820964462,7.057450683749452,8.72958461970699,-2.367682917993896,3.6260073858750412,-1.8511662753869076,-6.315785945982349,6.275453635624477,14.978121357779873,-6.018968575463003
18,7.913614171500108,-2.741385885647365,-6.117126311574664,9.994458799459496,2.575131576888415,-14.245781533572138,-1.2999593931801465,1.0278291221784086,21.260202130492853,-12.256134733861806,-15.678139864790197,2.1692174758229936,8.098494829933102,-0.7060302727076472
19,-1.6950801051392848,-5.8642366942094295,9.321121513539431,3.414144438444352,2.88266021134902,-5.955619567511033,0.6775415746533141,-2.7727449451174055,-7.67903750769946,11.257782015265251,-13.168031360421862,9.819908460792231,-20.492958516490702,-5.7359873859249815
20,-7.2476954119546075,-10.721801526692449,-20.447533327706005,6.086300519352057,-6.009495469380398,2.2199974960210374,-3.744717787723152,1.1725369556902014,12.14025550472493,-1.556328931633307,-13.529798932829681,1.333681892375557,9.69969564068074,5.200408947711089
21,4.920821539601501,-12.517591179633627,1.4911129322587227,8.926397118033195,-11.049398957162488,10.069530353254201,13.407361210304863,3.2477152205395456,2.8575051569817016,1.4571671704856717,3.841230174716638,-20.41083033474124,-4.391188833178306,1.1196034149247773
22,-3.006543577933798,-5.42609165274367,8.381463205936004,-3.5704747648263466,-10.19319870277327,4.706230703665286,-1.4079832736478777,-6.838234283790296,-6.356591477077835,-17.607604284675755,7.623636951251906,-11.096544630673467,-0.059370819403200735,-3.9126457863924453
23,7.1148174922077025,-3.5005490013531277,-8.20298758004697,6.848875360525384,-14.081125994117892,-3.9226292931303686,2.930573132573342,-2.663135279198082,5.314717560398336,-4.261613878668571,-14.89160681850448,-11.421625631196159,-8.771612938569517,-7.8035149720250345
24,-5.18294881801216,-5.150778635576064,-5.467111343023729,8.661538116785945,-9.40259552731806,1.5180923817109089,-3.0858385368269317,0.10028055249428262,7.568722945999126,5.42593731198992,-14.846880991848147,2.9885866082444483,-2.441330996094918,-5.386657351133775
25,-7.077801242166636,-9.123895338603429,-2.5158643629782054,0.4722431922445492,-19.494586767590775,-8.062146060320796,-1.9034300361360823,5.431450444748815,-4.328188064147015,-3.2973386754794998,-8.737581939113383,-10.102788175399207,16.876381552949244,-4.8719044443295925
26,-4.526404624082605,-8.027946377287106,-7.701628577952483,1.8467052359970249,-10.387061286945732,14.440049239567347,-4.884759028347171,8.499047902165627,0.03894657018233319,-15.302748747863712,2.4286600947380066,27.746046557718394,7.583769842069977,1.5260335450269737
27,4.431067124921448,-0.347127584170322,-1.8158609864054893,2.0086332418176593,5.967983904389703,2.4920928161971423,9.599639092781105,9.310274145432881,-5.697486556306178,13.441138806847894,1.684309108220801,12.53603842124647,-4.623575339511949,-2.803046990414055
28,2.2408503999515457,-4.610046624681171,-5.280116531313682,-2.995163474764143,4.3677954719382885,-7.116164570560261,-2.6395073387087606,-0.37451253740154966,-1.7384331767656365,1.8806177195237608,-3.462925623874275,-7.80258026414988,-3.168790471188876,-2.322284357888358
29,1.67630528917118,3.738035858893881,15.104968694171735,-5.295065157267512,-0.36151382509542973,8.372707779614293,-1.2487209573083995,3.668394443940143,3.7369030932990874,-1.4088475907943687,0.6805109107980922,3.5519935938776754,2.2832618732841645,2.0287027067067673
30,11.83881565061759,-8.871714611442721,4.322500942921152,-3.764388916443805,0.2610187351095433,-11.84540280821372,10.656866754196129,5.864936939307621,-1.3397249615922266,2.028259644702989,3.8791014527787966,9.04249856849106,-14.036878904517817,-0.6962045200017034
31,0.3699586646897452,-9.428022308617223,12.068792181355613,-17.175623025212968,-10.564309718657514,-7.943848342311625,1.852091511901544,6.266397941705524,-5.75148387344516,17.51906289920515,-2.6059703349268863,-3.7026614102782034,-9.106456999724008,10.720022817047274
32,0.3991466082480489,-4.481852377555808,11.204037547111511,-22.71032568686927,-8.619320101883947,-1.99296016109233,-10.569348154931653,7.840076532899117,4.4430312331841915,-10.491655900770304,8.426944759427284,25.741886088738635,2.880975767057769,-2.835333669976312
33,7.485434988627628,6.4930576037387455,24.989797149385726,4.132036766227411,6.105708060215931,-10.475352970921264,7.961248306595549,1.8427364303141225,3.405313363336787,8.494444084410764,-5.060530421837252,13.53009811712771,1.8598272800445557,-0.7860422329026826
34,25.329483392287273,0.7196017303028885,26.410485806513805,-4.069996342367055,2.6711811669627012,-2.363518654083719,10.46772111739431,2.317529504700583,11.406483714069639,6.884863096840528,-4.738009312323162,-3.9719746907773827,17.862124929622727,-1.4413157969105
35,34.97505609082933,12.791860348107864,33.07344018683142,9.994522508309812,14.976162800983507,-7.539604561707499,18.221524608074404,-2.163650040989932,-6.319232240015147,3.471484048025949,20.306109756687466,-1.6303953345941038,2.9745152002694657,7.420920246717881
36,39.13482765275605,21.777249907960698,23.171240234101305,7.391388485920901,14.101215279832179,-9.459577042229322,18.647842078792806,1.163083944849822,16.785246710388027,-2.335547000777965,19.313159915865683,-3.199054090344176,21.105094246110138,6.877378573679194
37,40.032352999765045,-4.717761225846349,33.669480713046326,2.3074053793537375,9.870103684463063,-13.034010848220515,14.988705175263542,2.325064349539426,9.001380365722033,18.12027422505982,27.528909706339544,3.800805563829383,18.697138251090536,4.719214951505466
38,22.823103596057212,18.323452965945613,27.357161477816348,10.054504749118065,-1.317839609116924,11.262135901013199,-3.631838616972067,-0.06474687280703564,-2.6919693640072127,19.653386501937497,11.41957592720888,-17.337527830989995,5.018095846078833,8.450416343552726
39,12.606164016285721,27.36888824920265,9.901647935108263,-19.755279107969635,-7.343477884117438,7.224522452877492,-6.518687658163966,4.39540662084307,-1.4328445412066517,6.558005549469772,16.257329626959198,-14.328696798305122,-4.610796786996783,3.494969351559269
40,11.193163415303035,5.180253965818152,-2.8629340675412394,-0.9157137049704182,1.9653967533792769,10.270545693076386,-9.755909444422137,8.213482185285919,-0.15347352836813247,9.438442247254509,20.08628233476561,3.4031883575478377,12.75729953087106,0.9534554379631062
41,27.86710266799343,19.494541907797053,-1.6278300911036072,1.0023414456114477,28.412864476746442,8.783933997154236,10.411309976967013,11.643426895141602,4.079433621192465,26.04456721033369,9.358797856739589,22.46544900232432,24.09347081670956,1.6915160928453719
42,25.354614156545423,4.090699976804305,-8.419685605837374,14.32844164967537,26.993252515792847,23.19449552741586,15.165042248307442,5.842768074298392,9.776350054167667,25.026563814708165,27.619560521476124,29.61038313349899,24.669185217507945,10.733493072037794
43,3.571160693557895,-12.042679725861063,-8.700707257402186,-2.629665279874996,32.32914296218327,-7.011373235863083,-7.277211616233903,-2.201719872805537,6.482628464394686,9.16460879846495,2.148170746102625,12.339334108391586,17.311378245451014,-7.485654210557743
44,-4.8551672450741945,10.943378298258295,-0.7012747939752073,4.416441241089179,15.027619183975823,-2.737574801761277,-0.9334498056951834,-0.08906719331838647,4.669372915613408,4.50489678066604,6.942005605113749,12.06947640253573,6.444523900747299,2.466068163210032
45,3.6690699385136973,-14.641654452803184,-28.16021651151229,2.4850340376094895,3.9308087676763535,8.115436373620618,-6.170278118581188,-6.527172087710731,-7.54216046448873,-6.40321815956612,5.9902507358667805,6.806483585007337,8.357177413543877,-10.145821830295787
46,-17.195771981258783,-16.20258467294732,-18.5732781291008,-1.6992843626257108,-15.44649767389103,-2.6971166073059547,-12.574921856121142,1.6370293616640323,-18.745492438880763,-2.3299204847034143,-7.596577785453018,-15.975382016629588,-18.656257965126816,5.50557904796941
47,-22.062410596986208,0.4031634050972608,-18.61872502690067,-0.5700776035688362,-8.167522541114263,-9.572162350829768,-12.412760748546951,-2.5792627285937875,-12.035619616508484,-10.095910592954986,-26.991422010927785,-12.531617544135269,-20.038240205876683,-8.005043856343445
48,-9.975332249792254,-6.482408899433759,-8.359068610382323,-1.0454868917562523,-8.668141483348244,2.829594140150109,-8.307168379730108,3.427255989337454,-7.760595744969893,0.9035445050317414,-20.888622663459,-9.374159902942424,-11.414938493954892,-8.705277667970073
49,-20.401339917766805,-8.598932017325138,-26.723781918384592,-3.7533766323206375,-13.979957706466013,-12.104182378369934,-12.908621724770994,-1.1108580921985665,-17.32535341959827,-13.892883368900844,-10.743992255658519,-12.880443147782769,-24.299513982266795,-8.517106364576184
50,-15.456566109949229,-13.722430493150439,-18.08218222248311,-10.198445339592135,-8.502389957710188,-8.255834304556554,-0.630056906719597,-2.1349239491154344,-0.9305759777828139,5.62608528137207,-13.571090776093152,-6.1630836378554905,-9.13512402407977,5.267826766992102
51,-19.61192139800714,-2.7333752756216088,-13.076496888788379,0.3358251756551314,-10.778601678050293,-7.251472809485027,-7.01387039313511,6.703247233312958,-6.524759866753403,-21.938481114348587,-12.623552649148873,3.8225187093627695,-9.876081014166074,-2.354389420273353
52,-3.2626798079938304,-0.7206372259830942,-13.27339075657786,-4.2158962135412255,-6.670691288247401,11.616620489833306,-1.494847875468585,-1.818321306486519,-4.709290918038816,-10.364286505446142,-10.107797395209877,8.604762189242305,-5.782560720735667,-2.284207744257791
53,-9.156512177720362,-11.086707156531665,-17.718701557237274,11.883953095698843,-7.607755349606884,4.864880863501101,-4.130092334990599,3.630957585360323,-15.50130838965427,-12.28517672480369,-3.2668660514208736,-10.938764866517515,-4.577332411075429,-3.49677091532824
54,-14.74098735317892,-23.312876739368146,-31.150874741223394,5.091984345596664,-17.612644334228673,-7.374626621908071,3.0908814328057423,0.7385793224889405,-5.59714181812442,-11.560513939176287,-6.12737549902225,-23.21455265307913,-14.137506916814921,7.0627268978527615
55,-32.30398047943505,-19.36132960660117,-20.17630766301739,4.676770215131799,-28.598054305631287,-10.154315734396176,-20.912441240281474,-4.193306238675604,-3.447389266380033,-9.292813031040893,-1.3762625334214191,-15.062797044612923,-16.093340410929343,4.519032053801478
56,-29.650999730947067,-7.05245148649021,-7.358380986719715,-2.3892784690370363,-24.860449530640427,-1.8923772056492008,-9.25074741350753,3.3088777624830907,1.1980332525408999,-10.258881381579808,-4.49916039620127,-11.378837750882518,0.2665152099667763,-12.05037502518722
57,-9.429654844257296,-2.3240290636918983,-4.018895352373318,-13.99041701214654,-23.952162822290344,-9.69485712811655,0.6411698132145162,0.23696002303337566,-11.00712771561681,17.507666494165147,-25.804709193657857,7.908744350988037,-22.061636606041265,9.220696824545763
58,-13.225789207585004,-4.580962740645116,-17.769899970414688,-4.466216163367641,-40.25420481818063,4.079949736595154,-11.259605116990148,-8.430102386644908,-10.631478060264977,-17.219015137881648,-10.850511091096061,-20.97388483066948,-23.58706865991865,10.816427351868882
59,-19.15462029953392,2.832746317192,-12.00483751296997,-11.536722177639604,-37.066221400183075,-6.040109568712663,2.9543624094554355,5.914975775291725,-8.734039962595823,-18.080107971113556,-11.289650623287473,-28.542692336500906,-18.853380003753973,6.196549319186989
60,-21.77034846161093,-4.1656339788923455,-7.665261025331458,0.048361846987082034,-22.93387721022781,-4.332700517712807,-9.036464217974215,-12.25869251757252,-7.003125728393088,-4.604720682513957,10.496706156098114,-7.800862010644407,-7.505102657237831,-7.797472993938291
61,-5.321515211873517,11.503997048553156,-4.713036237930765,-6.7110695388852335,-6.277630951939797,10.872127827332944,2.122491664044103,-2.3854358463871237,-0.10297256069523948,-6.137339779917075,24.06831970506785,-7.380113404624316,4.733063419254458,-0.4958485570375104
62,-8.584455782053421,10.589694184308149,-4.079266761638681,9.802742762529121,11.17499323158848,-9.582470657874127,0.33685147883940714,2.2986951932615165,-12.029496696530556,-6.572935710147935,-3.1072820291227226,11.104719213077,-17.456497231308294,-3.298436021318241
63,-12.126211215646899,-15.612561875460099,-4.369307695602884,-32.510516609616424,-19.97508094748672,13.864344753933196,-2.6994016876026077,-2.1210867918039464,-13.237656918715457,6.863344612170239,-8.253340648145091,-24.65119548233188,-18.55178698167509,4.28436505978889
64,-10.847202675683159,1.3523668294050255,-12.309283570367462,-0.22959104758136126,-12.522425560318695,0.9209533954153255,-1.798289168854149,1.0291711213637371,-8.157955566231085,3.6980496711876927,-4.448740357038926,-2.3533419978861905,-22.11757450687642,-3.5813515161981386
65,-16.320928144363723,-6.876904446859749,1.028445571052785,14.556792264081993,-19.739983392613276,-14.202099165137934,-12.395990953305546,-9.460021394856122,-1.4971644562117907,-1.825969753216724,-3.3690352950777327,12.128944710505252,-16.77500428958815,1.578069660280432
66,-8.79694243961451,-5.581435485761993,6.398512254107971,-0.4802041674146847,-12.591584463508761,-25.795590746159455,-3.001585017661659,-4.535344582355144,-12.702280584798784,0.5309796783388877,-3.170464533020039,-15.234333364330993,-16.703176330546942,-0.2947070002555847
67,16.898565807208723,-3.4483673502596055,15.613018791286313,3.963932129801536,-12.41082321137798,-8.918104406522245,2.7986175755457,1.5280675817357035,1.2432405498563026,6.0033130359892946,-4.588051314256629,-34.41933645155965,-4.523058412026386,-4.366866875667961
68,20.989735228674753,9.50548552736944,22.998982107152745,7.983623107781216,2.7263849049198385,1.4808242868404,6.860263547118829,-4.317912695359211,6.554290221661938,-2.9214562542584477,20.568637167312662,-9.712931022352102,8.125838315304446,5.6953054520548605
69,42.89655971040531,12.356321181721833,34.958750490023164,20.344559223068003,33.98032009844877,2.002012839730905,26.982096589341456,14.163914150786491,1.1201802839201933,14.277746249218376,30.166580500043167,9.493915407025085,23.893298264668914,0.054391343374641576
70,46.80207015178642,-3.8818885866476567,2.2974885081758303,8.625468147044279,33.25656266358434,-0.17238428154770208,23.92172728509319,8.32398248775577,7.4624326131781755,15.303581250983537,7.055275735198235,-0.08693306908315541,8.605729604253964,0.5509336751942732
71,18.619885021326493,-1.04941349370139,9.157251445614563,-21.959199148781444,37.50745164435737,2.1280811672308007,4.300810785926118,5.092294764153811,-1.4567724296024867,16.57961295879617,16.742123220648086,22.305624553135463,14.629362466383954,5.887250993932996
72,11.366737363289813,28.40487542444346,3.1663175410762125,-6.91059162178818,28.379619727025226,14.714574599752622,3.911077069992922,4.484128453293625,8.910693655208666,8.138003335619459,12.58525760198126,14.62671611625321,15.02647431407656,2.81525663940274
73,12.709321637846985,-3.1235480186890583,-10.048025077703048,-15.791825080404477,18.949004024875407,5.6374577067944465,3.086745405683712,-1.0192828032435204,5.728148131954427,12.179879388030695,19.927826189112906,19.54870257572252,7.004599649078992,-0.15604068673386864
74,19.78389173624467,7.578696837230605,8.152630276521858,8.41996949819886,28.360579145197967,2.9487286865787237,16.63148233233666,9.93115208586868,0.47657576750735847,11.86187718185235,20.731662103107997,12.93783469589389,12.125481305073718,-6.87156335644576
75,3.9202006447071933,8.783906003650355,-0.03240893568311419,0.7930677274660188,19.188520981340993,6.158071004614538,2.7645621226758372,-1.7876236481325967,5.094881337516162,3.71254601040665,21.119019128838364,-9.663688464432347,24.9132396420654,2.8235759719902154
76,22.653716075937357,-10.383731148072652,11.877857391931572,5.625087721007211,18.601007657391683,1.0583273902231334,19.16507413071029,5.332652369932252,-0.42697247376247327,16.8095755096601,12.391322204035383,-16.424617820856522,-0.3426564354069379,10.025801630804734
77,1.14892929514225,10.336866724247836,2.417796110620304,-0.8930274406257941,11.713494545342972,-12.729673293172096,2.701294581760113,-1.4072152400503353,12.169826414208023,0.43948135570603974,6.968821474484035,21.82490790620142,10.89463931109224,-7.654730460701549
78,4.759000766338135,1.5078514999881083,-7.376006869637236,-7.267531575597062,16.432069909815887,8.973235558490364,1.0274446971562443,1.0637785050333763,-9.672267479555947,0.9256586535852782,10.542586777283221,6.14359358378819,3.482161915423919,4.2824118003553275
79,6.394431646989316,5.725731200101424,-3.617219774090514,2.035833261450943,7.07569463581455,15.561570121317494,-0.558260584364132,-3.522496241696027,6.6798001783234735,-7.475630537435716,-9.089616945811681,-9.051191101268847,6.8807885421782125,-6.293687934778174
80,-9.492014335126292,-28.173709596906388,-11.935930998957886,4.283570389358365,-0.5362477716134519,-10.114778604434461,-2.0438856664969,-6.043039557124887,16.544244361167053,-4.737101708139692,-7.613264789994882,-21.781760755850343,-3.599885962447342,-4.242626420697388
81,-15.246370617224246,-2.8329351976209756,-24.436032702119984,-13.535466036018061,1.5580614659251,-6.9611367826559105,-4.602790327704683,-2.170809274425312,-9.066695594665955,0.41437600058864577,-7.627404302966838,-8.024190169816114,-5.289286330646398,-6.143358540170047
82,-4.615092807886552,2.2784581561477815,-10.547882362287872,5.019916548412674,-1.6395004752035043,-6.1990527455904045,-3.394037032005738,-7.111673339289062,7.805075129684137,5.361878905977521,-1.5068634883785734,12.285611129536921,5.261112441669922,-7.727631795011004
83,-1.1755573542750613,1.4305616860487023,-3.096846942998925,-11.722233188091492,3.674161444893297,7.564608336711417,2.409603422089499,-5.351793965514825,-5.985801511881303,-5.304593952638762,-12.574097100189146,10.855950207126384,-5.697894746855813,3.7819654780383014
84,-7.932216315853353,1.9628137667872467,-12.709417663666667,6.532014165605817,0.8863634673916564,-1.4598784294663643,-4.82937600418013,-8.77694939228953,-3.0049721069481907,3.117757895771338,1.9760887379548988,-0.6921582124671157,2.254372920917005,0.17603206988043932
85,1.0092441822801317,5.463561729509003,-3.4512372740677426,-2.72788198383487,3.6198777191492977,-2.853587451029797,2.306376833088544,-3.5591381830828532,-11.869798572695984,-8.90169778709509,8.418371497368327,-15.838543541577398,-5.133437416991409,-1.3730091647225984
86,0.12451485164311467,8.524059916029172,7.963523275998174,8.715812211133995,11.327793264875607,15.046261017419853,4.203666478395462,-4.779022406558601,1.8005713686651112,-1.8838572690681534,-0.559263077317452,-0.9079998749859479,8.108056024629242,2.9194277813848184
87,-5.11559817499044,8.446653243230314,-6.059231284017465,10.820192138759458,8.256057195821587,5.988148068743093,-0.704006878393037,0.31066868188125746,7.008952273398029,-5.473802230796036,1.5269420438883257,4.137571872497092,11.709199648730609,-3.3996380155487937
88,-7.337255767261495,-7.557454677868862,5.2930330159712815,-0.36886599599098674,-6.897213930986365,-9.118218151890503,3.963169162218668,-1.664969102817107,1.3333499288680601,-18.051560200940894,-10.592016243204778,14.778440945002497,-7.538172485877056,1.172832960376934
89,-6.4519907746996195,10.172375745919286,-11.841884001177185,-7.40457589954746,-8.281535498949946,9.210906311185385,-9.077082422314858,-9.530321317059654,-0.8462010244933926,-10.573967846072449,-11.517243405385893,-8.455272645974645,-3.779326535001093,-8.251954341421323
90,-5.146763779679123,-4.771405518054962,13.682576821774852,2.2857849403303496,4.364329951302129,-3.3230263046464144,-11.052020054690692,5.202701374622328,-6.24726981532817,-10.889140144902832,1.8038878002945258,-9.50279308825123,0.7280773824574996,4.343134639822707
91,-10.30071684778953,-7.862241768221161,-10.948824024626187,1.321900521005903,8.950961047289322,13.395977329234688,-9.243206577641624,-5.0925464034080505,0.098260903845028,-11.1344830211328,-9.101112708753469,13.915468069971825,-2.724734302686185,-1.7535787200441166
92,-15.326387007625735,9.671934675197212,-10.883757534075757,-5.693282325657046,7.872481451959026,12.189558830644403,-6.559010526355432,4.063509708460496,9.784223279554626,-3.059316798132293,-11.74943286788707,-2.4204419340406145,3.818687448696214,9.087247653883331
93,-3.2804372830658544,-0.48116112333171224,-8.635542317312591,5.13541375860876,0.6038991334486981,7.871481401579721,-2.374646387842237,-5.084038963123244,-1.5543379844451437,0.5757982098326391,0.35137854425274595,-17.288184689015758,-3.332160646818122,-2.4716837959630147
94,-7.880076066571839,-18.611072972112773,-5.523116053975358,7.79507426522216,9.05937839223414,0.8274209000626389,3.945849575558487,-1.5077148809724925,6.165567291938529,10.090487637081925,-2.2101703532496275,4.569955537513811,3.7653595026658504,1.5328963043890438
95,-14.22273411556166,-0.892681570077429,-0.6780141880925821,-5.396424527679171,8.575931501175676,-2.733802095967896,-5.077917373302031,-8.27907902367261,5.842927449819993,-14.524337333075854,11.535249208917422,-7.511013909870265,-5.260639463152204,-1.005917017557183
96,-1.3022155238657582,-2.213073346687823,-16.162364925657,2.7562635455812727,-2.1193823984691074,-4.306885338559443,-2.063042937492838,-4.46712047226575,-3.8990136759013545,11.139282991387406,-11.823150384182833,-6.218332781475418,-0.5238817285518257,-8.86688174543028
97,0.8582955975921787,4.292090096035782,-10.8125894945495,-3.878984030412168,4.269635878655375,14.626957474922648,-0.20889779013030382,0.443985398934812,11.969994226280523,8.535132853352295,-1.5991786694040104,-0.6747789480248276,4.5456306472116585,-6.24146446403192
98,-16.516908720301995,4.5370232062699385,2.509695281179584,6.331762648358637,-1.7549240199887022,6.166931211948395,-8.289426055299689,1.1062584945133753,3.18462323169319,-12.777720240609986,-8.649366145231285,-12.577200750915372,-5.124336383932707,4.327565076095717
99,-12.035168468343969,-9.615559087724101,5.541933511288798,7.960639909670061,-8.625160807857709,-6.656850996066113,3.048878441051561,-5.326304737402468,-1.8210574029659738,-2.3248161442425785,-9.456164711592148,3.572440517191984,-6.604188977759712,4.301547781849394
100,-18.83417960940575,-5.536808758365865,-2.6785659875188554,1.635432641725151,-3.1426143260026467,-0.6729614351476941,-13.748180212414994,-5.236481625206617,15.357725399489306,-8.562558336525548,-25.229253947430728,-2.3389556286286335,-11.772703555165505,3.160427035117636
101,-20.85870956888004,14.113378277846746,-13.12689858675003,1.9653527018975239,-4.961577863109355,1.1678494289517403,-8.497708735417346,2.392154782402272,-6.737206133044496,-7.487845379174972,-5.270077775935738,-1.3949961856919892,-9.428258891464496,-4.6350928283467585
102,-18.95761318656863,-4.9159829531397135,-18.48850016691247,2.9993261962520834,-9.691515791172884,-4.437659950888887,-9.52936049565977,-9.320364385843277,2.758508541146103,2.1574268967521433,-8.127197854781562,4.5331012326843885,-4.61520131266847,1.0802776351266978
103,-14.017339243572586,24.499844856408178,17.07881082168647,-21.735158927586614,-12.069170305011223,4.702872125469908,-5.625150316071753,-9.772655418940953,-12.869045567755796,-14.319961916427223,2.7798090954216157,22.925736192537812,-20.565497775467076,1.6814825291536293
104,-17.074034280922948,1.7560620989118303,0.6795068735979042,-3.49154811215644,-31.05770093567517,2.5349906512669156,-19.46881744812946,2.028367995911715,-8.49068530207994,-1.164727656208739,-19.462953736587448,-28.688592093331472,-9.942411364341268,-7.17008380743922
105,-3.955570797530972,15.805367742265974,8.221858320187549,-2.7406497972124084,9.417527923778612,21.44211823766937,-8.190198961873444,0.3346826154358533,1.9811107595356143,7.762658865324089,17.199939114706858,2.7353348561695645,18.22117878952805,10.71463449268925
106,8.79739914135057,0.49179566636377453,2.361619268905143,-0.6078179189745261,37.12231577172571,19.325416793628616,0.5441331328177939,4.47333362759376,3.2171743633795757,9.79315484664878,17.2095174862414,7.995814920688162,9.831853815487452,0.803132988968674
107,1.962702611271216,5.857163852574874,-0.49254469238981907,0.767796374705373,32.41738450283907,-2.0281775545100778,8.06188233287967,4.227079887779391,-12.086143593398893,12.182647257435079,12.075427667827022,-5.755358536632693,7.263619803652471,-10.357610159382528
108,-11.572443036248488,-4.078752665647438,-11.862484824900724,14.969931719254474,20.633539685485314,8.821883792779884,5.633037482141232,2.2731966423440952,-13.5889789887837,-9.734393810739322,11.065738956538999,-4.278627106121609,-4.2319149143841805,-2.860629688720314
109,-12.31078876159629,14.51631065442854,-4.892032671339658,-5.454819698722995,-8.074575930833817,-3.1763467299086705,-7.428352117842557,-7.938647116629445,-20.420069299182114,-4.0768749458449225,-2.5849100053310394,-1.428788238642167,-15.510356231611603,6.063481216527978
110,-6.562216646817266,6.7282226322865,10.711797371202586,-7.671543225189861,2.6098484871338825,14.87659708212833,1.0464160220355403,-7.033475274942359,1.373245311634881,6.704134195434804,2.827768853732518,13.336553259771698,10.95949655284687,0.050047164060631574
111,-18.26264511809057,-5.374173873541307,1.2717042516688912,-4.320188536327713,7.715057487390479,4.61805907074286,-8.561270507014527,-2.491825118965032,-3.9840450213879954,-5.732233829644262,12.392748319372838,-0.905826463991282,18.058219997250305,-8.18796379468879
112,-3.748459735086986,-3.8004591246040498,-7.664660334587097,-10.721722188652778,14.580260040808698,4.206640033089385,5.614225898470197,0.20167792086698572,2.34838681318322,-2.8725989485273558,8.566382723195213,-8.396995499915425,7.273804854373543,-1.5633850158477316
113,-14.837480243371457,-8.178758387662926,3.336244588907884,-11.713177896579918,10.928449606408877,-1.1571275929407197,-4.004960127707038,-2.438819562902256,13.776940316037864,0.4609803715530707,-1.1535471665615937,-8.58416691909031,-0.4280490381833242,0.6729592869476396
114,-12.926359590218992,-16.557493740198563,-6.69220736318705,-6.157553945268903,-3.894786328685527,-2.357460705297334,-1.1637855500591046,-2.6170142934638627,-14.916312391052442,-21.680864381546876,-13.917458089391644,7.222221230974003,-24.98888266816431,-2.345508325160766
115,-29.440036066940852,-0.40705134187425884,-9.467515157497658,-27.549878715556495,-3.8983300705345307,-0.978867939540318,-21.942070297440704,2.6705500805294333,-2.2472483150813045,-7.081274190727545,-18.776027075490173,4.045407586559957,-23.125635459715006,5.139085988000947
116,-24.11167674222771,16.349661537579127,-5.544197462042984,-21.393350070836593,-2.549747032778604,8.92858193160928,-4.81333307952297,0.5338728312326937,4.271552572444993,-2.6954290039685307,2.3038820861553657,-4.449876665384794,3.397096830971387,-5.442240611631043
117,-19.24073679836429,0.1986336391799304,-2.9428359567358786,-9.160696482171817,-4.556529560867621,-6.350615121880356,-12.74591487767745,-4.526575086068134,4.912787385208874,-3.2817042019902445,-14.846196585771988,-0.4165670119073926,-13.790418585952448,-0.9188416356943092
118,-35.12915452630544,-6.785144400611824,-22.165991529518244,4.40212113273387,-14.563903470428622,-3.178786597689804,-11.098870617242492,2.142139032787206,-9.757394114319158,-8.900114154329104,-19.385350010832962,-1.0759688810426362,-24.209946038771648,-7.052565899050357
119,-8.927657981916349,16.13112055038919,-5.609859804717862,2.8434788280603835,-10.415325187754874,3.456037779243625,-0.7192774633972012,2.8031240607402763,-6.7464854255014535,-2.222570560416397,-7.920764825781998,-2.3172802365556056,-13.608515780799243,-3.0182232759436785
120,-5.048409694159518,9.482271225476751,5.4263982365326004,6.224533171069865,-3.417419029741871,6.741469757897513,-4.606430276163986,-0.9120952493073989,-11.198726609045146,-1.2970451895071535,9.729741188944603,-5.858543269488276,5.637175472415223,1.1658150018477926
121,-17.66119395835059,12.79466693255366,-6.037946890811531,0.6441055846457578,-10.313771403565699,-10.135703159838307,-8.407925960968951,-6.88512095930625,-3.710303931820149,-8.582172859688194,-6.521986466623386,-29.11767130945714,-15.57736257144383,1.6455213585678412
122,-3.160257052402107,2.340166212344656,12.935086172454211,19.220040487695712,-20.316851893249822,-14.187693934051358,-0.7535538381459762,-4.77624881571653,3.1396836229428953,-5.53300517060965,-1.5793399987172108,0.6231502586481522,-11.577431386830856,7.723480669971631
123,-2.639595317597292,6.154355496776347,11.198752286482831,2.1856991733823503,-1.6906333480562483,-2.099119647425048,1.226618967494186,2.9306221733591995,-5.027722650644731,-12.267429192455447,-1.483077419047453,-2.5989931505553576,-13.651650318077632,5.317223202503685
124,4.173237304298246,12.598478998456683,13.982714429497719,-17.696708223649434,8.494441210007182,10.992992751452388,3.9809220275100397,3.1579363613712546,-2.537997198652248,14.705389942441668,5.871729256851332,-1.1648772541357546,7.678539604252698,-0.38247525691986084
125,12.021185129272695,1.8403056762656387,10.87808696697561,11.668397820649707,18.21768541360388,14.117976835795812,16.29582647766386,3.2891810086308695,3.6962053946086337,23.786572453927022,3.4695964236648713,10.257373629784098,12.07541712023774,5.0704765991897
126,2.9644869419993185,20.3417621826639,1.7009946874209814,-3.342585719361597,-0.538880282518815,2.6345278462585138,-1.8999611479895455,-13.80813970279937,-10.241200488440844,-13.398395692207375,4.964579698990803,-28.91254385393493,-17.464901228340306,3.0102522421856315
127,-11.412345081415712,-4.245144043649946,22.602932826900968,-0.3772694003217074,2.5504478161432305,-15.840052844614398,-10.497792649481978,1.392122135478623,-6.237608473215785,-7.361384897815938,-14.093357319734535,-16.674273313308248,-3.386898629519404,-7.137869030845408
128,22.272140473735575,5.86482049007805,31.88397655681688,23.240253418684006,9.086889650900753,-8.379604373051196,18.71173058450222,2.67514513341748,9.851514864941032,10.06412060163459,21.359395487576116,-10.251927399513672,20.487899142868663,4.194654105725337
129,8.209000537590105,8.860456381297233,29.546675471626983,2.5258671775156136,15.645655364406352,-4.354108423602824,1.3979853729204255,7.900844856640514,-5.207391000827965,18.69138361711283,11.620364875209575,19.68897983249353,14.138351785893343,8.512465506792068
130,17.42946195123451,27.620660804972356,14.521684108948222,-5.960115612769614,41.64870694705418,9.108255841902324,3.9405760740747255,6.792654946142314,-3.068380747522627,17.17906302791469,30.17570289786981,20.257346287065623,18.870606274020915,0.5412976401192802
131,31.479126010014085,15.895970979515386,21.2265595732903,-11.499159243642067,30.03467459581336,8.682258053093541,14.19038875796357,4.469666149695309,29.869908321154664,19.899971499734995,24.04235618029322,40.90956246731233,37.549489062659596,-4.119109120904183
132,6.767381452784246,4.45366321899453,-4.688380664547107,7.496509522807841,26.29490728280982,-0.15971377552772054,11.776711561241928,-1.5361106690703605,4.307873632226672,8.571563024910128,11.489670072283063,21.458442406994955,12.921954832514938,-9.721862610505552
133,-2.904143433181607,-4.847651901293774,9.394880525919856,13.268403929259096,7.129844826094958,-14.139710054105642,3.429611495562962,-7.158333569156881,11.443014862586042,0.6192188723659029,-9.636369272154205,-16.09689152970606,-14.325403388969752,3.494246685079166
134,-16.243552300394796,-1.3398478274442711,6.641109206238571,9.112208967306175,-10.143433210801104,9.483704467209018,-7.6249134710856845,-1.5697786291034854,-21.106080176878947,9.893377028557719,-0.3134931976697883,-1.7656305493140707,-7.302230231615962,1.075773416733255
135,-2.8721683061852747,0.564332592244051,2.7157542839342232,1.8368315295297273,-14.140006598161191,1.9622814168735427,-11.760980286920557,6.10998401714831,-14.515912923277641,16.529760599744563,-4.054069260553438,15.878217974487615,-30.31034700481259,2.684323717136772
136,-9.512803254078845,-2.7265930601528714,2.0838680303826624,-2.741385654527314,7.284490346300359,3.993116252884573,-7.647774318043067,-5.79422405118845,0.2941824951950385,-5.519846540020437,-5.2449405825867945,16.423477720241156,-17.11433252266475,11.206582793357725
137,-5.781245217031362,1.0940560598154456,6.98601046265388,-7.470590498070328,-7.090867091198357,-5.847337453340997,13.494959889626017,1.2339959962635625,7.231480072955696,-3.682373656910293,-9.244494737411031,-3.4642575863672764,8.850114773730843,-2.612507698487262
138,0.13208079763821193,4.478100867599857,25.201110032139994,3.056717366588359,-12.979844105201868,-20.64374088511175,11.788943334957775,-0.19681583420962703,-4.49346387386322,1.204941243541484,-0.4583216637981181,-11.637914409442823,-9.660767302221181,-6.851886551599113
139,9.72231625537483,2.477332830429077,27.335692919030482,-3.690208684424965,4.870100162467178,16.148029839505956,16.400791255795227,-1.298151253589562,-0.8461901529559067,16.699324637043233,-2.940712185538545,4.39029338773416,-6.7313941948267875,2.1560056574490605
140,14.806460823939771,8.549045703430869,21.296963742801122,-8.628695753155922,6.281069020835721,-13.749414563179016,14.332584420028997,-6.112309910204946,-1.2492370763603522,2.0268028630133794,11.671070141451699,14.523779831370529,18.83211204956989,0.30830317918135197
141,28.609494194692495,12.76293336128702,13.495178821135541,0.9092275220520643,22.019446295134877,-2.569167266086656,26.229006122873756,6.813591463225229,12.266758505178958,29.90239146777562,21.257046954972402,4.746238574689748,24.807645235742843,9.374581216245282
142,15.605287954059182,19.29725180961648,2.1609982062815405,7.8956761518303225,21.06693622409081,8.248640358143923,3.4423656196010355,6.85060285062206,-3.948718302103938,14.200376116499609,10.91342812289997,5.4743781053290075,10.210733616230439,10.774216726726415
143,5.5440123044714635,9.381225187136621,12.099661992520701,12.159770565677663,18.21249406678336,-6.751665236998577,12.595844531545834,5.887177124011274,-1.1959362918016863,5.75243125643049,-16.964857555165583,18.429178714752197,-5.212057157438629,-8.330781189762817
144,0.29189417678482676,1.3301316025305767,2.0260865147016487,-12.292265042966726,12.216001449190841,2.428328810905924,10.352565307702337,-8.428355545413737,9.389801636034129,-12.39072886900026,4.7029317538349,-0.49900956056555923,7.532174119535758,-1.4928956980607948
145,1.0493166525753177,-3.071358325530072,-0.28457199706106767,8.31822464417438,4.290818614619119,0.49051053153008833,5.817393180667137,-3.852110835362454,-17.971001581269867,0.6962282998221261,-4.515299297717153,-2.874520688640828,-26.88238188806845,-0.32655495982997274
146,-15.591153566858598,1.639252087291406,8.481033767364464,-20.212072108929256,-19.788533531889623,13.222650340321113,-10.104128643794327,0.3657850708280291,-11.21362298240467,-4.3057339678005295,3.221651848481626,-14.014623099443863,-13.91984545576329,4.883144281956614
147,-4.693700004597099,0.9708975139929323,11.854287818682437,-11.529962309769221,-10.256407984057251,-2.9445447374363334,-3.591731742328527,-6.414570089505643,-7.2657897569695296,-3.2233878349771303,2.5246143462706585,-16.535385210295114,-10.503715733484347,-0.859790636264548
148,0.3205311973484195,14.17885217617969,5.784792960906516,2.2222730888395894,-4.451978189300518,-14.816226041894787,5.528912902486567,-5.823708211889072,0.6243386715650558,10.18522701397234,16.863578767192607,11.119912067238165,-2.464134239420599,-9.713261511861061
149,-4.120113981621606,0.8520877470775526,9.10709018914067,6.729343898442327,-6.452547201088497,-1.2905058419826079,-2.985146959825438,5.872672290218119,-14.861090513212341,6.517829758780343,16.9466846998857,-3.9657417122198613,-1.5656609310179341,14.734346614808452
150,3.492705924170358,-8.906956212861198,5.642791171463168,-21.42091789050978,-13.031163409048197,2.782020405162962,-9.58292207121849,5.052777590876331,-10.258773679331858,12.326315013729797,0.3594202344514886,0.5216194172294772,-0.9951594386781965,0.525983494155261
151,-11.256459468785597,-1.8998473122411845,16.090668838547202,-12.104093612741908,0.27196478722046835,-16.209141445707303,1.9069514563497232,-1.1632665398397617,2.9184496901473223,4.71036393666754,-3.5131501855746823,17.79076633161428,8.634050535912417,-0.46865165476896326
152,0.11947348592232684,-1.6401358331952776,18.1211793838563,-10.536084755342834,10.234493040004555,-4.654334296985549,2.6941210627555847,7.045749419805955,-6.567953857840324,1.2013414809290244,11.175193285455508,-11.932195661019305,13.786797356240603,4.659062526663956
153,3.6512890406409086,1.76304165684447,13.448170338358198,2.140085480194919,6.985436011333855,-6.710040846649481,-3.024974616206422,6.155416505525307,1.5602179279132766,2.449688215644992,30.6421967671842,7.991164878923065,17.208919635840825,7.061819778413189
154,31.620222201152725,10.66922490359569,27.612110873266143,2.8761591078067315,27.637566639452565,3.8454287927977893,27.579698624659557,4.591271333928619,-0.03234047305827238,9.629615624948423,18.25973376715366,-0.1783340512489786,14.557141158045555,-3.935608077414182
155,29.51344562063412,8.65032297372818,25.188919962668905,-24.30611358674205,29.904441216770483,1.856895278150938,14.962934129092158,6.9940155093767205,9.914356845982221,33.40057798186127,12.9964518997134,5.276459703640062,24.427044165377716,4.205953515305811
156,29.072307255803324,16.962480851582118,24.84536621278646,1.2691513838208452,34.34340081896101,3.2502923692975725,13.162436251737633,2.825262414557593,3.9540042010497074,18.623148008268707,26.750896217643607,26.79068272332756,27.714449319000146,2.8097281018081977
157,22.5810053105257,1.3769310569884825,10.985946835303793,4.434568427199004,22.178039268267398,-0.6553720965677378,11.076529174434896,-5.447749849484891,13.664328181203835,24.9875957746895,19.898863263390197,2.0631044397548752,32.52317848010939,2.2888289360633616
158,6.213648794256911,12.22719467781028,-1.329899782428936,14.242525587276537,20.421283142907278,10.127643711712896,2.05596585176429,-1.7689699506273076,14.07242624127135,1.3940435283038082,22.913060893817825,-3.8051251635259513,26.691868456042542,12.65906571429603
159,23.211107920018993,14.621691832737048,1.845996771844066,20.203358712245006,21.198432513645717,12.09730794478436,0.44556250134292913,5.767755204925732,12.102263071099106,24.641613291234385,18.777546627180918,4.049543424528473,23.58574727238441,-0.471862116638495
160,11.882457187589335,-12.981626831147135,-13.522947952759509,20.175597210319676,41.312099999311016,10.999317809027069,7.371675673796206,9.436036833695002,-2.845037817955017,28.560868224319147,18.844713714658,21.386419724444952,9.96591914916525,-9.444545896685852
161,16.37361079576064,-10.320133468022151,-13.26796763405508,-5.940852734507347,30.168657139855988,8.12703831341802,0.17737887708508238,-2.5671214753267715,-1.4104159869709794,14.690238743412252,8.71536835845636,29.16117216981187,-10.328658387064934,11.35703486812358
162,-0.5971818262216996,13.176314558301653,-13.782280325889587,-9.268808564361262,22.242912383103857,15.518706355776105,-2.9966766189555734,9.627025627055946,5.427145517602259,1.1199120453425817,-9.024465964327813,28.399330937132543,2.4954431762500686,-4.923394274954894
163,0.32505372653202136,-5.208436130260934,-23.299899166944076,-1.6742653452924319,19.481268064099915,3.075708304132734,0.7448861221877896,-3.2777665401143685,-5.8396908993623695,-3.547505027785593,-8.262267515899575,25.722559914296987,-4.59895367768346,-4.036060294326471
164,-14.28711435259605,-10.408543838530171,-28.424040419714792,0.40323341136076013,-2.9036572557322833,-5.720843480557812,-4.785202181460906,-13.111348167670016,-4.647552496316481,-14.238519512877172,-14.130131363260503,-0.2392430116935652,-16.495532052857534,-12.68011319089909
165,-18.21659818975901,7.004186502524784,-28.105335734328445,-7.164256234558261,-4.1197866614984004,16.08224775049151,-15.916972864799353,-2.7941217080366854,-8.029137582195048,-7.501373383463646,-12.030363553032583,-7.522770944906741,-15.193679646569855,-8.508467634417572
166,-21.647823533537437,-18.0995964529563,-11.794686079994605,23.96818844517883,-12.446468403144758,-13.162925025030058,-10.643638191478592,-5.389329935913449,0.8037800936370479,-27.489449666470897,-9.321128555706569,-25.704772617135728,-0.7672661711670914,-0.44913267602725904
167,-18.430979169144923,1.0073486250274035,-23.456502211337188,20.62325085182579,-5.294909679159826,-6.181297230477235,-7.233175108019187,3.982159067477499,-5.475734152964184,-24.872756992979927,-12.17471122042257,-12.64166411575006,-22.160095166186895,-14.456236648012181
168,-21.363327887593485,-17.75701297059351,-25.845496284718415,7.8708266396911775,-21.437051591824513,-7.963393735642335,-7.30780185272499,-1.6724100018642387,-8.20159947993804,-4.0081019188676565,-35.0937519341099,-26.314168638720805,-19.648832109509684,-1.5740993381002728
169,-27.396341378591497,-18.63911383492606,-19.82711309437849,-5.2087254791843645,-26.80012143935476,-7.914275351835757,-16.873491083861005,-6.797572714941842,-8.037811757350454,-23.124449199559738,-11.658498394246005,-27.83999826531021,-7.68204063420393,2.625133070106409
170,-14.026994520304154,-23.254560825776082,-5.435468459615902,-18.573045480920342,-20.47489336923677,-6.004855657110409,-7.903841373871784,0.5968543361036145,-6.842830946250838,-4.119002338270752,-22.25621011792397,1.4697362671093064,-24.529697758810862,-6.766037448328369
171,-42.66694207086551,-26.331716179847717,-37.25522982830904,-5.909110768717163,-35.092616562332424,-1.7751638706849546,-22.68972215109638,-0.6709375351059194,12.23787690607869,-16.69824009890459,-25.78368366007902,-2.2625420458462773,-0.04034405992347367,-8.70102783855127
172,-25.262640658690003,-24.667771523096125,-2.8764289421390514,2.6945818905927696,-36.259042321115125,-24.93650593563002,-15.992838166197952,-4.295488560686306,4.785508798093212,-8.416458585432597,-24.709931684847998,-15.758459558596416,-13.019797956456943,-5.787842184913401
173,-27.802269749799553,-4.929096414118397,5.77470194578779,-8.136339744134824,-37.38336263384138,-11.612950322579364,-17.52690768728451,-9.355635386340472,4.861004859817271,-17.027541681211822,-9.150699387095413,-12.641916503711622,-5.322848323656588,0.009951944253882584
174,1.488836224133871,-8.624497035784382,17.35531866398393,-9.179141304018547,-8.915912251083219,-6.650644661820665,-1.912513520036425,2.382581737576699,8.969848642543871,-13.837347821313507,-1.787528887086985,-38.43277620634406,4.528602313022224,-3.3735857095037187
175,1.2335873367835064,-6.223152901977301,4.009933444918419,-13.442619384123887,-8.915533323677218,-2.354760688786604,7.627985752358729,7.6082180118074225,-14.964263688544838,-1.579168025442228,31.25346878110146,-9.7358385087276,14.696857384272985,-0.46547102684877356
176,27.533620060706625,3.6208665468254866,24.161378531431666,4.101293072408559,16.56354116663641,-19.420216343840774,19.77847277631565,2.739968388664479,2.341825999775711,13.806771730890079,25.790015628143234,7.020865019486875,21.186807574058065,7.644121926658007
177,21.360934184522044,3.0560126085670625,2.124646998181635,-9.210169708546328,27.71650062288557,-8.408347936309113,6.766957679573371,8.495636458299598,4.459284179977009,4.364180621976147,18.295913729740647,-3.7774927616119385,14.563541833235293,3.905088188962973
178,-1.3949824376982085,2.1477480250961927,3.4009986471156686,2.1374367061926396,22.956955418903,-0.9304852242372474,-3.1015421812023436,9.278042861697624,10.28967566636144,10.11616501151299,4.9429236553153215,22.559273416898687,5.153421480436714,-6.062448530781026
179,3.7686804009943593,6.601945860653507,-4.568681522291534,-5.021147868767077,8.136150746929403,-7.761339930247288,-0.4585473154272352,-9.124777441844344,1.5751503912770017,-4.0917849406904105,-11.33639719303013,10.519460785753873,-0.2143057870621584,-4.730122148686526
180,-5.943375743773519,7.982794275697397,14.426793851414505,0.5588094117690106,-8.84164729334262,-5.5873386470638975,-3.6291052300711066,-8.93652595296426,8.208772167867544,-18.986821079740718,-15.53199053989077,-14.203026433532335,-4.315761676248239,-7.321318836844697
181,-5.06485656572848,0.42811206500140986,-19.503052745546615,1.5421423303837678,-8.762040033632395,6.267064510559549,5.055420918124063,1.2684082802461119,-11.329765361182544,-2.3744782136411082,1.791342836709655,-9.391889690136423,-9.567074679598516,2.8095193444466102
182,2.0167536201829814,3.4814023326854318,-5.6054990318964935,24.06329287923112,-14.275326247117958,4.457038514468135,4.337794961977978,-7.853681654346232,-9.659502739808998,7.723201206752232,-5.264272440452965,-3.249900379959418,-7.786767962027569,0.8851081303187779
183,11.462611724907646,-24.88155699749382,4.126410087760614,-4.834254166301416,-17.279454185038198,-18.367826028746002,9.75408644761358,-2.548415648693941,-5.520352936520869,-15.396837920558696,-0.20931023237656574,-3.492656948310988,-12.149626036079562,1.7784162212391288
184,11.55255151828941,-20.503570916701335,-0.04717971901504361,-3.681131695910376,7.49980720512721,-1.58138150584941,11.745271800732127,-4.6333102170301945,13.053484128445994,-5.062284641728109,-18.079258470206845,7.76965963293095,19.532050390632786,2.1282011769255815
185,18.250335231119273,12.997666430108401,4.617374040642563,-5.0223842670722885,16.873739189031173,4.277074645976631,15.485495489470813,-5.056052779664799,11.50182783816542,-1.9528612077844387,12.604046544250178,27.816253064846507,26.502847590920876,5.726376685560966
186,14.614615007930873,9.24028045790536,2.995077501146161,6.976481556892395,1.895770745922108,1.0115719127411744,11.159542084956655,-4.389307944142089,8.730019278672277,18.682196772220184,16.103947099982477,0.9020824675657311,5.788154585629093,1.4790943927910862
187,18.297420473731293,12.082279399949677,8.087328341542458,4.428606682133918,-0.9412291380671822,5.1032796088530095,13.263485756455635,6.1128325000101205,-0.2816230159024803,0.3738876801668381,3.3895232537571265,-25.034586324983714,5.496636402774222,6.367707854022785
188,21.876765487753616,-4.088784378858245,24.457030053041418,18.04128773510456,19.971519283988343,-1.499824334164055,15.713138503687722,3.7662553067262077,3.1138171550570704,5.509578663779765,-2.4422026799649608,18.03450486976273,5.5289036530617635,2.3347922064820112
189,30.870498827525548,13.973794470028002,25.68734717217027,-27.52244885752396,17.428624030278655,14.353390406589119,12.944184443590288,0.11822558665762142,13.632794680644055,-9.725199266355865,27.315936000979676,-6.063679703036133,24.648355267485794,11.04469711318308
190,13.53982925293397,14.387879653852814,14.667228611148133,-0.48004522128980986,17.215632638152766,9.56203137368572,10.514953359049194,5.571125691642567,5.945573315328481,15.575518199375697,21.957895243046234,12.03947404696017,31.903791906274094,5.374523485497552
191,37.33622600472703,26.912291711690475,27.17043513181258,13.341660015437068,28.369696303289764,3.9359292363633913,13.886152373284709,-3.0434941737627494,0.6813353871812626,4.253632333813881,28.285402106995484,2.207455737250192,23.125632214759076,16.08693834652706
192,49.60405559427276,12.477440109058302,29.583640103437464,15.660918507040764,29.54512879891055,2.6505392418832194,23.496664852512126,3.9793184572944837,15.351891892296928,31.88013036883607,29.121045506730372,-10.400398879635091,30.194899288975463,-2.478578642086715
193,49.27588727036301,24.989873311957535,2.7929451927846793,24.292246999789256,40.82132400938177,21.067294047803294,26.670736918644028,6.360121059630599,17.642984487572495,24.554313114711217,31.612393225942338,-12.890902144568306,40.480617177729705,-1.298026933961985
194,16.476385387409078,-5.18592247123621,-12.070120176490473,32.14377847009776,16.346076041460037,-8.234680273094956,-4.372653498155141,-1.777614949309096,1.2342425219866695,9.997932545992793,-6.7501776014663735,-5.539104111948792,-12.290451745597684,1.6018654813571853
195,-21.670262342813064,-4.5168121895011595,-9.846234161634834,4.435233202515816,-15.770183493744353,-3.658501702912,-20.768154898468328,-6.676253723854921,-13.274081062297432,-10.884057087557656,-17.165636753549382,0.45279328251371576,-19.712434115458507,-12.386861696535227
196,-25.905744279981874,-0.6533736027016932,-20.987524969237192,-9.033815735152789,-24.45969582577141,4.019934713840485,-16.730668468742955,-2.1729025719117145,-12.88655848740315,-5.496677079903228,-15.982198896456739,16.22818156651088,-15.372840171565814,2.505998972727328
197,-18.29849753574449,-10.369208751892558,-3.102283027707314,2.234086642459947,-15.365351635582593,-16.2200129774152,-9.644482733035574,-7.232613238144894,16.047600629378337,4.244377622798997,-9.078496859998118,10.018511314781344,-12.135895468750778,6.296469098451186
198,0.08467935177744651,0.8786880775373809,19.804709760510192,-6.645739483590028,-18.038671524549017,-14.224687014915505,5.5851283803278085,-5.047789417663399,12.99154449140235,-20.929033508106155,10.166254555084267,-24.319445627076284,4.688765008762783,6.930897059489269
199,16.634801690675776,11.108034887484141,14.997433121107063,5.869755085937831,-6.144924565541501,-14.505456249324643,-3.371623343350936,-1.8725607869576435,-9.361734820719885,10.885091630779968,13.761929799707568,10.537919492137675,5.014386230585527,4.108511843851635
200,32.65642463187782,13.09760705792174,15.913764511748235,8.061509468117539,11.199486948397695,-5.983829081058502,16.055679739737997,3.2057988296966164,-0.4029129930600828,3.1663451121777904,15.027482706673291,9.162587219355057,13.623826548305093,-4.309059815747397
201,30.993764417512075,10.64764617900459,28.161606146364797,-30.314199284935484,13.705481034152362,17.077890486741552,14.303212439527316,7.930337689664899,-9.94435741463486,1.7544958250863212,8.59555528966748,17.83926252883916,6.210346747417839,6.663160397081959
202,16.054920578489497,18.31625951187951,20.8402966431209,-13.612229292490044,2.469289935365015,5.941889377272859,16.313440827690826,0.3771938371415041,0.7417442512755491,-0.30260738547967403,14.938767301793002,1.2457386389070628,11.96273050502855,-7.199650023664747
203,23.856621276359167,3.7350518022264754,19.67210793981747,-1.509549424660449,-8.760724776861618,-3.5109309231748385,14.837170333278422,-7.6339176443158365,-1.6654104195079025,0.8338556028142268,0.4822915354553534,4.75007271280094,7.303671113690552,0.33524833041794444
204,23.481713358236817,-0.43858647103212317,13.718914662088666,8.256332477744746,15.502060649954544,6.376941477157632,23.142243203459955,12.906189040261872,-5.2211598802585995,0.48392314532277536,12.490271169312146,21.50522935998683,4.624019530354714,0.09242421571089297
205,33.167559131143655,10.888470114493856,29.237907230245824,-19.31043417113168,19.419095343473007,22.28646428731023,13.404084442905626,8.79384624593112,6.805924242856551,3.8872094786897,27.725447213163182,31.74307633419426,23.788679839701068,2.360137871333531
206,21.307943117861846,6.407971761664566,14.586499277426272,-0.15390183974285515,36.27722054354999,13.097138103173704,11.969949532528313,4.673231292439967,15.577976054074814,29.361565704248388,12.085462524726683,13.768650962381948,30.139950372734848,0.058262995311192105
207,39.37809835161482,20.042502572341842,26.856510853280827,7.530033536711517,29.084394765143493,21.566172568165527,23.36207482887774,9.99819898363963,21.997573881733175,14.198291496354706,23.804333557887954,2.6190448683135363,50.83741877030353,-1.911279358425919
208,9.28404591217333,3.362267486903132,-12.461633809975215,11.647368671942731,23.522318388734544,-1.747536188485671,-0.938142716884613,0.6043921319805846,-11.756975965840477,16.159852461547267,12.803523709275284,28.168178113139405,-6.745513552761808,-7.599063381856801
209,-7.256293240858584,-20.66527282218544,-9.653698561142901,-19.3896334976414,-11.348341936967811,-2.6248039454221725,-1.6419721330915178,-1.7426784160185833,-13.216795428675049,0.3238087758726003,-11.5627884743165,13.82407139272106,-30.60906842138086,-6.104189098337475
210,-3.518413878825246,-13.628365802521609,3.7491749658876534,-17.376042040026917,-20.623972999806305,-6.9534540310197945,-8.83585559531134,-6.342104224526152,9.81692045197195,7.1439551759739315,-14.174508921954097,-7.717854378174763,-3.0009961128234863,6.474507533774084
211,8.578956096756215,2.812230903275159,15.86699092388153,26.79846074751445,0.957016467439885,-11.583547056329493,11.26216003190422,3.040799931604035,-9.567554242756902,2.152286802019392,5.379466360929061,12.839625616462863,-1.8265705132971004,-7.834845054514554
212,25.856315466062146,9.921887968267713,26.873371132782527,-10.477803406666736,19.022711856024607,14.880557550459493,16.293119427652993,8.355848713188756,5.522966530858254,1.8670342868688155,10.080313040285695,25.994024790063197,20.02124359952856,6.150677170072283
213,42.11831566022367,6.21078765422714,8.007033613871554,24.91375625620083,45.490550554528525,6.909443340739426,18.86317949757284,6.330695344838409,23.40005628916682,11.49317593294747,24.45458721871279,28.14885136059352,26.462743013489003,4.759151532333725
214,27.58962685417156,20.158478576309825,5.933227712022407,7.193269098899802,36.610965268952505,8.693430483341217,3.600559359302326,6.2793590140586,9.046311028149663,20.996644709791457,13.95800900945858,-12.543578597964073,11.551496449173714,13.737110215790418
215,-0.5736762260904118,-14.119881274748822,-1.6483384687073377,34.541670139955016,-1.89061808951047,0.6625136039694961,-7.847107964662873,-7.3295259871044935,6.9364122833524435,-0.6679300313093224,-10.13211614866646,0.8765281828082337,-8.600353060936442,4.262832006629632
216,-17.992641608629906,-9.96973311353703,-19.085724496415683,-6.45899464463701,-21.292407372776342,10.951055839353678,-11.898642204549848,-7.3211325224565,-8.748245793945935,-0.49229718288596797,-17.518202317004302,18.330210868193177,-28.013981040643188,-7.52506345753767
217,-42.35110902786255,-17.908830682842098,-34.85091678646146,-3.783485544446324,-44.176211238211515,-10.041815205496185,-25.959172346154038,-6.229640318422901,-4.096557785661853,-0.9954530499419387,-41.88181426087204,-8.437736564753006,-35.192366080016505,-6.724273523505853
218,-35.17225261245455,-16.214076924384855,-23.210795887574857,-11.253754170573487,-42.083914209385306,-22.598912254279973,-16.128418480863377,-5.237964454354072,-18.320834047940313,-21.376286307159734,-33.64314293374821,-21.85888719923642,-28.460416660016897,4.67391269790883
219,-28.417572525691014,-9.331902168235,-23.82303140540512,4.587317470385104,-52.421940775246036,5.763772957787221,-16.844689237828156,-8.275815665721893,-4.537862876240088,-26.108445809051698,-15.033718978872104,-29.272616523869182,-22.29613302556836,8.80202260066052
220,-30.113622170321797,-21.69007972977599,-17.189742786847816,-2.9277293852397372,-40.04889289700255,-8.00005556977525,-9.320577421662758,5.413051069999228,-2.2109418207285354,-19.374254240065206,-24.66288871667823,-12.788516129766192,-16.057861656558757,3.1359447265157896
221,-18.862558668973495,-0.8660272642665979,-23.815678611093638,-25.822296687534877,-26.919495404983053,4.322111680191391,-4.720445355590509,1.338662270608605,11.37709780371919,-7.823816016012309,-34.16786683213954,-1.2498253584288213,3.839136309769689,-3.5488399486152495
222,-3.960723195757185,-12.422531916170705,-11.645435268173413,1.2136388311580735,-22.39113614814622,2.259004511395279,7.1693494344244195,-5.172304869914542,6.375816873749908,-11.386915513447352,-14.411502689731364,-13.44310077842401,1.0324058581371696,7.9337824397169205
223,1.6630221992655068,-4.140547672096564,11.466914995592468,-2.4690337619002984,-6.1618390465725446,-6.65322031263186,2.034717547384148,-2.3944898504687817,9.948814484994022,-6.802536615303585,2.6364935490549826,-15.00718506988214,6.2681282033421555,-4.755659764214438
224,7.947123022559954,-1.6778036039702746,-7.6212131898013915,2.588727831840515,7.393625895587766,-1.8747172404308707,-1.6658210048870163,5.386372235356545,5.857547511859816,9.307614146446696,14.591224055205073,31.424503876238454,21.776965508655625,-0.3076590956473837
225,13.07494444050351,-8.321458748408727,-0.8300212719002549,7.093658369718765,23.676610513609283,-6.458520925774867,2.907688225106317,6.6397095973394356,-0.6664683958325459,-1.249693137650587,8.796345817799471,13.605733331368894,11.975998352984993,6.651230430116459
226,7.399504320962088,-8.59209713643911,-7.992837720987748,-29.01801132304328,-1.1498422716953316,17.90684848902177,-11.902787023965193,9.200408860736964,2.579535133984624,2.8908130794155356,0.07533528731793773,-14.442086161399374,-5.841340129472772,-2.590202480858686
227,-8.048762136576126,9.064966688350756,-4.008177003081964,0.9159235674507764,-1.8338021818472414,-2.9873570854566536,-5.331325617371773,5.783544204672989,-6.67280448638663,-4.061067948916128,-17.88363571799531,7.036717580289257,-16.35523206729214,0.7425140215426075
228,-11.53013363663031,-2.212767946476839,-18.422621415585887,-9.613854566398931,-41.41392065189323,-2.3827228138641434,-20.607359501780294,0.17148166529986322,-9.647663698816785,-23.426642831490966,-38.536876029810124,-1.0071288353326369,-30.815380816252866,-14.349217045672086
229,-25.79622778600576,-2.6074856002720033,-38.584882424802196,2.101403840874531,-24.233309621713598,-19.128174763552998,-15.693734803978277,-1.3360327567373003,-4.09541804571541,-0.22383563707069476,-23.302473383898636,-11.115512587586228,-21.666221737253423,-0.050157390078719784
230,-26.142661802622737,-3.1237999289011467,-24.47824346532627,12.136677062937192,-26.72112474149587,-8.966795802116394,-14.295048904662229,-1.479917008049634,-12.75376877675251,0.62278742267161,-21.42748816280949,-10.229055618563173,-43.180580158622895,1.274082627831673
231,-34.15079039943461,-16.39870335739486,-31.745810985565186,-5.638780743491893,-42.31476344867628,9.589275991430087,-22.273911276642156,0.72116305572646,-14.067226040120028,-23.581848791667394,-30.111896595176386,-4.222330163936226,-35.46320247619736,-16.360541346121806
232,-37.68544099282245,-16.323506181945607,-3.6796323766513748,9.787083234714002,-30.61740273845439,-4.182179200405977,-20.62421554935222,-3.370644433918048,5.7663319354154625,-12.151933795943552,-32.76949109349932,-19.298697301319667,-12.311795773554822,-1.5863177569545046
233,-5.944531544130676,-6.230879389509862,-4.307627767932658,-2.812641282470859,-5.645855613813108,-9.225513968844803,-1.6745464958402576,-3.54559440272195,10.528926649872137,-6.166885200811892,2.2394644094973195,-6.9729611958776205,-5.234613374939987,-5.576391561451007
234,-0.43491340656669775,-7.012432876898318,-9.800619113201998,-8.664356540052259,10.87016133751188,-1.3592339480409816,0.9937542451887714,-2.0174180415211893,6.6039624250665,-16.991053094669265,3.0423671700516524,-28.139077400674626,9.215698721457501,-3.4300939720504138
235,-15.328915741066544,2.1608838147046616,-8.639326655134862,11.376810081151067,-10.625447224597542,3.6738663522564634,-8.253331792293762,3.611801370218092,-3.181884527206421,-4.89790756301004,-12.521803826549831,1.0952695243212642,-13.892380270726827,-2.795870308365141
236,-16.056193921030783,-10.18842270422955,-18.620360413376165,6.147651808070285,-28.342514359221166,7.8683881394717154,-16.69641411304474,-5.787454170231917,3.735363850788194,-7.928835439457729,0.3656249697111091,-5.5896997156800055,-3.0035762665223102,3.682373752627446
237,-15.331373818066655,0.6764363099117668,-7.89159762950576,-5.181012556260946,-5.172796903216109,7.785137035408798,-10.312923173515165,1.6668147810411698,-0.9161284943016208,-18.337473779308553,0.6671964878938637,-12.082660120360705,2.7308558456751766,3.5281140025781124
238,-16.12733255965369,-6.913158010767431,-13.9462459852957,-2.936133952773347,-18.774259081908635,-7.97372783933367,-2.3143689352638868,6.453710413404873,-21.065911853800014,-7.69589088401016,1.6480034271977386,-10.373462117448145,-17.70790633559227,-4.906851058407706
239,-8.192104531794179,-18.64537036662199,-10.53671830725305,19.00771084853581,-1.163809919083605,-0.6632641085556575,-14.843437317074562,0.2772469786661012,-5.917993023991585,-3.706774407503556,1.7478727637505045,-3.216614847280541,11.976555077397094,-3.3786057258138853
